resample,real_subspace_capture,null_subspace_capture,delta_subspace_capture,real_corr_neighborhood,null_corr_neighborhood,delta_corr_neighborhood,real_exact_overlap,null_exact_overlap,delta_exact_overlap
0,0.34602851062749473,0.19342772879065373,0.152600781836841,0.45854635327487836,0.3240943724798426,0.13445198079503579,0.25,0.0625,0.1875
1,0.286485236684075,0.19915534955163167,0.08732988713244333,0.38076435821439947,0.3819576162485853,-0.0011932580341858512,0.1875,0.0,0.1875
2,0.42530981294368997,0.22298855089944483,0.20232126204424514,0.5342458796848848,0.3923684643663752,0.14187741531850961,0.375,0.0625,0.3125
3,0.3487030300489157,0.21292378502583081,0.13577924502308486,0.48561279855010936,0.36060594753210484,0.12500685101800452,0.25,0.0625,0.1875
4,0.4337974961559708,0.19808265614420345,0.23571484001176735,0.5524878123767833,0.3470917039628914,0.20539610841389194,0.375,0.0625,0.3125
5,0.328674625018482,0.14249010579340676,0.18618451922507523,0.4509738134879137,0.28745458623845055,0.16351922724946316,0.25,0.0,0.25
6,0.3453266458868798,0.23424905825518605,0.11107758763169373,0.4520531539440498,0.3681984795728458,0.08385467437120403,0.25,0.0625,0.1875
7,0.32848662683468516,0.3211349426160591,0.007351684218626031,0.43066512177314253,0.4449556934590582,-0.014290571685915687,0.25,0.25,0.0
8,0.40534507692589233,0.18796446811156842,0.21738060881432392,0.5412594984531256,0.30998539625962207,0.23127410219350353,0.3125,0.0625,0.25
9,0.3697306172043292,0.1325838579336897,0.2371467592706395,0.47689521577981603,0.2637326893754989,0.21316252640431715,0.3125,0.0,0.3125
10,0.33820221754751434,0.11779205593292455,0.2204101616145898,0.45360961267605626,0.24981440823992312,0.20379520443613314,0.25,0.0,0.25
11,0.5429613498598083,0.160345218795338,0.38261613106447023,0.6513688538971111,0.3158318527045184,0.33553700119259267,0.5,0.0,0.5
12,0.29622812733012815,0.17433402416726618,0.12189410316286198,0.4306296579099374,0.28242330896778706,0.14820634894215035,0.1875,0.0625,0.125
13,0.3342269624171772,0.17278250700641276,0.16144445541076444,0.4599424545693263,0.284631664213175,0.17531079035615132,0.25,0.0625,0.1875
14,0.27090334508167613,0.13078847904474222,0.1401148660369339,0.4250501347899926,0.266260393593471,0.15878974119652162,0.1875,0.0,0.1875
15,0.26561033572437076,0.17659719792833298,0.08901313779603778,0.42050856765955147,0.31629390561903875,0.10421466204051272,0.1875,0.0625,0.125
16,0.357041125316492,0.23164279616733807,0.12539832914915394,0.5197569765090271,0.36271775337092227,0.1570392231381048,0.25,0.125,0.125
17,0.30181087279090546,0.17700774293011526,0.1248031298607902,0.42799186903672226,0.32334611459639623,0.10464575444032603,0.1875,0.0625,0.125
18,0.20077235963788415,0.23429706972060244,-0.03352471008271829,0.2973718710593759,0.37562939550329094,-0.07825752444391504,0.125,0.125,0.0
19,0.32653742191876384,0.18128280173425146,0.14525462018451238,0.44423131130568105,0.32717762377015636,0.1170536875355247,0.25,0.0625,0.1875
20,0.2524378483654657,0.15743089745801936,0.09500695090744632,0.39753223470199495,0.2967442156649384,0.10078801903705653,0.125,0.0,0.125
21,0.4313171059207139,0.23942291644082378,0.1918941894798901,0.5622711851809741,0.39249146078296804,0.16977972439800604,0.375,0.125,0.25
22,0.2591619414976609,0.15592801787056165,0.10323392362709927,0.40772799537819115,0.31906642429329435,0.0886615710848968,0.125,0.0,0.125
23,0.1876420442767222,0.20213046668302453,-0.014488422406302326,0.30595428601807595,0.37315141247872397,-0.06719712646064802,0.0625,0.0625,0.0
24,0.3752612714488829,0.23646708646966058,0.1387941849792223,0.49462390631787856,0.3658007235664772,0.12882318275140137,0.3125,0.125,0.1875
25,0.4139035388759454,0.1966851631818627,0.2172183756940827,0.5524783781976783,0.34201380559778594,0.21046457259989237,0.375,0.0625,0.3125
26,0.2393380193950933,0.15263424475400386,0.08670377464108944,0.34986986909954293,0.311204989160175,0.0386648799393679,0.125,0.0,0.125
27,0.3186511844151189,0.14870841174539573,0.16994277266972319,0.43185864357990345,0.2960941149855659,0.13576452859433752,0.25,0.0,0.25
28,0.3246148313600788,0.20663650477062648,0.11797832658945231,0.4512486371874085,0.35605633298580674,0.09519230420160174,0.25,0.0625,0.1875
29,0.2846872664541286,0.2962154083005283,-0.011528141846399664,0.3986528337237153,0.42366284226695405,-0.02501000854323876,0.1875,0.1875,0.0
30,0.34904540725786287,0.28714285184090593,0.06190255541695694,0.4911498638182201,0.4492869702370086,0.041862893581211535,0.25,0.125,0.125
31,0.3132657526458611,0.14561936146707288,0.1676463911787882,0.42309889519001315,0.2863748031820547,0.13672409200795843,0.25,0.0,0.25
32,0.3932760910787698,0.20524309349726508,0.18803299758150474,0.5104962358160758,0.3797688825933142,0.13072735322276163,0.3125,0.0625,0.25
33,0.37055010139853567,0.16211874972227852,0.20843135167625715,0.4705154475724128,0.28600635192473123,0.1845090956476816,0.3125,0.0625,0.25
34,0.3223049339837608,0.15999319400526354,0.16231173997849727,0.435048662999311,0.3084161105332107,0.12663255246610028,0.25,0.0,0.25
35,0.23635770522187977,0.1453709390903208,0.09098676613155895,0.3691951740513446,0.2741836932290906,0.09501148082225402,0.125,0.0,0.125
36,0.17334117231266158,0.22805386725514568,-0.0547126949424841,0.2789710495231884,0.3704064433717655,-0.09143539384857707,0.0625,0.125,-0.0625
37,0.33767643006423126,0.18990345929619418,0.14777297076803708,0.46570767480277353,0.30524114761243665,0.16046652719033688,0.25,0.0625,0.1875
38,0.28613232255980536,0.14575032893769296,0.1403819936221124,0.4192646505898775,0.28231549045507154,0.13694916013480596,0.1875,0.0,0.1875
39,0.2897499665465767,0.1652933042579782,0.1244566622885985,0.40151946713985764,0.32409103756613844,0.0774284295737192,0.1875,0.0,0.1875
40,0.44173293721214335,0.16907781270434674,0.2726551245077966,0.5605011326610359,0.2945368752279983,0.26596425743303753,0.375,0.0625,0.3125
41,0.4766164824265452,0.19439692612641746,0.28221955630012774,0.5745964477675918,0.3636256748660781,0.21097077290151367,0.4375,0.0625,0.375
42,0.37338072539109657,0.2055735537996079,0.16780717159148867,0.5014049949755721,0.35012302917638227,0.15128196579918984,0.3125,0.0625,0.25
43,0.22401468209377248,0.24584418258859422,-0.02182950049482174,0.3628307197054097,0.3804542466592012,-0.01762352695379149,0.125,0.125,0.0
44,0.27518927472367805,0.24099606730727263,0.03419320741640541,0.40694193857150485,0.36656790357747676,0.040374034994028085,0.1875,0.125,0.0625
45,0.32346232729661384,0.2275436451284305,0.09591868216818333,0.4514449014187809,0.3693367813501811,0.0821081200685998,0.25,0.0625,0.1875
46,0.3137178943209912,0.1601917506639128,0.15352614365707837,0.417652768580987,0.29352733944512865,0.12412542913585833,0.25,0.0625,0.1875
47,0.32674331332142814,0.22068186728305977,0.10606144603836837,0.48717133804028845,0.3365754529931798,0.15059588504710864,0.25,0.125,0.125
48,0.32290660805523347,0.1870393619880798,0.13586724606715367,0.4471264856903313,0.3413086448011639,0.1058178408891674,0.25,0.0625,0.1875
49,0.35918386142885694,0.13014608778526165,0.2290377736435953,0.5043912232353615,0.25889260094569067,0.2454986222896708,0.3125,0.0,0.3125
50,0.32746445951643444,0.16593568951983556,0.16152876999659888,0.4331035466426869,0.3068628375260121,0.1262407091166748,0.25,0.0,0.25
51,0.32281651327641964,0.239956349658931,0.08286016361748863,0.44189765466013065,0.4023070720001787,0.03959058265995197,0.25,0.125,0.125
52,0.37081002944686087,0.19467448909610735,0.17613554035075352,0.481064610101233,0.34015496834726444,0.14090964175396858,0.3125,0.0625,0.25
53,0.15401756844585685,0.18869731630622943,-0.03467974786037259,0.2629176642534326,0.35864620126233066,-0.09572853700889805,0.0,0.0625,-0.0625
54,0.3276038472074342,0.12368739769155118,0.203916449515883,0.4813244262390615,0.24613341591584542,0.2351910103232161,0.25,0.0,0.25
55,0.27353959582920023,0.20158944455284233,0.0719501512763579,0.39465532899112304,0.36113589991140593,0.03351942907971711,0.1875,0.0625,0.125
56,0.40267597069826977,0.29284076953581367,0.1098352011624561,0.5547270171343006,0.4123826223998846,0.142344394734416,0.3125,0.1875,0.125
57,0.22908676536755507,0.14555987583308644,0.08352688953446863,0.37035388692983195,0.28188699049134514,0.08846689643848682,0.125,0.0,0.125
58,0.23316683140892086,0.20455681121279634,0.02861002019612452,0.3644680227023974,0.35996730082404926,0.004500721878348157,0.125,0.0625,0.0625
59,0.44941293157759193,0.19865784739330689,0.25075508418428505,0.560709760296599,0.3462390868086754,0.21447067348792365,0.375,0.0625,0.3125
60,0.2644461186847709,0.1725032751330463,0.0919428435517246,0.4163146730363329,0.31028654172325243,0.10602813131308048,0.125,0.0,0.125
61,0.43997761402371405,0.24188482057405755,0.1980927934496565,0.5457624742332496,0.3869433030354428,0.15881917119780686,0.375,0.125,0.25
62,0.3327658576440099,0.19284915421556395,0.13991670342844595,0.47758257188405706,0.3100105470873324,0.16757202479672467,0.25,0.0625,0.1875
63,0.379997671199803,0.3005220187812185,0.07947565241858451,0.5204257520388047,0.43844160701238755,0.08198414502641715,0.3125,0.1875,0.125
64,0.2973843662934962,0.18532772184247476,0.11205664445102143,0.4130382892469655,0.29857701004442405,0.11446127920254145,0.1875,0.0625,0.125
65,0.54077429714238,0.1859762637974111,0.3547980333449689,0.6390754198842286,0.31895567200543695,0.3201197478787916,0.5,0.0625,0.4375
66,0.38234604695102176,0.1327393941498455,0.24960665280117625,0.529835561256565,0.26332020067999407,0.2665153605765709,0.3125,0.0,0.3125
67,0.2569666215495119,0.18758197735456847,0.06938464419494342,0.36958978992432956,0.3323473011484329,0.03724248877589664,0.1875,0.0625,0.125
68,0.37541579205998843,0.23767866990912653,0.1377371221508619,0.48363757575372296,0.4229874208554997,0.060650154898223285,0.3125,0.0625,0.25
69,0.29253428550470956,0.15961807763473462,0.13291620786997493,0.40842757017224884,0.30380207873129594,0.1046254914409529,0.1875,0.0,0.1875
70,0.10247987190864064,0.12419342016769581,-0.02171354825905518,0.21174613125039926,0.2548973388479968,-0.04315120759759755,0.0,0.0,0.0
71,0.22795391002502347,0.18765632670619709,0.04029758331882638,0.3629845405827181,0.3276496437542864,0.03533489682843172,0.125,0.0,0.125
72,0.3810234631438605,0.21725104221672603,0.16377242092713445,0.5005645414965003,0.3856818393497875,0.11488270214671281,0.3125,0.0625,0.25
73,0.23147815575684227,0.19049118639331517,0.04098696936352711,0.36744063122359893,0.35412783283295035,0.013312798390648584,0.125,0.0625,0.0625
74,0.4736024927322407,0.2223782076167731,0.25122428511546757,0.598499748834248,0.3436819506057024,0.25481779822854556,0.4375,0.125,0.3125
75,0.2911193691960605,0.12009128795833546,0.17102808123772506,0.4474228766018483,0.23883245374362533,0.208590422858223,0.1875,0.0,0.1875
76,0.4544735658931325,0.24204436912799515,0.21242919676513733,0.571696032974792,0.3779167411979869,0.19377929177680508,0.375,0.125,0.25
77,0.379314150457876,0.17725208435027925,0.20206206610759672,0.4934905919997821,0.3128436653822131,0.18064692661756904,0.3125,0.0625,0.25
78,0.32198844268183596,0.13709976724731338,0.1848886754345226,0.4722010572898589,0.2917093267731514,0.18049173051670747,0.25,0.0,0.25
79,0.23786842299824917,0.17583609673133746,0.062032326266911714,0.3908514717092869,0.3074290068124397,0.08342246489684724,0.125,0.0625,0.0625
80,0.30810793933490654,0.23465903809588137,0.07344890123902517,0.4183229076787413,0.37338551480008364,0.04493739287865767,0.25,0.125,0.125
81,0.20848101603055785,0.20908995281607784,-0.0006089367855199868,0.3403570715030637,0.3618115144159312,-0.021454442912867466,0.0625,0.0625,0.0
82,0.22140145525591035,0.20798342510222764,0.013418030153682703,0.33789323376580815,0.37023697757342666,-0.03234374380761851,0.125,0.0625,0.0625
83,0.3275064739020942,0.18463753041494135,0.14286894348715284,0.43687138088751076,0.36718801817011787,0.0696833627173929,0.25,0.0,0.25
84,0.32694917072496743,0.16255656177961103,0.1643926089453564,0.4557338855309843,0.28300079141285633,0.17273309411812798,0.25,0.0625,0.1875
85,0.33907329168588773,0.17302725539474223,0.1660460362911455,0.4739155294980346,0.324479302066848,0.14943622743118662,0.25,0.0625,0.1875
86,0.2173493722208732,0.16546333071175615,0.05188604150911705,0.33594512892196404,0.3284305580822829,0.007514570839681156,0.125,0.0,0.125
87,0.4111952637456372,0.21725184850716545,0.19394341523847175,0.5458698241159246,0.40728508183260775,0.1385847422833168,0.375,0.0625,0.3125
88,0.24483102221047592,0.21011818189582723,0.03471284031464869,0.39703896168415365,0.3622264806311418,0.03481248105301182,0.125,0.0625,0.0625
89,0.4287145756749362,0.2194278729253413,0.2092867027495949,0.5409687709552724,0.3882595997138202,0.15270917124145222,0.375,0.0625,0.3125
90,0.26715057563409067,0.17807147004871537,0.0890791055853753,0.4070814290397929,0.33731415981646135,0.06976726922333154,0.1875,0.0625,0.125
91,0.3892553765239964,0.1544073478604674,0.234848028663529,0.5169709871173518,0.30141250140970377,0.21555848570764802,0.3125,0.0,0.3125
92,0.43987724983274457,0.34281668262718523,0.09706056720555933,0.5508700094609373,0.47452981134425487,0.07634019811668247,0.375,0.25,0.125
93,0.23860784096196577,0.19070416400370288,0.04790367695826289,0.37337214392163043,0.33791549596476345,0.03545664795686698,0.125,0.0625,0.0625
94,0.33215807764788635,0.2841428819541728,0.04801519569371354,0.47466531902416453,0.421063718851701,0.053601600172463515,0.25,0.1875,0.0625
95,0.320574231782157,0.20699700965985401,0.11357722212230298,0.44386172931528767,0.3518309234629465,0.09203080585234119,0.25,0.0625,0.1875
96,0.26559639597250906,0.14739121841391783,0.11820517755859122,0.42125424689470536,0.28656274307188123,0.13469150382282413,0.1875,0.0,0.1875
97,0.1995490074360699,0.24087141790157546,-0.041322410465505555,0.29700959769156765,0.36317332764952404,-0.06616372995795639,0.125,0.125,0.0
98,0.41852881618251436,0.17889547035953912,0.23963334582297524,0.5422615491467515,0.31654741755746185,0.22571413158928966,0.3125,0.0625,0.25
99,0.3759112829645297,0.128016691411471,0.24789459155305868,0.5027987580148363,0.24706902165257377,0.25572973636226254,0.3125,0.0,0.3125
100,0.14240109957511038,0.1632081119721337,-0.020807012397023317,0.26126744710985134,0.2844148433748073,-0.02314739626495599,0.0,0.0625,-0.0625
101,0.5788788425799878,0.19588428265488722,0.38299455992510056,0.6700535301233252,0.3400918982329387,0.3299616318903865,0.5625,0.0625,0.5
102,0.43778230227399095,0.21000884928160124,0.2277734529923897,0.540970471871164,0.3691806090055851,0.1717898628655789,0.375,0.0625,0.3125
103,0.4558252145893184,0.17951502507082515,0.2763101895184933,0.6071149762608974,0.35546059400401175,0.25165438225688563,0.375,0.0,0.375
104,0.41530058242388035,0.2047263704031026,0.21057421202077775,0.5122044156086394,0.3856970276835235,0.1265073879251159,0.375,0.0625,0.3125
105,0.3146417372490231,0.18921278365225128,0.12542895359677184,0.41187243507963467,0.34551040552604495,0.06636202955358972,0.25,0.0625,0.1875
106,0.3690891265882995,0.20026243427904084,0.16882669230925867,0.5187392988913226,0.34443212920481336,0.17430716968650928,0.3125,0.0625,0.25
107,0.27400353509344366,0.2409964529587108,0.03300708213473286,0.3814798020770467,0.4036383305420739,-0.022158528465027194,0.1875,0.125,0.0625
108,0.27125399143491336,0.2086885201285447,0.06256547130636866,0.4209597049683476,0.3465833293066424,0.07437637566170524,0.1875,0.0625,0.125
109,0.26243853958468233,0.19332747942148404,0.06911106016319829,0.38059085142865157,0.36812812077778684,0.012462730650864728,0.1875,0.0,0.1875
110,0.2646741748289429,0.1837078999573327,0.0809662748716102,0.38400960999501543,0.3511844282289771,0.032825181766038325,0.1875,0.0,0.1875
111,0.2888483114059133,0.1520825766901703,0.13676573471574302,0.4156784102517635,0.28814038761848493,0.12753802263327857,0.1875,0.0,0.1875
112,0.3802575954177424,0.15253681367830196,0.22772078173944044,0.48956454886870876,0.3159942031598774,0.17357034570883134,0.3125,0.0,0.3125
113,0.22762547816214462,0.2823072189217566,-0.05468174075961196,0.34497166675918856,0.4466116045587881,-0.10163993779959957,0.125,0.125,0.0
114,0.32909117712059266,0.1662120418349872,0.16287913528560546,0.4683336113223925,0.30373720521146724,0.16459640611092524,0.25,0.0,0.25
115,0.4206450396642102,0.19185533472607816,0.22878970493813203,0.5524362414264976,0.3176860328711041,0.23475020855539352,0.375,0.0625,0.3125
116,0.35126583253131843,0.225216646477757,0.12604918605356144,0.47609730186099736,0.3808692206221042,0.09522808123889315,0.25,0.125,0.125
117,0.4791216237736977,0.19690938273889583,0.2822122410348019,0.573232242493645,0.3385789376363746,0.23465330485727043,0.4375,0.0625,0.375
118,0.18918383085192061,0.25629863687106014,-0.06711480601913952,0.3409008449111805,0.422617559885275,-0.0817167149740945,0.0625,0.125,-0.0625
119,0.2859299479023877,0.19417415619169007,0.09175579171069762,0.4404754915378742,0.3206427185188951,0.1198327730189791,0.1875,0.0625,0.125
120,0.3205289681769048,0.1509449529916948,0.16958401518521,0.44374060554381084,0.29814901488032775,0.1455915906634831,0.25,0.0,0.25
121,0.43450370496333046,0.15263387658831123,0.2818698283750192,0.5409801741088854,0.3105783145618756,0.2304018595470098,0.375,0.0,0.375
122,0.38095558623041137,0.22559868268387828,0.1553569035465331,0.49653638100875686,0.36700814498054923,0.12952823602820762,0.3125,0.0625,0.25
123,0.2791181674177024,0.1884324873197541,0.0906856800979483,0.40727454282906705,0.3206112613267669,0.08666328150230013,0.1875,0.0625,0.125
124,0.18419738501035787,0.2484250369859235,-0.06422765197556562,0.3344270130042418,0.36172008412950846,-0.027293071125266632,0.0625,0.0625,0.0
125,0.30233416743166996,0.2979421995189976,0.004391967912672379,0.42340060293004855,0.46260285671065704,-0.03920225378060849,0.25,0.1875,0.0625
126,0.30123090860421176,0.19233757360459666,0.1088933349996151,0.44812512111318287,0.3205853726558426,0.12753974845734029,0.1875,0.0625,0.125
127,0.21652166261642858,0.30258086374790905,-0.08605920113148047,0.33163414630680516,0.41916254002530084,-0.08752839371849569,0.125,0.1875,-0.0625
128,0.25519317799008323,0.14152957763222573,0.1136636003578575,0.3819976065208742,0.2643981473952175,0.11759945912565672,0.1875,0.0,0.1875
129,0.33068605685801294,0.20871946611595935,0.1219665907420536,0.4776701372920971,0.3357338079128068,0.1419363293792903,0.1875,0.125,0.0625
130,0.2166088009624537,0.26943166395004314,-0.05282286298758945,0.341984045617122,0.4396616746660311,-0.09767762904890914,0.125,0.125,0.0
131,0.39485702060099204,0.3137590110042359,0.08109800959675612,0.5308224436722448,0.46352026641624067,0.06730217725600418,0.3125,0.1875,0.125
132,0.3151581868389143,0.25375013100525323,0.061408055833661046,0.42793868023028814,0.3813873258029017,0.04655135442738645,0.1875,0.125,0.0625
133,0.3212592995448611,0.16119487260397847,0.16006442694088263,0.4209313916484772,0.2776725865455172,0.14325880510296002,0.25,0.0625,0.1875
134,0.38297584546201247,0.17044065960552732,0.21253518585648515,0.5158639938040069,0.3268257646672724,0.18903822913673451,0.3125,0.0,0.3125
135,0.21227799044434956,0.117704726613267,0.09457326383108255,0.3256893619487986,0.24331566121121517,0.08237370073758343,0.125,0.0,0.125
136,0.4406585577366009,0.15701083707031058,0.2836477206662903,0.5586235284519379,0.30611694860341965,0.2525065798485182,0.375,0.0,0.375
137,0.1945712705762294,0.20768621208080112,-0.013114941504571737,0.31183383701657835,0.3703757235814522,-0.05854188656487386,0.125,0.0625,0.0625
138,0.47863890684259347,0.14652400203555507,0.3321149048070384,0.5784813726732406,0.27027860040408724,0.3082027722691534,0.4375,0.0,0.4375
139,0.18052870433756535,0.18490255671797778,-0.004373852380412435,0.31156476972059655,0.3743149143518753,-0.06275014463127876,0.0625,0.0,0.0625
140,0.32645695585745316,0.16080898470341645,0.1656479711540367,0.4231660439807836,0.29801016208984843,0.12515588189093518,0.25,0.0,0.25
141,0.3334321136037224,0.2225129395761913,0.11091917402753107,0.48640183592757047,0.3598357950909301,0.12656604083664036,0.25,0.125,0.125
142,0.3854006106426023,0.16178448170895596,0.22361612893364632,0.5244032400842609,0.29714292760688577,0.2272603124773751,0.3125,0.0,0.3125
143,0.3828083587709323,0.272954562531171,0.10985379623976127,0.5007736269926961,0.41767255120773716,0.08310107578495896,0.3125,0.1875,0.125
144,0.36975547508319484,0.24470430239274293,0.1250511726904519,0.45944551131953393,0.37119439058536385,0.08825112073417007,0.3125,0.125,0.1875
145,0.28642375597159453,0.23495447683675127,0.051469279134843254,0.3974707789654074,0.3478676688485727,0.049603110116834714,0.1875,0.125,0.0625
146,0.26170453992789006,0.19957904158250128,0.062125498345388774,0.36605359484668265,0.34098568342201696,0.02506791142466569,0.1875,0.0,0.1875
147,0.27570752873671756,0.17666921649749628,0.09903831223922127,0.3868579491488431,0.31386234949886077,0.07299559964998231,0.1875,0.0625,0.125
148,0.3237529381362662,0.1542041199660448,0.1695488181702214,0.43897788113963443,0.2726426682681863,0.16633521287144815,0.25,0.0,0.25
149,0.3442379851150199,0.19341643729129898,0.15082154782372093,0.4910850588594384,0.32662362719276117,0.1644614316666772,0.1875,0.0625,0.125
150,0.27945672850589715,0.13282039928888928,0.14663632921700787,0.40050544875332816,0.27864420370790854,0.12186124504541962,0.1875,0.0,0.1875
151,0.41982405233466114,0.24460592495222666,0.17521812738243447,0.5370579752749346,0.38091789436772505,0.15614008090720954,0.375,0.125,0.25
152,0.22132748036747496,0.23140706115632773,-0.010079580788852766,0.34671246578623655,0.3888922391049076,-0.042179773318671065,0.125,0.125,0.0
153,0.25768441690533567,0.18951185105479335,0.06817256585054232,0.41498165970558165,0.30866804774625717,0.10631361195932448,0.125,0.0625,0.0625
154,0.3180693297567733,0.15003964108636555,0.16802968867040777,0.4233556915216681,0.307346627336202,0.11600906418546608,0.25,0.0,0.25
155,0.2477775317132041,0.17293024897347403,0.07484728273973007,0.3649110154489812,0.32293738471595645,0.041973630733024736,0.125,0.0,0.125
156,0.32387978161200315,0.1646996078269458,0.15918017378505736,0.47944781097662004,0.29311252807289906,0.18633528290372098,0.25,0.0625,0.1875
157,0.18119226061910354,0.2195627215812988,-0.03837046096219526,0.32074316995948876,0.3785116275710616,-0.05776845761157284,0.0625,0.0625,0.0
158,0.42592443213160724,0.10635585172451423,0.319568580407093,0.5530433227299236,0.21790109384689543,0.3351422288830282,0.375,0.0,0.375
159,0.4277958488972009,0.13980195071996446,0.2879938981772364,0.5240529739597086,0.2706525314619397,0.25340044249776894,0.375,0.0,0.375
160,0.22950412289950303,0.1658194957441182,0.06368462715538484,0.3714777471070079,0.3283481550874422,0.04312959201956573,0.125,0.0,0.125
161,0.3232982522136263,0.19406354968228817,0.12923470253133812,0.4396060759886332,0.34737759487238257,0.09222848111625065,0.25,0.0625,0.1875
162,0.4745278771851473,0.19247032587746365,0.2820575513076836,0.5854165675096439,0.3419834546947665,0.2434331128148774,0.4375,0.0625,0.375
163,0.26961921282558343,0.17532973498439203,0.0942894778411914,0.3905523158681926,0.31562636929012944,0.07492594657806317,0.1875,0.0625,0.125
164,0.42324527452345106,0.18872922107238677,0.2345160534510643,0.5671956894710088,0.3236377304453901,0.24355795902561872,0.375,0.0625,0.3125
165,0.2962940497633001,0.11886595018205265,0.17742809958124744,0.4241730391029823,0.24542198985442487,0.17875104924855745,0.1875,0.0,0.1875
166,0.4319523352077057,0.1593924674568441,0.2725598677508616,0.5689927857762391,0.30312046054245484,0.2658723252337843,0.375,0.0,0.375
167,0.27023874757038135,0.14449461220125134,0.12574413536913,0.3847666364492272,0.28508517734125927,0.09968145910796794,0.1875,0.0,0.1875
168,0.4444099390956161,0.1532570707654316,0.2911528683301845,0.5708684227718586,0.2888340619144638,0.28203436085739475,0.375,0.0,0.375
169,0.390701440881794,0.13604744260795346,0.2546539982738405,0.49295382010981825,0.25720195881673946,0.2357518612930788,0.3125,0.0,0.3125
170,0.39749614904127656,0.2664821544195718,0.13101399462170477,0.5193339336320256,0.4457596330659183,0.07357430056610731,0.3125,0.125,0.1875
171,0.19781808415279933,0.18832507277709587,0.009493011375703464,0.30897575686507484,0.332664120293991,-0.02368836342891617,0.0625,0.0625,0.0
172,0.3213632590208684,0.1361921697938515,0.1851710892270169,0.456810021387661,0.28435541896220584,0.17245460242545518,0.25,0.0,0.25
173,0.3700930541247963,0.16915399904332779,0.20093905508146853,0.5095000659326208,0.3436402000578717,0.16585986587474905,0.3125,0.0,0.3125
174,0.36103465428323334,0.18854994966203897,0.17248470462119436,0.4684922655371526,0.33413768363409463,0.134354581903058,0.3125,0.0625,0.25
175,0.2819715879880411,0.2284047880070162,0.053566799981024926,0.39809219577203525,0.37588871653479083,0.022203479237244417,0.1875,0.0625,0.125
176,0.2749444174485232,0.19274398927481648,0.08220042817370674,0.4067383554889209,0.35264084552268404,0.054097509966236856,0.1875,0.0625,0.125
177,0.21044260607069928,0.2280165801852853,-0.017573974114586027,0.3742224224352581,0.38813095495288774,-0.013908532517629635,0.0625,0.125,-0.0625
178,0.31801180053846967,0.2648631347921266,0.05314866574634308,0.4284359598902846,0.3712994033748339,0.05713655651545069,0.25,0.1875,0.0625
179,0.1859140600121552,0.13644198088442133,0.04947207912773388,0.30388319484690307,0.25234664267391965,0.05153655217298342,0.0625,0.0,0.0625
180,0.38873976154748685,0.15737967890236404,0.2313600826451228,0.5169787409017237,0.3041751922607564,0.2128035486409673,0.3125,0.0,0.3125
181,0.2789557313064027,0.238045252010415,0.040910479295987734,0.42258479221562084,0.36110153978741616,0.06148325242820468,0.1875,0.125,0.0625
182,0.20619393451680915,0.22732527697677843,-0.021131342459969282,0.3201488225644632,0.3699477456608611,-0.049798923096397885,0.0625,0.0625,0.0
183,0.28612534823655644,0.18615748343685518,0.09996786479970127,0.40906491532546785,0.32272402679337014,0.0863408885320977,0.1875,0.0625,0.125
184,0.3760637474242481,0.19194836331700793,0.18411538410724015,0.4911228840761544,0.31431937323585074,0.17680351084030366,0.3125,0.0625,0.25
185,0.23989647026534242,0.23849147046121433,0.0014049998041280876,0.36581623428768867,0.37380805723169486,-0.007991822944006188,0.125,0.125,0.0
186,0.1767652187927114,0.15849107287198155,0.018274145920729845,0.30343063982638485,0.31719557928653463,-0.013764939460149783,0.0625,0.0,0.0625
187,0.27360338881129,0.2501015500791417,0.023501838732148284,0.3941719298095073,0.3831371147233785,0.011034815086128802,0.1875,0.125,0.0625
188,0.44079080030061424,0.1609406000001204,0.27985020030049385,0.5397813893337018,0.3355501725624034,0.2042312167712984,0.375,0.0,0.375
189,0.22523203889427962,0.22406457576366157,0.0011674631306180516,0.32463078418521246,0.384683611058932,-0.060052826873719545,0.125,0.0625,0.0625
190,0.3600589641168932,0.12564815806910504,0.23441080604778816,0.48981347636716754,0.24529437012332614,0.2445191062438414,0.25,0.0,0.25
191,0.40143552837011776,0.2334249897691738,0.16801053860094395,0.5444438287575015,0.3870290496623665,0.15741477909513502,0.3125,0.0625,0.25
192,0.37348142108823545,0.2836216822702062,0.08985973881802928,0.4700690240305395,0.3930465533641696,0.07702247066636991,0.3125,0.125,0.1875
193,0.364833317528707,0.22008183257808014,0.14475148495062687,0.5068640317634397,0.3404219433968732,0.16644208836656654,0.25,0.0625,0.1875
194,0.27284587717960973,0.27108750688664257,0.0017583702929671596,0.3847052551030174,0.4189435894870859,-0.03423833438406848,0.1875,0.1875,0.0
195,0.2768772199556662,0.12698071194108465,0.14989650801458157,0.3944178769643921,0.25724053354284837,0.13717734342154375,0.1875,0.0,0.1875
196,0.330265759221185,0.21597361472982196,0.11429214449136305,0.4336242195499771,0.35212270584230376,0.08150151370767333,0.25,0.0625,0.1875
197,0.33694781032053317,0.15376793884500142,0.18317987147553175,0.48544426025240894,0.26678332886100103,0.2186609313914079,0.25,0.0,0.25
198,0.1973026209323152,0.21470964513292845,-0.01740702420061324,0.33713311505521387,0.371688755231969,-0.03455564017675511,0.0625,0.0625,0.0
199,0.4310030642963275,0.34499108457506156,0.08601197972126595,0.5408073567595219,0.4642976619277672,0.07650969483175463,0.375,0.25,0.125
200,0.22416927147305846,0.20204872922064737,0.022120542252411085,0.3561504458981345,0.32342869683561004,0.03272174906252445,0.125,0.0625,0.0625
201,0.3821396831743279,0.19110206158387683,0.19103762159045107,0.4956397797303851,0.3638489258058562,0.13179085392452888,0.3125,0.0625,0.25
202,0.21947356998620302,0.1327224950311804,0.08675107495502263,0.37030783454593674,0.26740268137292555,0.10290515317301119,0.0625,0.0,0.0625
203,0.21172910643839327,0.1340052078745344,0.07772389856385886,0.33854553390657116,0.2927705404122849,0.045774993494286265,0.125,0.0,0.125
204,0.2718131837668777,0.19101000194040968,0.080803181826468,0.43186589591107605,0.3478188137232725,0.08404708218780355,0.125,0.0625,0.0625
205,0.2641498955709808,0.18143267752224096,0.08271721804873983,0.38314303090738877,0.3301835422842955,0.0529594886230933,0.1875,0.0625,0.125
206,0.26917944578866,0.19910281146549877,0.07007663432316122,0.37873933931525083,0.3589995304036193,0.019739808911631518,0.1875,0.0625,0.125
207,0.31503762837460675,0.23126309194386244,0.08377453643074431,0.4663245964918855,0.3640786939451881,0.10224590254669741,0.1875,0.125,0.0625
208,0.3860743458633847,0.15663660822617437,0.22943773763721032,0.5081855916323086,0.2986620998566113,0.2095234917756973,0.3125,0.0,0.3125
209,0.29938717650442803,0.13013227505040792,0.1692549014540201,0.4564941770864309,0.26543952119557257,0.19105465589085835,0.1875,0.0,0.1875
210,0.3278291496522402,0.19064399465930906,0.13718515499293113,0.43307594337447414,0.339316378146286,0.09375956522818812,0.25,0.0625,0.1875
211,0.31288181381193747,0.13878981134082558,0.1740920024711119,0.45278141841112435,0.26410840100718336,0.188673017403941,0.1875,0.0,0.1875
212,0.33313085868280723,0.15833010718701837,0.17480075149578886,0.47765188403319164,0.338197447079309,0.13945443695388265,0.25,0.0,0.25
213,0.511595089384768,0.211086967160972,0.3005081222237961,0.6475227203640392,0.39115405935142206,0.2563686610126172,0.4375,0.0625,0.375
214,0.4953019803155902,0.137837597879915,0.3574643824356752,0.5959398395826654,0.27499126841543187,0.3209485711672335,0.4375,0.0,0.4375
215,0.2219914211419243,0.13094433386147564,0.09104708728044866,0.34173145698232776,0.25071966958640857,0.0910117873959192,0.125,0.0,0.125
216,0.37623183700168883,0.24117956483306485,0.13505227216862398,0.4928945290222182,0.3903777110281571,0.1025168179940611,0.3125,0.125,0.1875
217,0.39057708181405576,0.17917245625651856,0.2114046255575372,0.5230546170609904,0.31617393665463334,0.2068806804063571,0.3125,0.0625,0.25
218,0.25024251764938277,0.1921860940771054,0.05805642357227736,0.40575477782567004,0.3330458961310496,0.07270888169462042,0.125,0.0625,0.0625
219,0.16482378330518407,0.2605140393282191,-0.09569025602303502,0.288529811905049,0.40215371456896526,-0.11362390266391625,0.0625,0.125,-0.0625
220,0.2764978553605622,0.19743084400460492,0.07906701135595728,0.38133797634894084,0.3420115648618003,0.039326411487140556,0.1875,0.0625,0.125
221,0.43042478786372257,0.10044760181738335,0.3299771860463392,0.5398674000786123,0.20806640959543285,0.33180099048317946,0.375,0.0,0.375
222,0.297533233932634,0.18372288361954311,0.11381035031309086,0.4228292049248275,0.3082130564967128,0.11461614842811468,0.1875,0.0625,0.125
223,0.31672194096517026,0.23421008159296552,0.08251185937220473,0.43259933934726025,0.36501951439862956,0.06757982494863068,0.25,0.125,0.125
224,0.3881254339401068,0.19049592599273246,0.19762950794737433,0.482762234742545,0.32469217072850887,0.15807006401403612,0.3125,0.0625,0.25
225,0.3743943429305352,0.19866174486379906,0.17573259806673613,0.4998330247708285,0.3534035365999636,0.14642948817086493,0.3125,0.0625,0.25
226,0.32648162040053286,0.19590103679112206,0.1305805836094108,0.4602514908899351,0.3223352517575796,0.1379162391323555,0.25,0.0625,0.1875
227,0.46176619564734694,0.1675733523393388,0.29419284330800816,0.5593535590206944,0.3237989471306665,0.2355546118900279,0.4375,0.0,0.4375
228,0.23808662529673344,0.1837560295465135,0.05433059575021995,0.3625141019097259,0.29391732556429073,0.06859677634543515,0.125,0.0625,0.0625
229,0.20618130800117312,0.18696429605018233,0.019217011950990792,0.36181294568564504,0.3488194883686231,0.01299345731702195,0.0625,0.0625,0.0
230,0.42734053827653773,0.15056638149189386,0.2767741567846439,0.5377241101665267,0.2860372138542539,0.25168689631227276,0.375,0.0,0.375
231,0.3906463916819576,0.20157350103199206,0.18907289064996552,0.527866286545844,0.35096018599316897,0.17690610055267503,0.3125,0.0625,0.25
232,0.28850744261078365,0.1395698817647344,0.14893756084604926,0.4452197482942318,0.2598973185142364,0.18532242977999536,0.1875,0.0,0.1875
233,0.3236720871308141,0.1566993030072611,0.166972784123553,0.44877165884864617,0.28902116194766136,0.1597504969009848,0.25,0.0,0.25
234,0.22212381700118522,0.19405616060449304,0.028067656396692175,0.34019540025763717,0.3294553330339111,0.010740067223726057,0.125,0.0625,0.0625
235,0.30624098043816,0.15724113085622568,0.14899984958193432,0.4579870529085173,0.3051023746200432,0.15288467828847413,0.1875,0.0,0.1875
236,0.3612845990033327,0.24838841276008708,0.11289618624324563,0.4777993275953133,0.36989016239660744,0.10790916519870586,0.3125,0.125,0.1875
237,0.5152478949840149,0.16200000696598688,0.35324788801802803,0.6485084536168565,0.29848316268923136,0.35002529092762513,0.4375,0.0625,0.375
238,0.3775068085661637,0.14768516521302555,0.22982164335313815,0.4738684212967584,0.29712939689624596,0.17673902440051242,0.3125,0.0,0.3125
239,0.3364418035167145,0.15448699123921544,0.18195481227749905,0.46831984189599896,0.3041501784662718,0.16416966342972716,0.25,0.0,0.25
240,0.4171549454727974,0.2162146978571709,0.2009402476156265,0.5331536736871432,0.367985095448487,0.16516857823865616,0.375,0.0625,0.3125
241,0.27882914653883445,0.1976487149856986,0.08118043155313584,0.3825090786084997,0.3413048343390865,0.041204244269413215,0.1875,0.0625,0.125
242,0.3347257756039719,0.24170994962093917,0.09301582598303271,0.4577076755787474,0.38215339640006357,0.07555427917868385,0.25,0.125,0.125
243,0.2789517546229946,0.23813180130074124,0.040819953322253355,0.42288024032037513,0.3980179715927698,0.02486226872760533,0.1875,0.0625,0.125
244,0.2276451399612554,0.18599651433818187,0.04164862562307353,0.3463753486812545,0.3420708612677351,0.004304487413519409,0.125,0.0,0.125
245,0.26786042224722223,0.2892455246453678,-0.02138510239814556,0.4075933990069118,0.4799598913257068,-0.072366492318795,0.1875,0.1875,0.0
246,0.4848903310697663,0.2599370716161081,0.22495325945365824,0.5802256174126129,0.4215328505880079,0.15869276682460504,0.4375,0.0625,0.375
247,0.2884538361055271,0.2415563749654655,0.0468974611400616,0.4206405501368985,0.37178698644260244,0.048853563694296054,0.1875,0.125,0.0625
248,0.1983711189053517,0.3972381144866403,-0.19886699558128862,0.3339455153005777,0.528657703038165,-0.19471218773758725,0.0625,0.3125,-0.25
249,0.47793396982669745,0.18386845269613994,0.2940655171305575,0.5613308750458716,0.31093444715152896,0.2503964278943427,0.4375,0.0625,0.375
250,0.44069556022938267,0.23095375897636256,0.2097418012530201,0.5731601403674831,0.36953299903934966,0.20362714132813342,0.375,0.125,0.25
251,0.37234930410005357,0.14647485517325926,0.2258744489267943,0.49310937527290644,0.2654882301315722,0.22762114514133425,0.3125,0.0,0.3125
252,0.20046883073799945,0.16290061281419232,0.03756821792380713,0.3175617656895459,0.30769205310558306,0.009869712583962853,0.0625,0.0,0.0625
253,0.22481803076822665,0.19401834502255164,0.030799685745675015,0.34260574279740363,0.352020512459686,-0.009414769662282385,0.125,0.0625,0.0625
254,0.23675050519507676,0.24791379570765504,-0.011163290512578278,0.3623347014734549,0.39317166688393423,-0.03083696541047931,0.125,0.125,0.0
255,0.2512660013429029,0.1811662517086733,0.0700997496342296,0.3755293428534049,0.32156723532546766,0.05396210752793723,0.125,0.0625,0.0625
256,0.5291717678456498,0.21094481488138328,0.3182269529642665,0.6582820070442431,0.37285623634129667,0.28542577070294645,0.5,0.0625,0.4375
257,0.39983396057611575,0.15473224092259044,0.2451017196535253,0.5267756757623105,0.29819088826457774,0.2285847874977328,0.3125,0.0,0.3125
258,0.3126543974028112,0.1366143826504329,0.1760400147523783,0.4545809370628731,0.27383079182565334,0.18075014523721977,0.1875,0.0,0.1875
259,0.3325063373580363,0.2901802738313214,0.04232606352671492,0.42076619040187613,0.45069351409172276,-0.02992732368984663,0.25,0.125,0.125
260,0.26069332232447096,0.2493184482603103,0.011374874064160656,0.387119166125825,0.41684879198389,-0.029729625858065045,0.1875,0.125,0.0625
261,0.278801656275085,0.18654276245079193,0.09225889382429309,0.42701040257406575,0.3393570992751359,0.08765330329892984,0.1875,0.0625,0.125
262,0.19062081794098107,0.1433065561490132,0.047314261791967877,0.3130324541490321,0.2882658411035121,0.02476661304551997,0.0625,0.0,0.0625
263,0.29091723631979205,0.17808117476435223,0.11283606155543982,0.4190580262840583,0.3116611611118305,0.1073968651722278,0.1875,0.0625,0.125
264,0.23279644203162492,0.15314516416357438,0.07965127786805054,0.33103596857916895,0.3122008735457217,0.01883509503344727,0.125,0.0,0.125
265,0.296225363998643,0.16325586884034182,0.1329694951583012,0.4531094343441524,0.309197112464073,0.1439123218800794,0.1875,0.0,0.1875
266,0.49028305162555985,0.10376266165387002,0.3865203899716898,0.5928274068907409,0.20627403563868285,0.386553371252058,0.4375,0.0,0.4375
267,0.2177445448086347,0.1655102709488676,0.05223427385976709,0.3245196517159211,0.32126327819330475,0.0032563735226163737,0.125,0.0,0.125
268,0.40991451156350206,0.23581802688281311,0.17409648468068895,0.5098875583424594,0.38506442971034205,0.12482312863211731,0.375,0.125,0.25
269,0.09546872718113238,0.14389807263507,-0.048429345453937636,0.17857729159319397,0.2723361376880391,-0.09375884609484514,0.0,0.0,0.0
270,0.3326947388602135,0.2543180085396918,0.07837673032052173,0.4812649384186357,0.3951771410484003,0.08608779737023542,0.1875,0.125,0.0625
271,0.5365203304984018,0.2213428877618513,0.31517744273655046,0.6186793080648028,0.3842475326867855,0.23443177537801724,0.5,0.0625,0.4375
272,0.324118241452619,0.2235333190811043,0.10058492237151473,0.460758396395266,0.404153874246607,0.05660452214865902,0.25,0.0625,0.1875
273,0.27154524846662575,0.233458027640877,0.03808722082574875,0.40687625003471567,0.3971448299256247,0.009731420109090949,0.1875,0.0625,0.125
274,0.38224831237265644,0.22798463016310702,0.15426368220954942,0.5092035016045747,0.38030394636254716,0.12889955524202756,0.3125,0.0625,0.25
275,0.35053135489890347,0.15204478389461715,0.19848657100428632,0.49309760759907423,0.27351803950083325,0.21957956809824097,0.25,0.0,0.25
276,0.3667958736425957,0.21507129237047334,0.15172458127212235,0.47142098094559426,0.3864291628007721,0.08499181814482215,0.3125,0.0625,0.25
277,0.3826649417690742,0.14669437535939583,0.23597056640967834,0.48064376331399306,0.27492299205400816,0.2057207712599849,0.3125,0.0,0.3125
278,0.30645126398184247,0.20196018841685123,0.10449107556499124,0.4333841904853153,0.3187983929594128,0.11458579752590248,0.25,0.0625,0.1875
279,0.22418393003949424,0.17180231654940145,0.05238161349009279,0.34286344662915513,0.3252333305661824,0.01763011606297271,0.125,0.0,0.125
280,0.308992098101592,0.29531433863863604,0.013677759462955963,0.4150133340183941,0.44876449869117196,-0.03375116467277789,0.25,0.125,0.125
281,0.23234900170833128,0.22193346426499616,0.010415537443335121,0.3575860933275708,0.3435991810171929,0.013986912310377908,0.125,0.125,0.0
282,0.29904218895189033,0.2378634678780522,0.06117872107383812,0.41038529657664824,0.39407971520760354,0.016305581369044697,0.1875,0.125,0.0625
283,0.23854566437725214,0.14454728165741804,0.0939983827198341,0.3534875452024162,0.2881535910208285,0.06533395418158772,0.125,0.0,0.125
284,0.3775793048706154,0.2373624580170751,0.14021684685354033,0.48618242046581456,0.3658811548971091,0.12030126556870546,0.3125,0.125,0.1875
285,0.4103069108431807,0.13266279750495624,0.2776441133382245,0.5646308418807292,0.25460098299788125,0.31002985888284795,0.3125,0.0,0.3125
286,0.4327801787537369,0.18815611571185215,0.24462406304188478,0.5681034875613952,0.3495018169899605,0.21860167057143465,0.375,0.0625,0.3125
287,0.35481039177588797,0.17499760852955815,0.17981278324632982,0.5021278853614636,0.2989909438368932,0.2031369415245704,0.25,0.0625,0.1875
288,0.18327775738548907,0.15960055755805638,0.023677199827432688,0.3181382569398655,0.28864650334148934,0.02949175359837619,0.0625,0.0625,0.0
289,0.20277259534705538,0.2436767718053765,-0.04090417645832112,0.3209189824451433,0.3899962639303963,-0.06907728148525305,0.125,0.125,0.0
290,0.422990318529196,0.190839571890274,0.232150746638922,0.5377637349508531,0.3641182682519037,0.17364546669894937,0.375,0.0,0.375
291,0.4283716908080551,0.2410820871126276,0.1872896036954275,0.5430876168163541,0.3803296824054966,0.1627579344108575,0.375,0.125,0.25
292,0.32696080301370667,0.10779514380490066,0.219165659208806,0.47357093434064945,0.2097544578602023,0.26381647648044715,0.25,0.0,0.25
293,0.18240714535495067,0.16494437869177664,0.017462766663174034,0.32756306875215,0.2851457146589129,0.0424173540932371,0.0625,0.0625,0.0
294,0.20198192642262003,0.14521688913456687,0.056765037288053155,0.3629690669926744,0.30659303900237755,0.05637602799029684,0.0625,0.0,0.0625
295,0.21243197657074922,0.13292264217922994,0.07950933439151928,0.32401782034159543,0.26889452909838824,0.055123291243207195,0.125,0.0,0.125
296,0.28294051956591454,0.14095987326286616,0.14198064630304838,0.406892952903286,0.28476825545525636,0.12212469744802962,0.1875,0.0,0.1875
297,0.25072949508649056,0.14815083108567473,0.10257866400081583,0.3860834585550632,0.27847040086908886,0.10761305768597434,0.125,0.0,0.125
298,0.2801894871966878,0.2077608923920492,0.07242859480463859,0.3990004319635906,0.3667790485618603,0.03222138340173031,0.1875,0.0625,0.125
299,0.4934180147270004,0.18204294215892636,0.31137507256807406,0.5828903809463386,0.3358248861084909,0.24706549483784768,0.4375,0.0625,0.375
300,0.282247819260852,0.18822135610561408,0.09402646315523794,0.4188763200889836,0.31216641585239024,0.10670990423659338,0.1875,0.0625,0.125
301,0.2456626208429989,0.20139428407939675,0.044268336763602145,0.4041823824768787,0.36816502033438203,0.03601736214249668,0.125,0.0625,0.0625
302,0.49044294762506246,0.11366419798698044,0.376778749638082,0.5876849147021477,0.23995357850111204,0.34773133620103563,0.4375,0.0,0.4375
303,0.2988718148677894,0.19103323874296238,0.10783857612482703,0.44815293268287987,0.33492647869848,0.11322645398439984,0.1875,0.0625,0.125
304,0.23279659392019533,0.16812178949548287,0.06467480442471246,0.35574082471980867,0.30980479819428275,0.04593602652552592,0.125,0.0,0.125
305,0.41642974250008724,0.19403769296588202,0.22239204953420522,0.534614159225259,0.38329093677662124,0.15132322244863777,0.375,0.0,0.375
306,0.4179075892736933,0.1696919657785874,0.24821562349510592,0.5551059715597855,0.2989652251363226,0.25614074642346285,0.3125,0.0,0.3125
307,0.19393610903485825,0.19307817419987178,0.0008579348349864735,0.33339312271348187,0.31591187489398376,0.017481247819498114,0.0625,0.0625,0.0
308,0.45150065011767476,0.18556378858994546,0.26593686152772933,0.5562218374716674,0.3225508475539005,0.2336709899177669,0.375,0.0625,0.3125
309,0.30229504901313975,0.14729049655416293,0.15500455245897682,0.44895367521959995,0.27272601379560235,0.1762276614239976,0.1875,0.0,0.1875
310,0.3917031033069997,0.1829921628508605,0.2087109404561392,0.5241299859705002,0.31723692096561273,0.20689306500488747,0.3125,0.0625,0.25
311,0.20838561039296846,0.2567057185833589,-0.048320108190390426,0.34093555992240615,0.415386141588988,-0.07445058166658186,0.125,0.125,0.0
312,0.2903055836526727,0.1792928832731313,0.11101270037954142,0.4373548562353454,0.2938494090271765,0.14350544720816893,0.1875,0.0625,0.125
313,0.25630224769919524,0.28379345935797545,-0.027491211658780212,0.37828254945136364,0.41849708891882387,-0.04021453946746023,0.1875,0.1875,0.0
314,0.293127877120709,0.3141510100381454,-0.021023132917436405,0.4077197874792534,0.4699902399619354,-0.06227045248268198,0.1875,0.1875,0.0
315,0.33098678793884195,0.1339999724167474,0.19698681552209454,0.4585034502074335,0.2611520198093606,0.1973514303980729,0.25,0.0,0.25
316,0.24275136658348306,0.3004231759551548,-0.05767180937167171,0.40930031262395594,0.4131086250080227,-0.0038083123840667588,0.125,0.1875,-0.0625
317,0.2570722253006106,0.18683704853592692,0.07023517676468366,0.41675970745338015,0.3156807858235346,0.10107892162984555,0.125,0.0625,0.0625
318,0.4350773696424712,0.21155368902413424,0.22352368061833694,0.5330303635161822,0.3925687510785556,0.14046161243762656,0.375,0.0625,0.3125
319,0.3957786206709031,0.14603623381970032,0.24974238685120276,0.5191992427611117,0.27757739299641093,0.2416218497647008,0.3125,0.0,0.3125
320,0.248496472306813,0.18961833332753752,0.05887813897927546,0.40162500783880817,0.3264416510812972,0.07518335675751098,0.125,0.0625,0.0625
321,0.26607188926468267,0.24273698129715887,0.0233349079675238,0.39004840393062057,0.3984854957812351,-0.008437091850614531,0.1875,0.0625,0.125
322,0.326747048823447,0.12975216729243988,0.19699488153100714,0.4271726860560283,0.24046567988228493,0.1867070061737434,0.25,0.0,0.25
323,0.3131901684157171,0.1905342508225707,0.12265591759314642,0.44344942902746587,0.30731069484412804,0.13613873418333783,0.25,0.0625,0.1875
324,0.3140855084803241,0.22860504844635865,0.08548046003396548,0.4207451397941273,0.3778920376917754,0.042853102102351937,0.25,0.0625,0.1875
325,0.37998160331414055,0.18118928334454198,0.19879231996959856,0.4832811852920542,0.30193464055889035,0.18134654473316386,0.3125,0.0625,0.25
326,0.23925563626253,0.1846342289775872,0.0546214072849428,0.3780634739805291,0.33779429228447855,0.04026918169605054,0.125,0.0,0.125
327,0.2716795065537236,0.24571749533342874,0.025962011220294845,0.43816495533372257,0.3941073385312698,0.04405761680245279,0.1875,0.125,0.0625
328,0.35350575231900594,0.20468276159899745,0.14882299072000849,0.48932372940424806,0.3366289838780499,0.15269474552619816,0.3125,0.0625,0.25
329,0.2516435394650076,0.19187141412993564,0.05977212533507198,0.3634197639752256,0.33668757139042194,0.026732192584803638,0.125,0.0625,0.0625
330,0.2000827285077231,0.1895988789390553,0.010483849568667797,0.33153029997437056,0.31190463323819084,0.019625666736179714,0.0625,0.0625,0.0
331,0.2347057179285229,0.1551488052943466,0.0795569126341763,0.3614391595419958,0.28012908928689284,0.08131007025510295,0.125,0.0,0.125
332,0.3245653995608587,0.19606961419421967,0.12849578536663905,0.4661872972471298,0.321175749333532,0.14501154791359783,0.25,0.0,0.25
333,0.275485107395797,0.2132635493144207,0.062221558081376305,0.4034728348661396,0.3554406726768521,0.04803216218928752,0.1875,0.0625,0.125
334,0.3896502995687571,0.3097221970325667,0.07992810253619037,0.5032632740308485,0.4694747475580965,0.03378852647275199,0.3125,0.1875,0.125
335,0.20842376153102954,0.18651841385394913,0.02190534767708041,0.3170764593455192,0.3042154211324962,0.01286103821302298,0.125,0.0625,0.0625
336,0.2733472659632492,0.19258095917314838,0.08076630679010083,0.4011249751027012,0.3510405923641619,0.05008438273853927,0.1875,0.0625,0.125
337,0.3272677444791115,0.23230067702910712,0.09496706745000438,0.4388503760543778,0.35735920821574224,0.08149116783863558,0.25,0.125,0.125
338,0.2715516805063063,0.13959687905796517,0.13195480144834112,0.39323355925516135,0.2781495153845646,0.11508404387059673,0.1875,0.0,0.1875
339,0.2920784094009797,0.29946409300282684,-0.0073856836018471594,0.4110240664960022,0.42291194439957247,-0.011887877903570265,0.1875,0.1875,0.0
340,0.49004742113752675,0.1748911014756872,0.31515631966183955,0.5941619441851703,0.30449083238507607,0.28967111180009425,0.4375,0.0625,0.375
341,0.338900023970084,0.15015228488690807,0.18874773908317594,0.45994537168889765,0.2652571236504102,0.19468824803848744,0.25,0.0,0.25
342,0.28940511887733783,0.13386063902717404,0.15554447985016379,0.4055166556514189,0.2534892608252587,0.15202739482616023,0.1875,0.0,0.1875
343,0.40619149015430045,0.17044869910853672,0.23574279104576373,0.5591619386010773,0.33278893218424377,0.22637300641683356,0.3125,0.0,0.3125
344,0.24191369436049148,0.20386237726689294,0.03805131709359855,0.3689190803968373,0.3334326540422956,0.03548642635454169,0.125,0.0625,0.0625
345,0.30414188355992267,0.16445565318747268,0.13968623037244998,0.4472112659643508,0.3127986169004653,0.1344126490638855,0.1875,0.0,0.1875
346,0.28204768197750657,0.1442801016907589,0.13776758028674768,0.37355882863862266,0.28514683551888376,0.08841199311973891,0.1875,0.0,0.1875
347,0.3701852522200224,0.20237797285801415,0.16780727936200826,0.4846078989878335,0.3321389438101716,0.1524689551776619,0.3125,0.0,0.3125
348,0.24634930992091952,0.19796667217951863,0.04838263774140089,0.386843950124373,0.3249014973034642,0.06194245282090882,0.125,0.0625,0.0625
349,0.3447891317012115,0.16427033385069928,0.18051879785051222,0.4818406878392354,0.3193192667386291,0.1625214211006063,0.25,0.0,0.25
350,0.2870731781000233,0.20064501639991789,0.08642816170010542,0.441631387639445,0.35937561929979267,0.08225576833965231,0.1875,0.0625,0.125
351,0.36265790858056324,0.25056952299993285,0.11208838558063039,0.4692671217811744,0.3757056249335765,0.0935614968475979,0.3125,0.125,0.1875
352,0.2841124235703022,0.2184453115805161,0.06566711198978609,0.4065862687999269,0.35399184723767063,0.052594421562256244,0.1875,0.125,0.0625
353,0.3744286055003452,0.13409314061168884,0.24033546488865634,0.48907978639646776,0.25931538184960123,0.22976440454686653,0.3125,0.0,0.3125
354,0.2746103364148496,0.22978914118754457,0.044821195227305044,0.40385940300407586,0.36489263084261064,0.03896677216146521,0.1875,0.125,0.0625
355,0.4245306684364766,0.1890061938885135,0.23552447454796308,0.5649239788641125,0.34263927198996463,0.22228470687414786,0.375,0.0625,0.3125
356,0.1796687418424855,0.24656923916115703,-0.06690049731867154,0.2870781180325631,0.4109538472822096,-0.12387572924964646,0.0625,0.125,-0.0625
357,0.3750302689086118,0.1794380521044952,0.1955922168041166,0.4771164568859164,0.32981597735591933,0.14730047952999709,0.3125,0.0,0.3125
358,0.3167145703107439,0.13661541071664773,0.18009915959409617,0.45975707966226287,0.2894315560649926,0.17032552359727027,0.25,0.0,0.25
359,0.3079837963538605,0.15438404342454454,0.15359975292931594,0.463002987081511,0.2959831489040764,0.1670198381774346,0.1875,0.0,0.1875
360,0.4237547539949523,0.22983081322524251,0.1939239407697098,0.5574853445823533,0.3544718424099216,0.20301350217243175,0.375,0.125,0.25
361,0.22850182045049275,0.18265368199470133,0.045848138455791415,0.35241220239716264,0.3410149209506237,0.011397281446538954,0.125,0.0625,0.0625
362,0.310051711521087,0.16886742023789764,0.14118429128318938,0.4500325254614571,0.3355273444938684,0.11450518096758872,0.25,0.0,0.25
363,0.3347591198061103,0.3072482967590669,0.027510823047043387,0.4549043390740988,0.4775479303447683,-0.022643591270669505,0.25,0.125,0.125
364,0.36806092324920486,0.2510357896823747,0.11702513356683014,0.48638464451186636,0.4164322124819305,0.06995243202993584,0.3125,0.125,0.1875
365,0.494962799423476,0.27062716914566465,0.22433563027781134,0.5881485532869672,0.41235639347481534,0.1757921598121519,0.4375,0.125,0.3125
366,0.4279437595744796,0.20111873024391866,0.22682502933056095,0.5445646521530076,0.34596966966553233,0.1985949824874753,0.375,0.0625,0.3125
367,0.21841691520614473,0.16651322820873202,0.05190368699741271,0.3705813541160214,0.3056682022301306,0.06491315188589081,0.125,0.0,0.125
368,0.26869463157796497,0.2343308556577704,0.03436377592019457,0.413550450145439,0.3718077246177524,0.0417427255276866,0.125,0.125,0.0
369,0.3116402350765797,0.18303180948141806,0.1286084255951616,0.4529656041819761,0.3459109048180383,0.1070546993639378,0.1875,0.0,0.1875
370,0.3096594306316826,0.17190349604978705,0.13775593458189556,0.41822165465307304,0.28410756003028204,0.134114094622791,0.25,0.0625,0.1875
371,0.13559509854721857,0.25601013149625856,-0.12041503294903999,0.24362003292980453,0.4218244104791757,-0.17820437754937116,0.0,0.125,-0.125
372,0.44252059184636494,0.13615163591047777,0.3063689559358872,0.5865373193484817,0.30009990551217236,0.2864374138363094,0.375,0.0,0.375
373,0.48484322635061516,0.1915797493980278,0.29326347695258737,0.579961401877905,0.32815546586397115,0.25180593601393386,0.4375,0.0625,0.375
374,0.3343272663010552,0.207888524698841,0.1264387416022142,0.46978782612624576,0.32051665179783095,0.1492711743284148,0.25,0.125,0.125
375,0.22963473608267918,0.1488069554485799,0.08082778063409929,0.33312084074847037,0.30164964427760865,0.03147119647086172,0.125,0.0,0.125
376,0.21600811844494194,0.2231922326385774,-0.00718411419363546,0.34301743486402625,0.3882346386912111,-0.04521720382718486,0.125,0.125,0.0
377,0.311673593011358,0.14898212087804036,0.16269147213331764,0.4329811454423692,0.29670793423795444,0.13627321120441477,0.25,0.0,0.25
378,0.32284344753335914,0.17068981835459102,0.15215362917876812,0.439206434199663,0.30669921870538863,0.13250721549427436,0.25,0.0,0.25
379,0.384704643165545,0.15941170320941514,0.22529293995612984,0.48770578209133636,0.2908847421858099,0.19682103990552646,0.3125,0.0,0.3125
380,0.2816369839120413,0.1765085816306197,0.10512840228142159,0.3983029229299129,0.29804088480303786,0.10026203812687501,0.1875,0.0625,0.125
381,0.2754063663986076,0.15111852080905058,0.12428784558955702,0.41382347729340624,0.28135653247236037,0.13246694482104587,0.1875,0.0,0.1875
382,0.3294554027674653,0.17416065381426973,0.1552947489531956,0.47825865727201144,0.3094973066656186,0.16876135060639286,0.25,0.0,0.25
383,0.3892327418595266,0.1895388696631833,0.1996938721963433,0.5004142111590798,0.32408333260421696,0.17633087855486285,0.3125,0.0625,0.25
384,0.33279887797307806,0.18600957777858224,0.14678930019449582,0.4624769756444319,0.3311940409817937,0.13128293466263818,0.25,0.0625,0.1875
385,0.3666797755181385,0.1787556391252506,0.1879241363928879,0.4943945488697439,0.28987397897259304,0.20452056989715084,0.3125,0.0625,0.25
386,0.26669701747533325,0.19701838659064586,0.0696786308846874,0.3881492896278538,0.37152578184099727,0.016623507786856506,0.1875,0.0625,0.125
387,0.29986588780091883,0.2564142664135043,0.04345162138741454,0.43460032567510204,0.40865043675053536,0.025949888924566678,0.1875,0.125,0.0625
388,0.2319735685952323,0.24555526684225773,-0.013581698247025431,0.34984436123095936,0.3986749044795278,-0.04883054324856845,0.125,0.125,0.0
389,0.28574175016218567,0.12931332662029163,0.15642842354189404,0.42031758118004964,0.262608135416679,0.15770944576337065,0.1875,0.0,0.1875
390,0.28878535925223137,0.1975204369488473,0.09126492230338407,0.433394883109847,0.3566356519843116,0.0767592311255354,0.1875,0.0625,0.125
391,0.23717065400285192,0.24211744708433194,-0.004946793081480022,0.3733418184989501,0.40162761046556295,-0.02828579196661285,0.125,0.125,0.0
392,0.48817605301693345,0.22042304066640078,0.26775301235053267,0.6298552006564149,0.3975175725970935,0.23233762805932134,0.4375,0.0625,0.375
393,0.2333504876699544,0.23294182194366014,0.00040866572629424947,0.34387319187718207,0.3953568413733778,-0.051483649496195716,0.125,0.125,0.0
394,0.2802848563181404,0.1368972618853327,0.14338759443280769,0.40815244668354284,0.2718464949563236,0.1363059517272192,0.1875,0.0,0.1875
395,0.26996991339960275,0.1705278727772827,0.09944204062232004,0.37574470423159345,0.2899029769920012,0.08584172723959227,0.1875,0.0625,0.125
396,0.26792110371251643,0.14471106093496094,0.12321004277755548,0.4068818853439129,0.30292316020726107,0.10395872513665183,0.125,0.0,0.125
397,0.44461486809761985,0.16413104118909277,0.2804838269085271,0.5898185846087719,0.33797687240539853,0.25184171220337337,0.375,0.0,0.375
398,0.32785550921046835,0.18441445280237487,0.1434410564080935,0.4477713900730375,0.34331649164791045,0.10445489842512706,0.25,0.0625,0.1875
399,0.4157665174848364,0.1900342926847941,0.2257322248000423,0.5119420847459885,0.3129774873005982,0.19896459744539025,0.375,0.0625,0.3125
400,0.17647831865632493,0.13255682988885337,0.04392148876747157,0.30935460443256335,0.26177468175147367,0.04757992268108968,0.0625,0.0,0.0625
401,0.40023933126579064,0.2781285248341082,0.12211080643168243,0.5417152851634002,0.4552912874896302,0.08642399767376996,0.3125,0.125,0.1875
402,0.2122063490914699,0.1841461558502296,0.028060193241240317,0.3356627750752541,0.32391329385103185,0.011749481224222258,0.0625,0.0625,0.0
403,0.3284067592038783,0.17536149646377933,0.15304526274009897,0.4518651446074956,0.3071297643784755,0.1447353802290201,0.25,0.0,0.25
404,0.1992114824875592,0.14507682889217768,0.05413465359538153,0.3189278850540704,0.2947814055093674,0.024146479544703003,0.0625,0.0,0.0625
405,0.16121644082647035,0.19698354528083872,-0.03576710445436837,0.29004706894122007,0.3221618512324296,-0.03211478229120951,0.0625,0.0625,0.0
406,0.3900199541583067,0.13105181513611847,0.25896813902218824,0.46839018329167303,0.2764817102160255,0.1919084730756475,0.3125,0.0,0.3125
407,0.15570135951514746,0.19417729407622933,-0.038475934561081865,0.2993566417419505,0.33747984136198694,-0.03812319962003646,0.0,0.0625,-0.0625
408,0.20705673142448092,0.16608429560348936,0.040972435820991554,0.31542603909816846,0.28907712551334713,0.026348913584821332,0.125,0.0,0.125
409,0.2921592756115943,0.24316689404240946,0.04899238156918487,0.41582873590429037,0.36498069381479403,0.05084804208949634,0.1875,0.125,0.0625
410,0.27010667929098586,0.1393293541127214,0.13077732517826446,0.37418239651933516,0.24867938533119294,0.12550301118814222,0.1875,0.0,0.1875
411,0.36465840243970693,0.17181176964911477,0.19284663279059217,0.5036023464424655,0.3270691827367439,0.17653316370572159,0.25,0.0,0.25
412,0.2338125589308467,0.1631817467949168,0.07063081213592992,0.3508749991783536,0.32297938027437795,0.027895618903975627,0.125,0.0,0.125
413,0.43524978621125876,0.23544314473196537,0.1998066414792934,0.5634192363216983,0.3804316055133201,0.1829876308083782,0.375,0.125,0.25
414,0.3312467194732711,0.14844731340811607,0.18279940606515505,0.45411531606672,0.28221795864639376,0.17189735742032625,0.25,0.0,0.25
415,0.11089440801090114,0.2304665729490256,-0.11957216493812445,0.22619062988520966,0.38987279458802004,-0.16368216470281038,0.0,0.0625,-0.0625
416,0.41711944168260656,0.24202896307730293,0.17509047860530363,0.5643617750135113,0.42667495549700135,0.1376868195165099,0.3125,0.125,0.1875
417,0.3897134290082308,0.22376550203841675,0.16594792696981406,0.5095061435186357,0.379113925611674,0.13039221790696165,0.3125,0.0625,0.25
418,0.32290147037691863,0.23068418615251432,0.09221728422440431,0.4548722281103167,0.36015595892360897,0.09471626918670772,0.25,0.125,0.125
419,0.2218440883230905,0.182648662309305,0.039195426013785506,0.337867521344867,0.33520679481321425,0.002660726531652724,0.125,0.0,0.125
420,0.30282126095679845,0.20379305689629468,0.09902820406050378,0.43906265043438786,0.3564260456126223,0.08263660482176555,0.1875,0.0625,0.125
421,0.26825388287686586,0.22976624309651658,0.038487639780349275,0.3989644718774121,0.37545212469423084,0.023512347183181237,0.1875,0.125,0.0625
422,0.3287626202222391,0.24855084432326727,0.08021177589897185,0.4516795046431468,0.3786303831559472,0.07304912148719961,0.25,0.125,0.125
423,0.2240342096871793,0.18425321088650576,0.03978099880067354,0.3497062644199041,0.3260890754106932,0.023617189009210893,0.125,0.0625,0.0625
424,0.38839014353419615,0.1474479446192928,0.24094219891490334,0.4872522176731733,0.2747328296170837,0.2125193880560896,0.3125,0.0,0.3125
425,0.18420193554066494,0.14260052709683368,0.041601408443831256,0.3106423990330624,0.2804076890364172,0.03023470999664518,0.0625,0.0,0.0625
426,0.2952547998117145,0.1372056979963723,0.15804910181534218,0.4061657574790565,0.2538490163628278,0.15231674111622867,0.1875,0.0,0.1875
427,0.34876619829968636,0.1678860346191919,0.18088016368049445,0.5105532083794979,0.32020040216835144,0.19035280621114647,0.25,0.0,0.25
428,0.43188738157243467,0.21841482752604796,0.2134725540463867,0.5505444603266949,0.3671749355134212,0.18336952481327373,0.375,0.0625,0.3125
429,0.23662936886063396,0.18086600528914742,0.055763363571486535,0.35297817281077604,0.32739322035981905,0.025584952450956988,0.125,0.0625,0.0625
430,0.4104576117569742,0.13637903739027446,0.27407857436669975,0.5177627389211441,0.2624003611345813,0.2553623777865628,0.375,0.0,0.375
431,0.3243392883781502,0.19091104069382261,0.13342824768432757,0.44177246606747467,0.32809865382612435,0.11367381224135031,0.25,0.0625,0.1875
432,0.342367059496254,0.23514571267689696,0.10722134681935705,0.4864439475338176,0.37916897504297664,0.10727497249084095,0.25,0.125,0.125
433,0.2786098952338312,0.17404178518636443,0.10456811004746674,0.39487765664825913,0.2910398438094685,0.10383781283879062,0.1875,0.0625,0.125
434,0.3755385099290264,0.12247573106784043,0.25306277886118594,0.4777860229778395,0.2558244128344717,0.2219616101433678,0.3125,0.0,0.3125
435,0.38667634092323566,0.2549712032682872,0.13170513765494846,0.5028062354316607,0.37551962685222384,0.12728660857943686,0.3125,0.125,0.1875
436,0.3708189723031008,0.1839775712540292,0.1868414010490716,0.4780029574111738,0.28690399997834476,0.19109895743282906,0.3125,0.0625,0.25
437,0.33690190990240443,0.228737883318482,0.10816402658392243,0.4687559191582944,0.3673246855124609,0.10143123364583351,0.25,0.125,0.125
438,0.30005196814760626,0.13730784426915027,0.162744123878456,0.40543223109258086,0.2794060241597434,0.12602620693283745,0.25,0.0,0.25
439,0.33114822851447645,0.25559506073472427,0.07555316777975218,0.4486318146859023,0.4093527526578733,0.039279062028029,0.25,0.125,0.125
440,0.3559754321140184,0.24049920341843462,0.11547622869558377,0.4830864716572986,0.41243983721198957,0.07064663444530905,0.25,0.125,0.125
441,0.23399663448214586,0.19916751779585823,0.03482911668628763,0.3497606006268684,0.3378398813060597,0.011920719320808737,0.125,0.0625,0.0625
442,0.2380030344365944,0.1751174490822328,0.06288558535436159,0.3558262952453954,0.36117922445858397,-0.005352929213188584,0.125,0.0,0.125
443,0.33150110729387017,0.24206447275362758,0.08943663454024259,0.4662865299468557,0.4179817940116863,0.04830473593516943,0.25,0.125,0.125
444,0.29925934233320695,0.23962478275119276,0.05963455958201419,0.4317865937181146,0.39151560166789834,0.04027099205021628,0.1875,0.125,0.0625
445,0.23214561514206083,0.22397765193717883,0.008167963204882,0.3604202083106187,0.3499471212360232,0.010473087074595544,0.125,0.125,0.0
446,0.4611355122313007,0.20539309902835634,0.2557424132029444,0.6002639333564554,0.3571032371705145,0.24316069618594094,0.375,0.0625,0.3125
447,0.3356332243989143,0.19743622294979138,0.13819700144912292,0.46555902023988166,0.34145388836061397,0.1241051318792677,0.25,0.0625,0.1875
448,0.29836404167923897,0.2236860274676437,0.07467801421159526,0.45619797197115836,0.36482598817358924,0.09137198379756911,0.1875,0.125,0.0625
449,0.2528358856784285,0.20669056264687985,0.04614532303154867,0.3666999570407798,0.34908758728160505,0.01761236975917474,0.1875,0.0625,0.125
450,0.2463576889580225,0.17640540315690956,0.06995228580111296,0.3757388740183395,0.30125784260859256,0.07448103140974693,0.125,0.0625,0.0625
451,0.43299510072648406,0.18339835202888033,0.24959674869760373,0.5206427483536128,0.33490718529867636,0.18573556305493644,0.375,0.0,0.375
452,0.19353635304140976,0.2647966882106264,-0.07126033516921665,0.31981930613541176,0.42222340437332845,-0.10240409823791669,0.0625,0.125,-0.0625
453,0.3807423634976338,0.1824794820544984,0.1982628814431354,0.4966573570614405,0.33390482007340555,0.16275253698803493,0.3125,0.0625,0.25
454,0.33189478095502917,0.187921990047785,0.14397279090724416,0.4465353555865047,0.31801068317269726,0.12852467241380744,0.25,0.0625,0.1875
455,0.31795954342669686,0.17933035729490454,0.13862918613179231,0.4389875093366238,0.3201667672222616,0.11882074211436217,0.1875,0.0,0.1875
456,0.2743805692228043,0.1974146863462064,0.07696588287659789,0.417281141101586,0.33487868279518584,0.08240245830640014,0.1875,0.0625,0.125
457,0.22103356096433807,0.19211946994213538,0.028914091022202687,0.3645534680247628,0.31509519158365884,0.049458276441103954,0.125,0.0625,0.0625
458,0.17983541713701068,0.19245507904478282,-0.01261966190777214,0.30886888607740115,0.3538532681305216,-0.04498438205312044,0.0625,0.0625,0.0
459,0.23298902853740455,0.19890000189074258,0.03408902664666197,0.359344570150559,0.347832321304531,0.011512248846027973,0.125,0.0625,0.0625
460,0.48183149085064314,0.23721987988849222,0.24461161096215092,0.5724670835423458,0.3637548648950424,0.20871221864730338,0.4375,0.125,0.3125
461,0.43266544618764724,0.19677625298361223,0.235889193204035,0.5288505930107633,0.3360828389653964,0.1927677540453669,0.375,0.0625,0.3125
462,0.3661995077724392,0.25626782827632155,0.10993167949611765,0.4802945348511489,0.4166495037616815,0.06364503108946745,0.3125,0.125,0.1875
463,0.3408204060572072,0.11257549813023798,0.22824490792696922,0.49860276304712503,0.22782820802724135,0.2707745550198837,0.25,0.0,0.25
464,0.22712418668698092,0.22399363280918447,0.0031305538777964548,0.37723528066626266,0.39194216669098086,-0.014706886024718202,0.125,0.0625,0.0625
465,0.4284767320579151,0.1705274792511826,0.2579492528067325,0.5379526618267902,0.3285533543632534,0.20939930746353685,0.375,0.0,0.375
466,0.13375456859504176,0.21473232813559345,-0.0809777595405517,0.24539610925705932,0.38659868538208236,-0.14120257612502304,0.0,0.0625,-0.0625
467,0.34593766243165125,0.23531722438464422,0.11062043804700702,0.481521346551341,0.35696389149262076,0.12455745505872023,0.1875,0.125,0.0625
468,0.43079185864039593,0.24548445236851196,0.18530740627188397,0.533717072099932,0.3784322074335522,0.1552848646663798,0.3125,0.125,0.1875
469,0.27465959963547787,0.2067350352622556,0.06792456437322228,0.4284188720434073,0.374419890007193,0.05399898203621428,0.1875,0.0625,0.125
470,0.34045518552965304,0.18143651014025397,0.15901867538939907,0.4664386692317933,0.368284145706899,0.09815452352489429,0.25,0.0,0.25
471,0.35569983237664493,0.19931732448845654,0.1563825078881884,0.4788475512511533,0.309006608420372,0.16984094283078133,0.25,0.0625,0.1875
472,0.2927522836956423,0.15010499077128883,0.1426472929243535,0.43434034253062503,0.29246307496300644,0.1418772675676186,0.1875,0.0,0.1875
473,0.29553368733777347,0.15557009119902102,0.13996359613875245,0.4214228708599059,0.3100302907039253,0.11139258015598058,0.1875,0.0,0.1875
474,0.3247934437991523,0.221074313381885,0.10371913041726732,0.4274610975958355,0.41029353338401864,0.017167564211816866,0.25,0.0625,0.1875
475,0.24106386181863887,0.2150120473510537,0.02605181446758517,0.3856530084993199,0.3717476463673888,0.01390536213193111,0.125,0.0625,0.0625
476,0.22932673017138744,0.20303137792580334,0.026295352245584103,0.3899664716717539,0.313635500220405,0.07633097145134893,0.125,0.0625,0.0625
477,0.33511330887998797,0.20028150260006555,0.13483180627992242,0.48604853984013685,0.3306211259902261,0.15542741384991077,0.25,0.0625,0.1875
478,0.1910703975020697,0.13675985448331707,0.05431054301875263,0.31373701267415327,0.28253124076326935,0.031205771910883917,0.0625,0.0,0.0625
479,0.3330232532980931,0.28232645767101283,0.05069679562708029,0.49541420287673804,0.4268152440928916,0.06859895878384642,0.25,0.125,0.125
480,0.3149721053667123,0.1943118229793721,0.12066028238734017,0.4491700323378012,0.369494017685413,0.07967601465238816,0.25,0.0625,0.1875
481,0.18831776477429982,0.13690484053415974,0.05141292424014007,0.3150935582290405,0.27402449634159104,0.041069061887449465,0.0625,0.0,0.0625
482,0.23264580055873854,0.13767289268363403,0.09497290787510451,0.36239917963489726,0.26435227438851666,0.0980469052463806,0.0625,0.0,0.0625
483,0.34628414158326937,0.23450405398098237,0.111780087602287,0.44657103312292834,0.4127097572917907,0.03386127583113763,0.25,0.0625,0.1875
484,0.530869127524542,0.1988969930023553,0.33197213452218666,0.644946187557913,0.35188730361823894,0.29305888393967405,0.5,0.0625,0.4375
485,0.3431485898372494,0.13697524546869755,0.20617334436855184,0.47514597886483806,0.28600825829036286,0.1891377205744752,0.25,0.0,0.25
486,0.32828077615773166,0.12698092704892147,0.20129984910881019,0.46377268362503743,0.25606008857675466,0.20771259504828277,0.25,0.0,0.25
487,0.16532617728412471,0.19049598472152413,-0.02516980743739941,0.2733504888868502,0.3373062916371442,-0.063955802750294,0.0625,0.0625,0.0
488,0.3402177717207274,0.17447510610608108,0.16574266561464635,0.44061821511926913,0.33356274581670053,0.1070554693025686,0.25,0.0,0.25
489,0.2674850538057083,0.22599635402329665,0.04148869978241165,0.3796319318902684,0.362908042445084,0.01672388944518438,0.1875,0.125,0.0625
490,0.26829769768277406,0.1772145755700979,0.09108312211267616,0.4024080843966529,0.2985074698172687,0.10390061457938415,0.1875,0.0625,0.125
491,0.442941861357583,0.2504369290756655,0.1925049322819175,0.5373654948577231,0.39545205236932507,0.14191344248839804,0.375,0.125,0.25
492,0.29319722031647943,0.18686323542655103,0.1063339848899284,0.42846515583372324,0.2930767465521105,0.13538840928161272,0.1875,0.0625,0.125
493,0.2728625756761675,0.1850397941861892,0.0878227814899783,0.4197243353042278,0.3223791415734101,0.09734519373081774,0.1875,0.0625,0.125
494,0.3350621518846647,0.23230683362268384,0.10275531826198087,0.4815452500655152,0.34633329997769846,0.13521195008781672,0.25,0.125,0.125
495,0.1784949386138519,0.19616942048152625,-0.01767448186767434,0.3306819777604176,0.3378314665363595,-0.0071494887759419035,0.0625,0.0625,0.0
496,0.3631363931878823,0.18486941691407016,0.17826697627381216,0.5046026513977295,0.3169454442439997,0.18765720715372985,0.3125,0.0625,0.25
497,0.2675102937631392,0.20549944451406021,0.06201084924907896,0.40089792488739934,0.32631496503957863,0.0745829598478207,0.1875,0.0625,0.125
498,0.3349075834870804,0.14767454204028313,0.18723304144679725,0.46986770647969744,0.30506803795749077,0.16479966852220668,0.25,0.0,0.25
499,0.43297041281589055,0.2754749537918916,0.15749545902399897,0.540670406538706,0.4641272643018417,0.07654314223686431,0.375,0.125,0.25
