geometry_angstrom,eigenpair_index,softspaces_dual_pass,softspaces_prominence_rate,softspaces_robust_rate,gap_hartree,en2_weighted_score,en2_top2_support,en2_top4_support,en2_top8_support,en2_top12_support,en2_top16_support
0.75,0,False,0.0,0.0,0.40279678871456426,0.0001612546671957209,0.4947616600672408,0.4970048737771427,0.49910124800255024,0.499937230103053,0.7428576481797854
0.75,1,False,0.0,0.0,0.2907216136837416,8.694122486415321e-32,4.938404036417059e-30,5.213973190159611e-30,6.0660088435066526e-30,2.2116660574550905e-29,0.4876488468267298
0.75,2,False,0.0,0.0,0.04856461826985736,1.0756691747594596e-05,1.0888744592649368e-29,0.0012381309777071542,0.0028645814351004285,0.2379293870983832,0.7433191266595596
0.75,3,False,0.0,0.0,0.09641772284877081,0.002690350105478616,0.14878616381064946,0.16957827086235897,0.175581132935203,0.5684836381959681,0.9977355901024525
0.75,4,False,0.0,0.0,0.3298192243777489,0.007676698612779619,0.4390774215108027,0.46422092838730067,0.4741374408098683,0.7229460762395545,0.996582360531124
0.75,5,False,0.0,0.0,0.05924516110067035,0.004997105199048602,0.2902912577001535,0.29588078850264915,0.301420889309766,0.39239182514196996,0.49858578289883554
0.75,6,False,0.0,0.0,0.16982016885496698,2.720474306555139e-05,5.651204129093256e-32,0.0027885167157739835,0.00702658264668176,0.02482964136663724,0.49840013495270946
0.75,7,False,0.0,0.0,0.10864657588398297,2.7204743065551373e-05,5.655325698270195e-32,0.002788516715773982,0.007026582646681758,0.02482964136663723,0.5000410578423554
0.75,8,False,0.0,0.0,0.049178597198274776,0.0006191445952211266,0.03286810691019612,0.03831520057690825,0.047962831153276216,0.06718581192555009,0.4980165271475386
0.75,9,False,0.0,0.0,0.10484095795710324,0.0006191445952211275,0.03286810691019616,0.038315200576908306,0.04796283115327628,0.06718581192555019,0.4976852392699722
0.75,10,False,0.0,0.0,0.11593147947585747,0.0009759607822834894,1.1990399378996674e-27,0.08333333333333783,0.25000000000002554,0.5000000000000001,0.5024861288357647
0.75,11,False,0.0,0.0,0.00888462641405452,0.0038931538340431734,0.010415147766484136,0.5210590805999933,0.6969440780590788,0.9810152610168559,0.9979705818207697
0.75,12,False,0.0,0.0,0.042824150013601514,0.002917193051759683,0.01041514776648413,0.43772574726665536,0.44694407805905306,0.48101526101685577,0.498398358931376
0.75,13,False,0.0,0.0,0.11053495099356958,2.14129874613768e-31,2.931894901345539e-31,2.826899090757257e-29,4.696814291892746e-29,5.969019810441117e-29,0.0033452896456451953
0.75,14,False,0.0,0.0,0.2602141749493794,0.0006519302194632401,1.8552930641482774e-31,0.0046239563646185205,0.21637620303714808,0.4965741151150206,0.5011534039509885
0.75,15,False,0.0,0.0,0.0015124697447306268,0.0006519302194632403,1.9256310738016632e-31,0.004623956364618521,0.2163762030371481,0.4965741151150206,0.4995723375267146
0.75,16,False,0.0,0.0,0.07426350872106058,0.0017667937952737345,2.1479995477927853e-32,0.2285633798119781,0.4604756754125021,0.47052208867945006,0.48115704979584517
0.75,17,False,0.0,0.0,0.06824582132750923,0.0021464739439121697,3.340503211377861e-32,0.22995073121475443,0.5002804622544819,0.9627811712525378,0.9765616409824458
0.75,18,False,0.0,0.0,0.09160958006263842,0.00158818722347876,0.0051415496637171685,0.09849895519917501,0.3740289852846062,0.9888617584497201,0.9937940902257626
0.75,19,False,0.0,0.0,0.03330849191486385,0.001208507074840324,0.005141549663717168,0.0971116037963986,0.33422419844262624,0.4966026758766318,0.4970539890856041
0.75,20,False,0.0,0.0,0.08707740147966492,0.0011580223727217034,0.009794600192818855,0.1005179850764858,0.22842872083007826,0.4312366603694208,0.45500949133463875
0.75,21,False,0.0,0.0,0.17068471772009186,0.001158022372721703,0.009794600192818852,0.10051798507648575,0.22842872083007817,0.4312366603694207,0.455121047548892
0.75,22,False,0.0,0.0,0.021934453419186095,9.28509567624322e-33,9.433652873700441e-33,3.770855041451957e-31,2.189805409796508e-30,4.4522505028850674e-30,0.000418531969312567
0.75,23,False,0.0,0.0,0.18510039016586388,2.346832592190652e-32,3.5596463698755826e-32,3.673357166787261e-31,6.78872466105016e-30,1.0484641534101544e-29,0.00038471627470058385
0.75,24,False,0.0,0.0,0.07017554861124564,7.053570277330587e-05,8.850573941350738e-32,0.008758482866930433,0.018156136190991067,0.021322256319077602,0.022733164999830573
0.75,25,False,0.0,0.0,0.10735462390162187,0.0015614888528036458,0.004493709552456181,0.014692824711648917,0.4642774504233076,0.5119220745262199,0.514115282792288
0.75,26,False,0.0,0.0,0.04145714039450388,0.0014909531500303377,0.004493709552456175,0.005934341844718475,0.446121314232316,0.4905998182071416,0.4915882197130268
0.75,27,False,0.0,0.0,0.025048780902960033,0.00026798418728543334,0.0005028903332075188,0.00223696431927891,0.09069729939612442,0.09550891448199633,0.09700918749683486
0.75,28,False,0.0,0.0,0.36750372873223935,0.00026798418728543345,0.000502890333207519,0.00223696431927891,0.09069729939612445,0.09550891448199636,0.09702004900640919
0.75,29,False,0.0,0.0,0.11343661279327377,0.0008084841778612345,0.001035114126473344,0.00909699975185519,0.2900919737171234,0.3060067101091567,0.30775871539690447
0.75,30,False,0.0,0.0,0.03656162528960216,0.000829465223750044,0.0010351141264733443,0.011737181612071315,0.29538800815272215,0.31257013895750324,0.3143822481467287
0.75,31,False,0.0,0.0,0.2051164490608972,2.098104588880926e-05,2.058763904423019e-32,0.002640181860216119,0.005296034435598568,0.006563428848346386,0.0068550444962018385
0.75,32,False,0.0,0.0,0.11935710224277996,0.0003574808188972925,0.00124252984209486,0.012402189460835007,0.11990690621856051,0.13602667861450468,0.13940057680313783
0.75,33,False,0.0,0.0,0.22449493386735686,0.00035748081889729245,0.0012425298420948598,0.012402189460835003,0.1199069062185605,0.13602667861450465,0.13963964806066714
0.75,34,False,0.0,0.0,0.31738041547629603,7.410556984966184e-05,0.0006672700345078054,0.002099832409081944,0.02238398913839435,0.022934163056129754,0.023282888816460245
1.0,0,False,0.0,0.0,0.2326302151201869,0.0005147154207978109,0.48584529110782804,0.4910724358648194,0.49759173757189445,0.4997086597884055,0.731968135149173
1.0,1,False,0.0,0.0,0.21426309088340023,5.758821351134709e-05,1.2388187818459784e-29,0.0040824563337983335,0.008322318418995805,0.21314629809196192,0.7256322027407982
1.0,2,False,0.0,0.0,0.06983625642990665,0.004819122797667275,0.17807925698561786,0.22354751688882615,0.2434091554195203,0.5679424211702431,0.9921104967679081
1.0,3,False,0.0,0.0,0.02651985982073013,0.0047615345841559254,0.17807925698561775,0.21946506055502768,0.23508683700052435,0.3547961230782808,0.7406216590417065
1.0,4,False,0.0,0.0,0.18544674312769516,3.1460386133692075e-31,1.0654595231250233e-29,1.6476442590028978e-29,2.0116924976072816e-29,1.364290019381129e-28,0.2428468772630762
1.0,5,False,0.0,0.0,0.10541592580116621,0.004598642114357953,0.19032054817052432,0.1962133700439147,0.21032265964559016,0.3359781053152217,0.4929430956544675
1.0,6,False,0.0,0.0,0.04745279133046765,0.004666954880873597,0.1903205481705243,0.1994253957589111,0.22020640953847306,0.39673579500675554,0.9868318541648734
1.0,7,False,0.0,0.0,0.0701659907367369,0.0017953714432273344,1.4162400657057327e-31,0.08654535904833063,0.25988374989288265,0.5607576896915334,0.99481571327023
1.0,8,False,0.0,0.0,0.0678522235515513,0.003708930647169753,0.07698100171911135,0.17068709702695556,0.36934364886271265,0.6363081653142876,0.9886164432674333
1.0,9,False,0.0,0.0,0.024806695421579317,0.0019818719704580642,0.07698100171911128,0.08735376369362133,0.11934364886271308,0.1363081653142885,0.49167391493973656
1.0,10,True,0.9166666666666666,0.8333333333333334,0.01601617635641439,1.6770677486209222e-31,2.4033553283946505e-31,5.08872966901758e-30,2.1814802156528097e-29,4.4667382737354864e-29,0.010538946230872457
1.0,11,False,0.0,0.0,0.12254114466839994,1.832001659071338e-31,1.4889253267542767e-31,3.935767675142079e-30,2.4216806090532744e-29,4.5410553064248374e-29,0.007899861123755195
1.0,12,False,0.0,0.0,0.03946493926190664,7.339888545772087e-32,1.2114972792970616e-33,1.586432371089378e-30,6.427452859125272e-30,2.5899258352437995e-29,0.00869227206643711
1.0,13,False,0.0,0.0,0.0007251113712842816,0.0035972624253699146,0.01707107945336225,0.35030273293240066,0.38019302087664963,0.4432295386667464,0.4975978959759486
1.0,14,False,0.0,0.0,0.16371506118990897,0.004413323645433722,0.017071079453362253,0.3518438401375577,0.4181178325758915,0.9390052372831712,0.9878145467814986
1.0,15,False,0.0,0.0,0.05984285917798848,0.003701508882194225,6.812316486972101e-31,0.21125629971308071,0.4592686384865885,0.923349046406828,0.9465316395495504
1.0,16,False,0.0,0.0,0.01904418358168236,0.002885447662130416,2.8826736079072483e-31,0.20971519250792367,0.42134382678734655,0.42757334779040274,0.45121185934538083
1.0,17,False,0.0,0.0,0.06126899018957266,0.0009321304259024011,1.9573042112640702e-31,0.0018643333137764908,0.20961232773517088,0.48443931342057533,0.49736497292722853
1.0,18,False,0.0,0.0,0.014734037068709682,0.0009321304259024011,1.9686399203963627e-31,0.0018643333137764908,0.20961232773517088,0.48443931342057533,0.49429455147510803
1.0,19,False,0.0,0.0,0.07308774882008251,0.002405051694269855,0.01990811157890416,0.13067403131320054,0.25999357375075083,0.4876949615680214,0.48797865635976534
1.0,20,False,0.0,0.0,0.07608901302371818,0.004825157240307165,0.03301173671547708,0.24733365345434274,0.6032306939396752,0.8899134381464453,0.9251817690083889
1.0,21,False,0.0,0.0,0.0634526578624457,0.0024201055460373105,0.013103625136572929,0.11665962214114228,0.3432371201889245,0.40221847657842413,0.43785282030616557
1.0,22,False,0.0,0.0,0.02999073494589677,1.1882372210327168e-32,1.276917721911177e-32,2.4890328291380206e-31,1.7867621240454748e-30,3.4890725142565386e-30,0.0008593194761783488
1.0,23,False,0.0,0.0,0.12288884407114553,3.31332936286419e-30,7.198303813353253e-32,2.345353150336385e-28,4.964340641481149e-28,5.325521308201355e-28,0.0003122178715490916
1.0,24,False,0.0,0.0,0.0010509508273610635,0.00036261140122334994,3.818109863319188e-31,0.025803528685894722,0.05350462041469385,0.05670080874040597,0.05908922295083875
1.0,25,False,0.0,0.0,0.04102809871363933,0.00036261140122335016,3.3684677194980534e-31,0.02580352868589474,0.05350462041469389,0.05670080874040601,0.05937035272539108
1.0,26,False,0.0,0.0,0.03863668203515713,0.0018911659406665884,0.006437772288462399,0.00669197545691572,0.3613236333470525,0.4384782504860998,0.4396661819250791
1.0,27,False,0.0,0.0,0.09184410847295732,0.0029660596651362547,0.008550761563533116,0.017195690253442024,0.5386845829079228,0.6312498087555924,0.633711527768626
1.0,28,False,0.0,0.0,0.2311776299447903,0.0011339180653420745,0.002112989275070725,0.014285071034978763,0.186769294612539,0.20437840191819012,0.20629146559823258
1.0,29,False,0.0,0.0,0.06317916940372204,5.902434087240635e-05,1.0532699423671313e-31,0.0037813562384524527,0.009408345051668356,0.011606843648697011,0.012032890002345455
1.0,30,True,0.75,0.75,0.04178649459028616,6.54878704734749e-33,6.75327791691615e-33,4.205380526489173e-31,8.6253007820115e-31,1.4590388259242076e-30,0.0002313052591298026
1.0,31,False,0.0,0.0,0.00042247382613647133,0.000761138751486675,0.0020553821593966965,0.010087158944988028,0.13748306864268897,0.15215080726488345,0.15983431065025772
1.0,32,False,0.0,0.0,0.2708550045897513,0.001813886535958068,0.006103532075034969,0.04651545492296837,0.323920584423749,0.36301579203931944,0.3766195081991484
1.0,33,False,0.0,0.0,0.13299896368735853,0.001052747784471394,0.004048149915638275,0.03642829597798036,0.18643751578106016,0.2108649847744361,0.21799740524387107
1.0,34,False,0.0,0.0,0.09712016700433157,0.0005381453440722228,0.004036792209511516,0.01121450494612993,0.09162623477128194,0.09580036889569854,0.09713524507124427
1.25,0,False,0.0,0.0,0.13263661846999408,0.0014640087619555966,0.46586904282742814,0.4767520097938071,0.4934940198005495,0.4985579585005379,0.7119729663152172
1.25,1,False,0.0,0.0,0.13087474503500784,0.00021224437578065052,4.192985329332677e-30,0.008979986542004343,0.018030826815839836,0.1802859188921181,0.6921549444094515
1.25,2,False,0.0,0.0,0.0491117418947824,0.007187205684940958,0.17051246660798197,0.24301993785182346,0.2939593446606852,0.5535506790481952,0.9754996926246216
1.25,3,False,0.0,0.0,0.10514897886160934,0.006974961309160306,0.17051246660798192,0.23403995130981906,0.27592851784484523,0.37326476015607685,0.4973073696632775
1.25,4,False,0.0,0.0,0.05915136528043341,3.357328921994129e-31,3.1213531449206988e-30,1.0561074058126133e-29,2.259795211932434e-29,4.285574129912409e-29,0.23797185140021113
1.25,5,False,0.0,0.0,0.03680976614455167,0.0030159183823681686,4.933865555520583e-31,0.08333333333333345,0.25000000000000033,0.5,0.7374106550739674
1.25,6,False,0.0,0.0,0.12967691416988902,0.003160712818721239,4.353930271344982e-31,0.0859273411842347,0.2619035936914088,0.6073069050555766,0.9932921457663777
1.25,7,False,0.0,0.0,0.01306957407356002,0.004116172837443775,0.12060151711124086,0.13176442234475694,0.16265007644568136,0.4067772120843939,0.9746692643877714
1.25,8,False,0.0,0.0,0.09532888660833727,0.007853227553545962,0.2360342386291055,0.26203517390353837,0.3273482528479341,0.4955577945580509,0.9569380136673664
1.25,9,False,0.0,0.0,0.027581511840465645,0.0038818491524552595,0.11543272151786471,0.13286475940968276,0.17660177009366126,0.1960874875292335,0.4910559579226454
1.25,10,False,0.0,0.0,0.008156130036746312,4.266869645293055e-32,2.0112281478564233e-31,1.160647255888926e-30,4.192174023695178e-30,8.382643501114468e-30,0.01889007245339361
1.25,11,False,0.0,0.0,0.06688357138060708,6.009986636715853e-32,3.6787671759707274e-31,2.789847525781543e-30,4.429706987219894e-30,7.099680596109426e-30,0.021993694114769608
1.25,12,False,0.0,0.0,9.22330946551142e-06,6.488261740533959e-32,3.551708945493685e-31,3.0527519857426692e-30,5.3024047548665554e-30,8.321353948389522e-30,0.01876094480680981
1.25,13,False,0.0,0.0,0.045068199908041784,0.004147517488512044,0.03169099595086555,0.247448351880764,0.29670985420614177,0.3825117744512053,0.4718006815650291
1.25,14,False,0.0,0.0,0.06806434117559279,0.00521533393488937,0.03169099595086554,0.24744915968668957,0.3326946105812577,0.8783978026650997,0.9704779298893249
1.25,15,True,0.75,0.9166666666666666,0.038939632722090334,0.005195102812842035,4.4935344290404e-31,0.1753506597274716,0.38726351016399313,0.8523128976812536,0.8966773106230201
1.25,16,False,0.0,0.0,0.04716313120793281,0.004127286366464706,1.037786813646766e-31,0.1753498519215459,0.35127875378887696,0.35642686946735863,0.3984689340659492
1.25,17,True,0.9166666666666666,1.0,0.019337231140156064,2.145483770933586e-30,6.624257931548627e-31,9.396903771484028e-30,2.1818994477097345e-28,4.780753359103324e-28,0.006750331943665981
1.25,18,False,0.0,0.0,0.027919531658345154,0.0019969398294848455,8.47193852709385e-31,0.001819872566527984,0.20406149439307578,0.4732086892264258,0.4967642620204323
1.25,19,False,0.0,0.0,0.07598105545561662,0.006908596179530062,0.05996415073522992,0.15998362531252303,0.5315286826508595,0.9262288008121273,0.949174936022529
1.25,20,False,0.0,0.0,0.041991565162665445,0.009292579641507419,0.06847779456290694,0.3075304217945662,0.7079211346015544,0.8582888671479166,0.8992252195098673
1.25,21,False,0.0,0.0,0.010224108110072017,0.0043809232914622034,0.00851364382767706,0.14936666904857127,0.38045394634377083,0.4052687555622153,0.44142893499957736
1.25,22,False,0.0,0.0,0.04787864281636667,3.010192031288101e-29,6.112555404401479e-29,9.950054447825969e-28,2.6064517150861188e-27,2.7950105069126915e-27,0.0012717472484459274
1.25,23,False,0.0,0.0,0.04882344886712664,0.0013621876270265823,3.689762000440174e-31,0.057238564056580184,0.11614061252935445,0.11923508592151436,0.12306066857643598
1.25,24,False,0.0,0.0,0.007090225166503039,0.0013621876270265823,9.261917942389695e-32,0.057238564056580184,0.11614061252935445,0.11923508592151436,0.12291301757839665
1.25,25,False,0.0,0.0,0.02801912744163504,1.4840604940953489e-30,1.9882454387342708e-31,5.936863680910404e-29,1.2565068989251737e-28,1.3136429203463612e-28,0.0006647542403236923
1.25,26,False,0.0,0.0,0.03751118932746067,0.0021464185035262426,0.0019811965657514545,0.004561369445437608,0.25732481795668427,0.3595209519349062,0.3610615898763616
1.25,27,False,0.0,0.0,0.14343086972437114,0.0043307117882989115,0.006482783710042109,0.04060136445123033,0.45758075356256467,0.6327581289953014,0.6364945262692915
1.25,28,False,0.0,0.0,0.052228995341995876,0.0023207793536980516,0.004501587144290653,0.04005690426230719,0.21285589801220817,0.2908876802835096,0.293816635265119
1.25,29,False,0.0,0.0,0.05119713512787394,0.00013648606892538263,5.836287186468773e-31,0.004016909256514469,0.012599962406327849,0.017650503223114514,0.018297854333774753
1.25,30,False,0.0,0.0,0.0892575894901606,6.235820323189282e-32,4.236106490778705e-31,2.350950558098418e-30,4.4766202823216516e-30,9.79286625928711e-30,0.0002798297673422164
1.25,31,False,0.0,0.0,0.03982628492407647,0.000621788615163196,0.001119515628820441,0.00378723301714052,0.06080805366363185,0.07715464578709379,0.0983743238216554
1.25,32,False,0.0,0.0,0.19115648579097044,0.001597628010407361,0.002765482567944671,0.03590944078839894,0.1485298685177672,0.18641388307505613,0.2138533244135092
1.25,33,False,0.0,0.0,0.17832416834030518,0.000975839395244164,0.001645966939124228,0.0321222077712584,0.08772181485413526,0.10925923728796223,0.11757947052615075
1.25,34,False,0.0,0.0,0.008255306205086965,0.003127205139533835,0.01816719514372461,0.06234995274454244,0.2924875986186426,0.32264683311585146,0.3285418233312538
1.5,0,False,0.0,0.0,0.0705918115829065,0.0036306347334875556,0.4279684511936316,0.4587161606570892,0.48373428060379386,0.4940413272527735,0.6794513505342988
1.5,1,False,0.0,0.0,0.07265546469332973,0.0005512062285329429,2.3265398033166273e-30,0.028115392421169748,0.02813167944396195,0.15497377309787091,0.6358983358835413
1.5,2,False,0.0,0.0,0.031188503855581917,0.010166768938978898,0.14491682263619138,0.17351161944532806,0.33323429839329016,0.5501921754918008,0.9428381731351752
1.5,3,False,0.0,0.0,0.04805420501479274,0.009615562710445948,0.1449168226361913,0.1453962270241582,0.305102618949328,0.3952184023939294,0.49286645162013004
1.5,4,False,0.0,0.0,0.041696664290705066,0.005166993327854245,3.333019789045775e-30,0.1666666666666668,0.2500000000000004,0.5000000000000002,0.5005288082978046
1.5,5,False,0.0,0.0,0.19335613911751137,0.005166993327854246,3.749271098503908e-30,0.1666666666666668,0.2500000000000004,0.5000000000000002,0.7283457865390215
1.5,6,False,0.0,0.0,0.08046878481819064,0.0003256358450400312,6.305255464358993e-31,0.0033262652542799024,0.014985532961312222,0.14705726742025327,0.7207703463490381
1.5,7,False,0.0,0.0,0.027294291841716944,0.003854595289329415,0.08483007288977172,0.10876525528576829,0.14243395369267148,0.43187529034346556,0.9568559767864195
1.5,8,False,0.0,0.0,0.050277955963704546,0.008453735484300772,0.21022523846594993,0.27338295374397614,0.3225916884568223,0.49867062601963597,0.9165657300169541
1.5,9,False,0.0,0.0,0.02099089733249837,0.004924776040011379,0.12539516557617802,0.16794396371248754,0.19514326772546275,0.21385260309642326,0.48154658915793597
1.5,10,False,0.0,0.0,0.007977893643479561,2.082331954928398e-31,3.1253763225999867e-32,6.509675686045493e-30,8.870577257655377e-30,3.7883216960742005e-29,0.03362959016054748
1.5,11,True,0.8333333333333334,0.8333333333333334,0.01712654477637532,1.2308648859631853e-31,3.193999069845935e-32,3.889938144715118e-30,6.2697219492316025e-30,1.7703078824717567e-29,0.03592843361967545
1.5,12,False,0.0,0.0,0.018630041522821994,1.958250395115547e-31,6.054254640877385e-32,7.177707494302004e-30,8.622936871968926e-30,2.2366848447818465e-29,0.03172976992996712
1.5,13,True,0.75,0.75,0.02785944657487116,0.005425045973414653,0.06040023217276791,0.06040132961038158,0.24549000615442568,0.32418633619444476,0.44801479118380216
1.5,14,True,0.75,0.9166666666666666,0.03203808624733018,0.007044923299916686,0.06040023217276791,0.06649608079245713,0.28890126804919997,0.8176420888452497,0.944132838982193
1.5,15,True,0.8333333333333334,0.9166666666666666,0.020055593314662445,0.006586913690350957,4.313995554911644e-30,0.25876132073907787,0.29625364764001566,0.7630442510782186,0.8387218425676141
1.5,16,False,0.0,0.0,0.024026237668639094,0.004967036363848924,2.0399522800233427e-30,0.2526665695570023,0.2528423857452413,0.26958849842741356,0.3446315055072612
1.5,17,False,0.0,0.0,0.06791989140090404,8.57990043616164e-31,4.0280587049817543e-32,2.0299362873942926e-29,4.3305547703062656e-29,8.553709990717664e-29,0.013053690322777114
1.5,18,False,0.0,0.0,0.012896116040403527,0.0037749529203095354,4.22758350222876e-30,0.001747884563537212,0.19278955114385377,0.45535028821992557,0.49599515644953507
1.5,19,False,0.0,0.0,0.04921917132191478,0.012652904806560072,0.11274910639114417,0.18538244064687448,0.5498076070130953,0.8606015727223536,0.9166104675726843
1.5,20,False,0.0,0.0,0.01777559234431214,0.008877951886250532,0.11274910639114413,0.1836345560833372,0.35701805586924157,0.4052512845024283,0.4321529589649396
1.5,21,False,0.0,0.0,0.01825054504784962,0.007260552242859983,0.0009921557522691471,0.002114466382856036,0.4144818500379247,0.42291698355728985,0.4450369057478426
1.5,22,True,0.75,0.75,0.030300318392190828,0.007260552242859983,0.0009921557522691471,0.002114466382856036,0.4144818500379247,0.42291698355728985,0.44494258867548525
1.5,23,False,0.0,0.0,0.015549300959853962,1.8322847602119185e-28,1.8222879821155186e-32,9.316361101028363e-27,9.355543584387861e-27,9.441174770543527e-27,0.0006597490675759784
1.5,24,False,0.0,0.0,0.001095221855777151,0.003956390634518962,6.092198507494516e-31,0.2012064767502387,0.20194349385903995,0.20409031487274398,0.20764687465889312
1.5,25,False,0.0,0.0,0.06419381423785353,0.003956390634518964,6.248992926904041e-31,0.20120647675023878,0.20194349385904004,0.20409031487274407,0.20919134244320217
1.5,26,False,0.0,0.0,0.016403231554993347,0.002542029938557904,0.005264756919895838,0.022670191116096944,0.16228825454799797,0.27035363334586954,0.27354169333372275
1.5,27,False,0.0,0.0,0.11187851457566023,0.0028479106288449136,0.0052647569198958355,0.02951285138779363,0.17818434949981488,0.2958377386568558,0.2977155914817905
1.5,28,False,0.0,0.0,0.02254694874195806,0.00030588069028701165,1.1081710789545105e-30,0.0068426602716967,0.01589609495181699,0.025484105310986382,0.02609167616798396
1.5,29,False,0.0,0.0,0.05496974612229,0.003570662904376862,0.002036001545592557,0.011214014249904578,0.20263400654629143,0.34202454356729506,0.3443233349839307
1.5,30,False,0.0,0.0,0.08706754964470553,0.0035706629043768595,0.002036001545592556,0.01121401424990457,0.20263400654629124,0.3420245435672947,0.34574301965398657
1.5,31,False,0.0,0.0,0.07216596806584796,0.0006506585569511016,0.000264447548788889,0.006820045238304305,0.037422572476703796,0.05796945609773774,0.10095505824156553
1.5,32,False,0.0,0.0,0.0978313886394866,0.002573428419911109,0.005235713883822088,0.06918405459276926,0.145978268541256,0.18656685691695662,0.23929730390921689
1.5,33,False,0.0,0.0,0.276968346124733,0.0019227698629600092,0.004971266335033205,0.062364009354465025,0.10855569606455229,0.12859740081921897,0.14254894864884446
1.5,34,False,0.0,0.0,0.0004434361972367462,0.00685856297572943,0.03021152103873531,0.10661937987276396,0.360680970292918,0.4107700062493785,0.4203106152729976
1.75,0,False,0.0,0.0,0.03468649277731428,0.007481893283126341,0.3736084114218621,0.4233152329321653,0.46576552227323387,0.48253270955610134,0.6353819016390541
1.75,1,False,0.0,0.0,0.0365238646068784,0.001078081027708527,2.783089673396064e-29,0.034009714855399886,0.03401212104479135,0.13707440314024502,0.5640929331752397
1.75,2,False,0.0,0.0,0.01715242292808572,0.014432138182401803,0.11976695638498021,0.15456843706784099,0.36126003195487005,0.5538242740362325,0.8982967329752907
1.75,3,False,0.0,0.0,0.02093694652915623,0.013354057154693271,0.11976695638498018,0.12055872221244104,0.3272479109100786,0.4167498708959873,0.48760895302054696
1.75,4,False,0.0,0.0,0.017929768137701974,0.008612453972303542,3.137843987486385e-29,0.16666666666666616,0.24999999999999858,0.49999999999999983,0.5006973409172794
1.75,5,False,0.0,0.0,0.34142808200464225,0.008612453972303548,3.1056063660888474e-29,0.16666666666666624,0.24999999999999872,0.5,0.7121921338533227
1.75,6,False,0.0,0.0,0.03676367874395403,0.0008022050278140868,2.5273885328070105e-31,0.0019623213433255537,0.020849956489732133,0.17851332123841507,0.7031456822299218
1.75,7,False,0.0,0.0,0.024906888484581557,0.003864519887911729,0.07057690016489387,0.09539056424779122,0.14361006307208618,0.4571494282024635,0.9325580979344501
1.75,8,False,0.0,0.0,0.027094358728431356,0.0072677864722492744,0.18178540595982912,0.24232347498064236,0.3005878226733557,0.4731708878197902,0.8626107488234434
1.75,9,False,0.0,0.0,0.012993339106125212,0.004205471612151635,0.1112085057949353,0.1488952320761768,0.17782771609100173,0.19453478085574186,0.5047073442250765
1.75,10,False,0.0,0.0,0.005221213507886624,1.745197564069834e-30,5.312018144456082e-31,7.174728298099395e-30,4.62724174562873e-29,1.260273490080614e-28,0.09218075601215771
1.75,11,False,0.0,0.0,0.0009961521236516724,1.74589413635297e-30,1.8579198153799725e-31,7.258057261310751e-30,4.588406433302611e-29,1.4677294776624677e-28,0.013342588006944699
1.75,12,True,0.9166666666666666,0.9166666666666666,0.020819282098560876,8.2530673133124e-31,4.343476290687285e-31,1.7238067181323913e-29,2.2314752151048226e-29,7.344392166806355e-29,0.005585165078351998
1.75,13,False,0.0,0.0,0.01331021488015427,0.007945357082870622,0.09851003419569107,0.09858218807813823,0.23026052384353274,0.2870879618767196,0.4188239104713104
1.75,14,True,0.8333333333333334,1.0,0.015156817387389498,0.010959080525114476,0.09851003419569115,0.1334534879962078,0.2980521119095396,0.7400208360071325,0.8844776626270363
1.75,15,True,0.8333333333333334,0.9166666666666666,0.009271210522553197,0.007689490957542677,4.5661898005817565e-30,0.17081127297265114,0.209995271627278,0.6801293075734413,0.792306321442728
1.75,16,False,0.0,0.0,0.01263413958204751,0.004675767515298828,3.464410169068991e-30,0.1359399730545816,0.14220368356127117,0.22719643344302842,0.33023218633930024
1.75,17,False,0.0,0.0,0.08975995728406927,3.3526544908493865e-29,6.988219971670172e-30,4.731340909102305e-28,9.630662383217821e-28,2.0219690198270226e-27,0.022637252714998665
1.75,18,False,0.0,0.0,0.005614390250217927,0.0064187210010197915,5.739661385843851e-29,0.0001299054312118685,0.17641266524190596,0.4284501364512969,0.49503150934882867
1.75,19,False,0.0,0.0,0.023586879545019368,0.020545640958441858,0.14510473859767617,0.16445472538045477,0.5323330658817763,0.8056271744422018,0.9078734892716693
1.75,20,False,0.0,0.0,0.006400191300173219,0.014126919957422065,0.14510473859767617,0.1643248199492429,0.3559204006398703,0.37717703799090463,0.43117753378479434
1.75,21,False,0.0,0.0,0.031238931559370187,0.011234306880543775,0.00022624560384707144,0.00027639560501792397,0.4233254980561829,0.4256681516637818,0.43571215259042206
1.75,22,False,0.0,0.0,0.012088034612514509,0.011234306880543771,0.00022624560384707138,0.0002763956050179239,0.4233254980561828,0.4256681516637817,0.43587842020071726
1.75,23,False,0.0,0.0,0.004263695946932877,2.425994902043416e-28,1.4432288560633237e-31,7.64407813504218e-27,7.652868592399258e-27,7.699627867460254e-27,0.00019550030435575778
1.75,24,False,0.0,0.0,0.0010636849211724808,0.00912078455964458,2.0434963391461937e-31,0.28769432161573794,0.2877357978149983,0.2887192161677883,0.29122307582514373
1.75,25,False,0.0,0.0,0.07919673536779825,0.009120784559644591,1.4867302072746129e-30,0.28769432161573827,0.28773579781499864,0.2887192161677886,0.29515963845654636
1.75,26,False,0.0,0.0,0.00648693881879403,0.00369374186808224,0.02321670119935583,0.04522340906139615,0.10927345660766552,0.19247439844250577,0.19753830536147765
1.75,27,False,0.0,0.0,0.05572977907761123,0.004421821274093735,0.023216701199355802,0.05061587284306976,0.13026764438896027,0.22958801387131414,0.23103761440337156
1.75,28,False,0.0,0.0,0.008739355605715815,0.0007280794060114991,7.2181101300002e-33,0.005392463781673663,0.02099418778129488,0.03711361542880857,0.037548050940916594
1.75,29,False,0.0,0.0,0.15552492033310772,0.005252047161156001,0.0023164224477120023,0.008780560378798086,0.1832503472976192,0.36690053313983095,0.36741964673745514
1.75,30,False,0.0,0.0,0.025670387050773513,0.005252047161155998,0.002316422447712001,0.008780560378798083,0.18325034729761913,0.36690053313983084,0.37419729936852175
1.75,31,False,0.0,0.0,0.10774076887247608,0.0017475511987645308,0.003945250897577084,0.024463533362488014,0.06291292072421761,0.09621616708365271,0.15898571964537006
1.75,32,True,1.0,1.0,0.047065180520548866,0.005989843182056006,0.016304438639956606,0.0981187696946379,0.2218451686877675,0.28727094832931666,0.37286534122888515
1.75,33,False,0.0,0.0,0.31913980988292945,0.004242291983291473,0.012359187742379514,0.07365523633214983,0.15893224796354977,0.19105478124566383,0.22363481217747477
1.75,34,False,0.0,0.0,2.7168389027609763e-05,0.01215189211882679,0.03916064554909015,0.13182976044085423,0.38252334901069485,0.44096750028506687,0.4519322872988796
2.0,0,False,0.0,0.0,0.01590495791618629,0.013000744688719739,0.31651844586849043,0.3816469327832176,0.4419077653528006,0.4639600706859673,0.5873782863271024
2.0,1,False,0.0,0.0,0.01693532816943799,0.001683221782185539,8.412335780182445e-29,0.03384891106824815,0.03384917285016893,0.12143663298271609,0.4933866329544553
2.0,2,False,0.0,0.0,0.008356256984712207,0.02055897186015137,0.10160191253814571,0.13673886448547562,0.37750247565363293,0.5554851406523788,0.8531785844715911
2.0,3,False,0.0,0.0,0.008894039315379576,0.018875750077965853,0.10160191253814582,0.10288995341722755,0.3436533028034644,0.434048507669663,0.48388233307430006
2.0,4,False,0.0,0.0,0.007608418370787184,0.013920303575882791,2.9684115551249276e-29,0.16666666666666627,0.24999999999999822,0.5000000000000004,0.5010245675324146
2.0,5,False,0.0,0.0,0.43773055312250486,0.013920303575882795,3.1717289783773914e-29,0.16666666666666632,0.24999999999999833,0.5000000000000006,0.6900966721008226
2.0,6,False,0.0,0.0,0.015617169642442086,0.0019711843000296764,3.484119439722486e-29,0.0011123890196439352,0.0299063704319953,0.20761731188655919,0.6779943579966721
2.0,7,False,0.0,0.0,0.01786288997523755,0.004676841149837928,0.072350109952635,0.0942472105255646,0.15852818314385125,0.4819228462828882,0.9043817423005653
2.0,8,False,0.0,0.0,0.014702373407970093,0.005662873427518891,0.16243666613406768,0.20688178469812907,0.2766959212240383,0.4376360762081596,0.8073666922194227
2.0,9,False,0.0,0.0,0.0028365214687093854,0.0029572165777106375,0.09008655618143266,0.11374696319220835,0.1480741085121823,0.1633305418118305,0.49890236874423
2.0,10,True,0.75,0.75,0.0071422773708351706,9.948421131399859e-30,1.5335899315171185e-29,1.450031923414259e-28,1.8586776923113367e-28,3.187258490748217e-28,0.11749771346449656
2.0,11,False,0.0,0.0,0.0013034402238081277,5.461331665603772e-30,1.9844034509411864e-29,8.008502386198274e-29,1.0163096324782937e-28,2.0547188937550525e-28,0.014141908845851136
2.0,12,True,0.75,0.75,0.012674757458128738,8.709781633751914e-31,1.2293484611975176e-29,1.5353298536574227e-29,2.1442382255135232e-29,4.176405987930334e-29,0.006876443051858287
2.0,13,False,0.0,0.0,0.005576898577876577,0.01092191459671891,0.1315628632877338,0.13207825173659735,0.22759408869314693,0.2659780188765206,0.3848500882053194
2.0,14,True,0.9166666666666666,0.9166666666666666,0.005186172308738968,0.015666882945879018,0.13156286328773376,0.19224457469724288,0.3077234683632696,0.598415186201981,0.7723959527327511
2.0,15,True,0.8333333333333334,0.8333333333333334,0.006136329403517049,0.008740350307457017,1.8042303087782093e-29,0.10477893351657042,0.1457106361053687,0.6194641230851523,0.7639822934976099
2.0,16,False,0.0,0.0,0.0057870430612783075,0.003995381958296908,1.45124396098124e-29,0.04461261055592487,0.06558125643524594,0.28702695575969195,0.38078284574365107
2.0,17,False,0.0,0.0,0.09669251864549144,4.279400794307166e-28,8.597015998117341e-29,1.4457603488632318e-28,6.715630737074754e-27,1.7994643802194722e-26,0.03421382058762218
2.0,18,False,0.0,0.0,0.0022465151686472673,0.009910419142932466,9.707048646822959e-29,0.0006216856233047924,0.15589324155980128,0.39101141728003347,0.4932402072315404
2.0,19,False,0.0,0.0,0.008878374487754748,0.02993747699085018,0.15152137590020331,0.15337084886987024,0.487332236559971,0.7452897416906151,0.9067324883995833
2.0,20,False,0.0,0.0,0.002356562280838581,0.02002705784791772,0.15152137590020334,0.15274916324656546,0.3314389950001698,0.3542783244105817,0.44294176165738797
2.0,21,False,0.0,0.0,0.031001235198194532,0.017001204712693212,0.0010528638384269167,0.0011045012164498118,0.4279555226065003,0.42892943234843023,0.43435046889492357
2.0,22,False,0.0,0.0,0.0038037366802368133,0.017001204712693205,0.001052863838426916,0.0011045012164498111,0.4279555226065,0.4289294323484299,0.4325588163907237
2.0,23,False,0.0,0.0,0.0014618891838500403,5.667062176288551e-27,8.47662982427831e-31,1.138161135881437e-25,1.1393998834579238e-25,1.1415614350082631e-25,1.8350408441074753e-05
2.0,24,False,0.0,0.0,0.00023613880998807346,0.01767789632015283,2.977798793615841e-31,0.3552072786185009,0.3554345342891353,0.35598315555935767,0.3575755684117893
2.0,25,False,0.0,0.0,0.07707131344765505,0.017677896320152837,2.427371699048738e-31,0.355207278618501,0.3554345342891354,0.3559831555593578,0.36269476757299624
2.0,26,False,0.0,0.0,0.002239131379535131,0.0058411021196724195,0.04172637486781547,0.06126556372137079,0.0940677818143338,0.14507920819467843,0.1506824660186262
2.0,27,False,0.0,0.0,0.024669862962209077,0.00761894099456354,0.04172637486781549,0.06569636587510252,0.12327382657786475,0.19956656740085177,0.2002015819640926
2.0,28,False,0.0,0.0,0.0029529536511510024,0.0017778388748911176,5.615262700837876e-30,0.004430802153731688,0.029206044763530874,0.05448735920617322,0.05469669715436573
2.0,29,False,0.0,0.0,0.22350654029040995,0.008713637140353257,0.020346388970610363,0.022453696919627418,0.18010364392272363,0.3766688805900728,0.3767581728191431
2.0,30,False,0.0,0.0,0.0058398146156166675,0.008713637140353264,0.020346388970610377,0.02245369691962744,0.18010364392272374,0.3766688805900731,0.3941096907234677
2.0,31,False,0.0,0.0,0.1304908717338389,0.004470843138094745,0.010481671541648004,0.04779294101666824,0.11030384612266718,0.16731180780721722,0.24597709371327328
2.0,32,True,1.0,0.9166666666666666,0.023014455423203017,0.011257001512796296,0.027299951907131283,0.12454607572280801,0.28103047593939157,0.38575100459969464,0.5010558433631177
2.0,33,False,0.0,0.0,0.3169486169522928,0.00678615837470156,0.016818280365483298,0.07675313470613987,0.17072662981672462,0.21843919679247775,0.27531319585436465
2.0,34,False,0.0,0.0,1.6869483006054509e-06,0.01996857291148531,0.0459331566873747,0.1477174098713408,0.395552502643433,0.45767047641624026,0.468643505509022
2.5,0,False,0.0,0.0,0.002911598823561068,0.028978053740609272,0.23684764055086904,0.31442216868939843,0.3690980697541144,0.42490363114062063,0.5105477603530792
2.5,1,False,0.0,0.0,0.003120907136731521,0.0024212810210018465,5.285073814235172e-28,0.022255968435702753,0.022255971990555172,0.09407813793880497,0.39255788740517866
2.5,2,False,0.0,0.0,0.0015998002718804472,0.040546882874689986,0.08266235924702305,0.10766716077441177,0.3586704995572245,0.5541300521280597,0.7894861470350203
2.5,3,False,0.0,0.0,0.0015305544950345862,0.03812560185368812,0.082662359247023,0.08541119233870897,0.3364145275666691,0.46005191418925445,0.48432650854098713
2.5,4,False,0.0,0.0,0.0013127707860589588,0.032564873623037664,1.3430724956853017e-27,0.16666666666667335,0.3333333333333545,0.4999999999999999,0.5022220924191134
2.5,5,False,0.0,0.0,0.5434593624883979,0.03256487362303769,9.005369246269754e-28,0.16666666666667346,0.3333333333333548,0.5000000000000003,0.6447983510919947
2.5,6,False,0.0,0.0,0.002382653642256649,0.00928040225911456,1.4058445129161836e-28,0.00033328295622092304,0.1080378059123969,0.2669157418798116,0.6185630133942553
2.5,7,False,0.0,0.0,0.005831996271248752,0.016299538535237752,0.11272241457923969,0.1218781471507554,0.23713587789482604,0.543868101596341,0.8521928413188035
2.5,8,False,0.0,0.0,0.002512042439977602,0.007019136276123197,0.11272241457923964,0.12154486419453442,0.12909807198242912,0.27695235971652943,0.49646205643823454
2.5,9,False,0.0,0.0,0.001835191592612695,0.00425063739182379,0.05321781306909354,0.056849599850507526,0.07318501192833611,0.11277680790382907,0.457404334881361
2.5,10,False,0.0,0.0,0.002807728698413392,0.004250637391823793,0.05321781306909359,0.056849599850507575,0.07318501192833618,0.11277680790382918,0.35241668068000137
2.5,11,False,0.0,0.0,7.916574396737985e-05,1.2172621378608932e-28,2.751649480755986e-29,5.063940448568172e-28,1.1139934129970435e-27,6.384446872091499e-27,0.016146311152456842
2.5,12,True,0.9166666666666666,0.8333333333333334,0.004264204156817719,2.1661891812054797e-25,1.4323701479056064e-28,1.1916356371367438e-24,2.055783533610275e-24,8.617495300690153e-24,0.007905691089926907
2.5,13,False,0.0,0.0,4.644391460351116e-05,0.005342861000640605,1.3153474890831503e-28,0.02963277231140312,0.050792360677799936,0.20700745111661895,0.32386385163795883
2.5,14,False,0.0,0.0,0.0007845694287960114,0.0208384487196832,0.16566051283932598,0.1959403943760608,0.22671166865214948,0.4549929444294672,0.6453283220020112
2.5,15,False,0.0,0.0,0.0023406519310240625,0.022230348117383874,0.165660512839326,0.17096971451899098,0.2448175562926076,0.5952603341402256,0.743850922004026
2.5,16,False,0.0,0.0,0.0007659345180295318,0.0067347603983412725,1.6965256740705416e-28,0.004662092454333244,0.06889824831825803,0.3472748408273773,0.42726806933948225
2.5,17,False,0.0,0.0,0.09313165132484036,4.4699739398378065e-27,3.044088778604478e-28,3.82778306610371e-27,4.930046505937243e-26,1.3130369778769624e-25,0.05764833403377727
2.5,18,False,0.0,0.0,0.00033551637535911283,0.017607430946545256,4.4472083786668295e-27,0.009377593507158211,0.2070091877658003,0.2899774396307759,0.48223278918648316
2.5,19,False,0.0,0.0,0.0006283378670546291,0.045276665851304666,0.10486833434119722,0.11888718555725401,0.3363261699380734,0.5738177168315988,0.875783892517156
2.5,20,False,0.0,0.0,0.00034908390103405296,0.027669234904759428,0.10486833434119722,0.1095095920500958,0.12931698217227336,0.28384027720082317,0.4625872658645682
2.5,21,False,0.0,0.0,0.016134329576729556,0.03778922158008554,0.0020494807521944706,0.002417611684241261,0.4447232178389571,0.44869096204504205,0.47124715376899895
2.5,22,False,0.0,0.0,0.00017663901689424222,0.03778922158008554,0.0020494807521944706,0.002417611684241261,0.4447232178389571,0.44869096204504205,0.4507965489418041
2.5,23,False,0.0,0.0,0.0001598818577503991,0.04702880279433713,6.626785950573489e-28,0.429895217345421,0.43300599060563616,0.43361603352772576,0.43660705971740693
2.5,24,False,0.0,0.0,5.137289833045955e-05,0.04702880279433715,2.019604836165849e-29,0.42989521734542113,0.43300599060563627,0.4336160335277259,0.43654673278032285
2.5,25,False,0.0,0.0,0.052741604963896904,1.830740459951437e-24,4.2650916547915365e-29,1.6731490829740477e-23,1.6857033038106817e-23,1.6881441578686955e-23,0.006519853724087669
2.5,26,False,0.0,0.0,0.0001640657816146529,0.015858469144100197,0.06965894892003083,0.07914123060145935,0.09465904952805083,0.14067541206967685,0.1472499384503551
2.5,27,False,0.0,0.0,0.004368244056218273,0.025137551593269303,0.06965894892003081,0.08298430359122007,0.20465948425760433,0.25180576714858116,0.2532544209444921
2.5,28,False,0.0,0.0,0.00020160586577411266,0.00927908244916912,5.781342432554492e-29,0.00384307298976075,0.11000043472955365,0.1111303550789045,0.11215548126382435
2.5,29,False,0.0,0.0,0.3346845218830121,0.02383663909790336,0.07528528276663327,0.07543408465700471,0.19939000108239724,0.40955644368292604,0.40989585748898694
2.5,30,True,1.0,1.0,0.00025129574204107996,0.023836639097903303,0.0752852827666331,0.07543408465700455,0.1993900010823968,0.40955644368292515,0.4504232727431564
2.5,31,False,0.0,0.0,0.13277948719487487,0.012217855760921357,0.020116694798643166,0.07342683310272777,0.14791435018960614,0.2347691047768298,0.34635972832141265
2.5,32,True,0.75,0.8333333333333334,0.004796794810983052,0.025691987955606763,0.04244759282108353,0.15466108542121154,0.31079882636666323,0.4661205464862491,0.6213510009859375
2.5,33,False,0.0,0.0,0.2758929356542206,0.01347413219468537,0.022330898022440305,0.08123425231848355,0.16288447617705665,0.2313514417094186,0.31774593664515693
2.5,34,False,0.0,0.0,4.736580461184303e-09,0.04674927925512311,0.05457962011330989,0.16763428178150744,0.40406360047240575,0.47844615225218323,0.4864571370324243
3.0,0,False,0.0,0.0,0.00045823155571644847,0.05281481085642832,0.20115117593223575,0.2797578404110927,0.33717423210969205,0.400758902959458,0.46847449041551015
3.0,1,False,0.0,0.0,0.000491652812169896,0.001835702409430496,1.0198196059877927e-25,0.009400805903977554,0.00940080591796571,0.07528676828588282,0.3407041290957587
3.0,2,False,0.0,0.0,0.00025412034633065517,0.07463554587401797,0.07546840142762937,0.08917063987878522,0.35490051485091056,0.553980509492498,0.7600101689910735
3.0,3,False,0.0,0.0,0.0002377537963571541,0.07279984346458745,0.07546840142762935,0.07976983397480765,0.3454997089329448,0.47869374120661506,0.49092185352436096
3.0,4,False,0.0,0.0,0.0002041251185320725,0.06390802029238082,9.747721430703458e-27,0.16666666666662838,0.3333333333332933,0.49999999999999933,0.5041639634485877
3.0,5,False,0.0,0.0,0.5940252910520285,0.06390802029238081,8.94764955861343e-27,0.16666666666662833,0.3333333333332932,0.49999999999999917,0.6133464171071044
3.0,6,False,0.0,0.0,0.00031837104876464295,0.027488376811010344,7.718038081656115e-26,8.270100933647935e-05,0.1468269110385734,0.30981528204353703,0.564294678530924
3.0,7,False,0.0,0.0,0.0011782894106717734,0.05009651977031649,0.14789698745725616,0.14956261233662774,0.2974903997663675,0.5269431537033181,0.8078473568417491
3.0,8,False,0.0,0.0,0.0003197542212136639,0.02260814295930614,0.14789698745725616,0.14947991132729121,0.15066348872779403,0.217127871659781,0.46366421417066406
3.0,9,False,0.0,0.0,0.000823893209916271,0.0073124060797062195,0.028077095844510767,0.0283217013220889,0.03477712174965788,0.1474326661959161,0.40405953474621537
3.0,10,False,0.0,0.0,0.0005089120882986187,0.00731240607970622,0.02807709584451077,0.028321701322088902,0.034777121749657885,0.1474326661959161,0.2990590964788827
3.0,11,False,0.0,0.0,1.9695719050805138e-05,4.260119502728717e-27,7.627953176798324e-27,1.2629664660609479e-26,2.7727014904337824e-26,6.11148666619243e-26,0.00916313882998143
3.0,12,False,0.0,0.0,0.0006452712072189115,0.005810304913153302,2.5100514291275606e-26,0.008348156170591717,0.02869516547965077,0.15360099543753253,0.31017576555243337
3.0,13,False,0.0,0.0,0.00040423404400202756,0.005810304913153301,3.167736331979485e-26,0.008348156170591717,0.028695165479650765,0.1536009954375325,0.3088825858022509
3.0,14,False,0.0,0.0,0.00010926457958371216,0.02087218796616835,0.18319318219880532,0.1833738262727953,0.18498683965932933,0.24347519690197794,0.3084862563881773
3.0,15,False,0.0,0.0,0.000407349878095431,0.034222296372611094,0.18319318219880515,0.18396182212692289,0.25033617940157743,0.6228286520556228,0.7224688895602531
3.0,16,False,0.0,0.0,7.86839556918828e-05,0.013350108406442759,1.296072172148117e-26,0.0005879958541277404,0.0653493397422483,0.3793534551536451,0.43212606671507964
3.0,17,False,0.0,0.0,0.08439470318234954,2.4510999872451438e-23,3.268580352673817e-23,4.398550710352253e-23,9.257320876022276e-23,2.650633785448656e-22,0.07347605902040802
3.0,18,False,0.0,0.0,3.68869772431335e-05,0.02037141421306332,3.3956105782097883e-23,0.023474782404772188,0.10934163602457433,0.1841178516321686,0.4471647104823714
3.0,19,False,0.0,0.0,9.57548420577048e-06,0.045291289006090994,0.044693056521941284,0.07372087031622596,0.18973772025877172,0.38257769011034537,0.781537135728587
3.0,20,False,0.0,0.0,3.799117681624331e-05,0.024919874793027673,0.04469305652194127,0.05024608791145375,0.08039608423419738,0.19845983847817672,0.44313718843544037
3.0,21,False,0.0,0.0,0.005035479195490522,0.07518258758250261,0.0012654260155184644,0.0017005646010859528,0.4585893222740293,0.46288603046353016,0.516723750044974
3.0,22,False,0.0,0.0,1.5186295512226167e-06,0.07518258758250267,0.0012654260155184655,0.0017005646010859543,0.45858932227402976,0.4628860304635306,0.4717290395524335
3.0,23,False,0.0,0.0,9.051823689043559e-06,0.08929371485346801,3.6689567312569515e-26,0.4551479426269279,0.4574215136335629,0.45937686540892303,0.46949662930398955
3.0,24,False,0.0,0.0,6.196915151246429e-06,0.08929371485346801,2.5506972561270827e-26,0.4551479426269279,0.4574215136335629,0.45937686540892303,0.4692750213665306
3.0,25,False,0.0,0.0,0.034693577064454306,1.1813063191119389e-21,1.3106410560937517e-24,6.01862926038282e-21,6.050377165560172e-21,6.0783183150927764e-21,0.012217409607899027
3.0,26,False,0.0,0.0,4.498665422403292e-06,0.04057358923711837,0.09967511040466603,0.10183551450415351,0.10714550568301048,0.19446643382798093,0.21650172819232827
3.0,27,False,0.0,0.0,0.0007124114471532828,0.07414802850775905,0.0996751104046661,0.10479313053441994,0.29011013384643525,0.3829152158670494,0.40643781286872893
3.0,28,False,0.0,0.0,5.218209957025266e-06,0.03357443927064066,1.5018180707462578e-26,0.0029576160302663456,0.18296462816342474,0.18844878203906845,0.20278800811699746
3.0,29,False,0.0,0.0,0.41616734494986174,0.04941931764903756,0.10647327654704114,0.10648010613260339,0.23137340000169881,0.4268316184323593,0.42963793076128465
3.0,30,True,1.0,1.0,8.224515207544414e-06,0.04941931764903759,0.10647327654704122,0.10648010613260347,0.23137340000169898,0.42683161843235956,0.48085696207633544
3.0,31,False,0.0,0.0,0.11635378424104825,0.023072390254309207,0.026228612790586817,0.08564094468160116,0.1543605599269161,0.2344857635636895,0.3843678881720675
3.0,32,True,0.9166666666666666,0.8333333333333334,0.0007931331357919902,0.046691376453150774,0.053054915810384316,0.1731017104641541,0.3119143095225442,0.4884403022089035,0.6629087204212933
3.0,33,False,0.0,0.0,0.2342170796738463,0.023618986198841573,0.026826303019797507,0.08746076578255296,0.15755374959562812,0.25395453864521406,0.33344753444522934
3.0,34,False,0.0,0.0,6.2725380445272094e-12,0.09242434145550116,0.059051371840011135,0.17926623641184475,0.4241466537718078,0.4914273976645443,0.49518392066493766
