geometry_angstrom,method,k,n,captured_probability_mass_mean,captured_probability_mass_median,captured_probability_mass_std,captured_probability_mass_min,captured_probability_mass_max,absolute_energy_error_hartree_mean,absolute_energy_error_hartree_median,absolute_energy_error_hartree_std,absolute_energy_error_hartree_min,absolute_energy_error_hartree_max,precision_at_k_mean,precision_at_k_median,precision_at_k_std,precision_at_k_min,precision_at_k_max,recall_at_k_mean,recall_at_k_median,recall_at_k_std,recall_at_k_min,recall_at_k_max,ndcg_at_k_mean,ndcg_at_k_median,ndcg_at_k_std,ndcg_at_k_min,ndcg_at_k_max,selection_efficiency_mean,selection_efficiency_median,selection_efficiency_std,selection_efficiency_min,selection_efficiency_max,chemical_accuracy_fraction
1.0,CHEM_EXCITATION,2,1,0.9828054380541499,0.9828054380541499,0.0,0.9828054380541499,0.9828054380541499,0.017098144282657657,0.017098144282657657,0.0,0.017098144282657657,0.017098144282657657,0.5,0.5,0.0,0.5,0.5,1.0,1.0,0.0,1.0,1.0,0.9962415835372678,0.9962415835372678,0.0,0.9962415835372678,0.9962415835372678,0.49140271902707494,0.49140271902707494,0.0,0.49140271902707494,0.49140271902707494,0.0
1.0,CHEM_EXCITATION,4,1,0.9837194129966695,0.9837194129966695,0.0,0.9837194129966695,0.9837194129966695,0.017098144282648775,0.017098144282648775,0.0,0.017098144282648775,0.017098144282648775,0.25,0.25,0.0,0.25,0.25,1.0,1.0,0.0,1.0,1.0,0.9953348738405746,0.9953348738405746,0.0,0.9953348738405746,0.9953348738405746,0.24592985324916738,0.24592985324916738,0.0,0.24592985324916738,0.24592985324916738,0.0
1.0,CHEM_EXCITATION,8,1,0.9837194578425869,0.9837194578425869,0.0,0.9837194578425869,0.9837194578425869,0.017098144282648775,0.017098144282648775,0.0,0.017098144282648775,0.017098144282648775,0.125,0.125,0.0,0.125,0.125,1.0,1.0,0.0,1.0,1.0,0.9942286872574242,0.9942286872574242,0.0,0.9942286872574242,0.9942286872574242,0.12296493223032336,0.12296493223032336,0.0,0.12296493223032336,0.12296493223032336,0.0
1.0,CHEM_EXCITATION,12,1,0.9837201228850014,0.9837201228850014,0.0,0.9837201228850014,0.9837201228850014,0.017098144282648775,0.017098144282648775,0.0,0.017098144282648775,0.017098144282648775,0.08333333333333333,0.08333333333333333,0.0,0.08333333333333333,0.08333333333333333,1.0,1.0,0.0,1.0,1.0,0.994122443483969,0.994122443483969,0.0,0.994122443483969,0.994122443483969,0.08197667690708345,0.08197667690708345,0.0,0.08197667690708345,0.08197667690708345,0.0
1.0,CHEM_EXCITATION,16,1,0.9837202844449728,0.9837202844449728,0.0,0.9837202844449728,0.9837202844449728,0.01709814428264167,0.01709814428264167,0.0,0.01709814428264167,0.01709814428264167,0.0625,0.0625,0.0,0.0625,0.0625,1.0,1.0,0.0,1.0,1.0,0.9941161213720782,0.9941161213720782,0.0,0.9941161213720782,0.9941161213720782,0.0614825177778108,0.0614825177778108,0.0,0.0614825177778108,0.0614825177778108,0.0
1.0,EN2,2,1,0.9911904230119404,0.9911904230119404,0.0,0.9911904230119404,0.9911904230119404,0.0050388734702728755,0.0050388734702728755,0.0,0.0050388734702728755,0.0050388734702728755,0.5,0.5,0.0,0.5,0.5,1.0,1.0,0.0,1.0,1.0,1.0,1.0,0.0,1.0,1.0,0.4955952115059702,0.4955952115059702,0.0,0.4955952115059702,0.4955952115059702,0.0
1.0,EN2,4,1,0.9938281497458388,0.9938281497458388,0.0,0.9938281497458388,0.9938281497458388,0.00308798745987815,0.00308798745987815,0.0,0.00308798745987815,0.00308798745987815,0.25,0.25,0.0,0.25,0.25,1.0,1.0,0.0,1.0,1.0,0.9996336862666576,0.9996336862666576,0.0,0.9996336862666576,0.9996336862666576,0.2484570374364597,0.2484570374364597,0.0,0.2484570374364597,0.2484570374364597,0.0
1.0,EN2,8,1,0.9980487974796846,0.9980487974796846,0.0,0.9980487974796846,0.9980487974796846,0.000641626884183566,0.000641626884183566,0.0,0.000641626884183566,0.000641626884183566,0.125,0.125,0.0,0.125,0.125,1.0,1.0,0.0,1.0,1.0,0.999618011302415,0.999618011302415,0.0,0.999618011302415,0.999618011302415,0.12475609968496057,0.12475609968496057,0.0,0.12475609968496057,0.12475609968496057,1.0
1.0,EN2,12,1,0.9981000296378217,0.9981000296378217,0.0,0.9981000296378217,0.9981000296378217,0.000495675023627129,0.000495675023627129,0.0,0.000495675023627129,0.000495675023627129,0.08333333333333333,0.08333333333333333,0.0,0.08333333333333333,0.08333333333333333,1.0,1.0,0.0,1.0,1.0,0.9995215059089724,0.9995215059089724,0.0,0.9995215059089724,0.9995215059089724,0.08317500246981847,0.08317500246981847,0.0,0.08317500246981847,0.08317500246981847,1.0
1.0,EN2,16,1,0.9981357370964351,0.9981357370964351,0.0,0.9981357370964351,0.9981357370964351,0.00041812856590617287,0.00041812856590617287,0.0,0.00041812856590617287,0.00041812856590617287,0.0625,0.0625,0.0,0.0625,0.0625,1.0,1.0,0.0,1.0,1.0,0.9995215089653853,0.9995215089653853,0.0,0.9995215089653853,0.9995215089653853,0.062383483568527194,0.062383483568527194,0.0,0.062383483568527194,0.062383483568527194,1.0
1.0,RANDOM,2,12,0.00031315543062813256,2.4568927395332757e-36,0.0006984929868634218,1.3377198168225188e-41,0.0018750775031863183,3.2603142377495278,2.8652852010623198,2.0287039294835667,0.21837700821073014,6.490254418798551,0.0,0.0,0.0,0.0,0.0,0.0,0.0,0.0,0.0,0.0,0.00018098063329379815,0.0,0.00041567517307530816,0.0,0.0013282278539047058,0.00015657771531406628,1.2284463697666379e-36,0.0003492464934317109,6.688599084112594e-42,0.0009375387515931592,0.0
1.0,RANDOM,4,12,0.0003162732622411614,3.980575226728933e-06,0.0006977239050617947,5.191749940659953e-41,0.0018776346971156243,2.2819832393535946,2.7440610817534434,1.3895253143658282,0.21837700821073014,5.37082599576572,0.0,0.0,0.0,0.0,0.0,0.0,0.0,0.0,0.0,0.0,0.000181783518705725,1.4035991620010217e-06,0.0004148769696965084,0.0,0.0013266090571306562,7.906831556029035e-05,9.951438066822333e-07,0.00017443097626544869,1.2979374851649881e-41,0.0004694086742789061,0.0
1.0,RANDOM,8,12,0.08221963713714305,1.4315718553210914e-05,0.2712628665216636,7.767667840664346e-10,0.9818938055986535,1.2830261231869977,0.838187404426332,0.9933930405477817,0.017091694580125605,2.6322364226022863,0.010416666666666666,0.0,0.03454817489953541,0.0,0.125,0.08333333333333333,0.0,0.2763853991962833,0.0,1.0,0.027800320445402083,4.858630334674274e-06,0.09146932990068335,2.7429952536698476e-10,0.3311667754681312,0.01027745464214288,1.7894648191513643e-06,0.03390785831520795,9.709584800830432e-11,0.12273672569983168,0.0
1.0,RANDOM,12,12,0.16412291651676356,2.0107888766346403e-05,0.36592455378798955,3.743760981331074e-07,0.9828132632336534,0.784010857314548,0.7172382833493112,0.786487543345987,0.017069208512241474,2.4457492713272977,0.013888888888888888,0.0,0.031056499687497085,0.0,0.08333333333333333,0.16666666666666666,0.0,0.3726779962499649,0.0,1.0,0.05018349115673701,6.911733271976531e-06,0.1124100519256218,7.9193440520744e-08,0.33113134237275743,0.013676909709730296,1.6756573971955336e-06,0.030493712815665805,3.119800817775895e-08,0.08190110526947111,0.0
1.0,RANDOM,16,12,0.1642007776047979,0.0004745373646218739,0.36588971990371116,3.743760981331074e-07,0.9828132634945395,0.5747986522419637,0.4121701467322323,0.6165162632041677,0.01706920851223792,2.3413353163508406,0.010416666666666666,0.0,0.023292374765622806,0.0,0.0625,0.16666666666666666,0.0,0.3726779962499649,0.0,1.0,0.0501972353940956,8.944632252313978e-05,0.11240306441851533,7.919293466730144e-08,0.3311292275527753,0.010262548600299869,2.965858528886712e-05,0.022868107493981948,2.3398506133319212e-08,0.061425828968408716,0.0
1.0,REAL,2,1,0.9911904230119404,0.9911904230119404,0.0,0.9911904230119404,0.9911904230119404,0.0050388734702728755,0.0050388734702728755,0.0,0.0050388734702728755,0.0050388734702728755,0.5,0.5,0.0,0.5,0.5,1.0,1.0,0.0,1.0,1.0,1.0,1.0,0.0,1.0,1.0,0.4955952115059702,0.4955952115059702,0.0,0.4955952115059702,0.4955952115059702,0.0
1.0,REAL,4,1,0.9938281497458388,0.9938281497458388,0.0,0.9938281497458388,0.9938281497458388,0.00308798745987815,0.00308798745987815,0.0,0.00308798745987815,0.00308798745987815,0.25,0.25,0.0,0.25,0.25,1.0,1.0,0.0,1.0,1.0,0.9996336862666576,0.9996336862666576,0.0,0.9996336862666576,0.9996336862666576,0.2484570374364597,0.2484570374364597,0.0,0.2484570374364597,0.2484570374364597,0.0
1.0,REAL,8,1,0.9980554245101487,0.9980554245101487,0.0,0.9980554245101487,0.9980554245101487,0.0006535293369829276,0.0006535293369829276,0.0,0.0006535293369829276,0.0006535293369829276,0.125,0.125,0.0,0.125,0.125,1.0,1.0,0.0,1.0,1.0,0.9996194878202785,0.9996194878202785,0.0,0.9996194878202785,0.9996194878202785,0.12475692806376859,0.12475692806376859,0.0,0.12475692806376859,0.12475692806376859,1.0
1.0,REAL,12,1,0.9981022571623135,0.9981022571623135,0.0,0.9981022571623135,0.9981022571623135,0.0004948832518518742,0.0004948832518518742,0.0,0.0004948832518518742,0.0004948832518518742,0.08333333333333333,0.08333333333333333,0.0,0.08333333333333333,0.08333333333333333,1.0,1.0,0.0,1.0,1.0,0.9995220614049284,0.9995220614049284,0.0,0.9995220614049284,0.9995220614049284,0.08317518809685946,0.08317518809685946,0.0,0.08317518809685946,0.08317518809685946,1.0
1.0,REAL,16,1,0.9981357370964351,0.9981357370964351,0.0,0.9981357370964351,0.9981357370964351,0.0004181285659079492,0.0004181285659079492,0.0,0.0004181285659079492,0.0004181285659079492,0.0625,0.0625,0.0,0.0625,0.0625,1.0,1.0,0.0,1.0,1.0,0.9995216754049254,0.9995216754049254,0.0,0.9995216754049254,0.9995216754049254,0.062383483568527194,0.062383483568527194,0.0,0.062383483568527194,0.062383483568527194,1.0
1.2,CHEM_EXCITATION,2,1,0.9829768011648733,0.9829768011648733,0.0,0.9829768011648733,0.9829768011648733,0.016815027638992674,0.016815027638992674,0.0,0.016815027638992674,0.016815027638992674,0.5,0.5,0.0,0.5,0.5,1.0,1.0,0.0,1.0,1.0,0.9963233337135315,0.9963233337135315,0.0,0.9963233337135315,0.9963233337135315,0.49148840058243665,0.49148840058243665,0.0,0.49148840058243665,0.49148840058243665,0.0
1.2,CHEM_EXCITATION,4,1,0.9839416790458977,0.9839416790458977,0.0,0.9839416790458977,0.9839416790458977,0.016815027638987345,0.016815027638987345,0.0,0.016815027638987345,0.016815027638987345,0.25,0.25,0.0,0.25,0.25,1.0,1.0,0.0,1.0,1.0,0.9953013211803119,0.9953013211803119,0.0,0.9953013211803119,0.9953013211803119,0.24598541976147442,0.24598541976147442,0.0,0.24598541976147442,0.24598541976147442,0.0
1.2,CHEM_EXCITATION,8,1,0.9839427288081714,0.9839427288081714,0.0,0.9839427288081714,0.9839427288081714,0.016815027638989122,0.016815027638989122,0.0,0.016815027638989122,0.016815027638989122,0.125,0.125,0.0,0.125,0.125,1.0,1.0,0.0,1.0,1.0,0.9943158903447837,0.9943158903447837,0.0,0.9943158903447837,0.9943158903447837,0.12299284110102142,0.12299284110102142,0.0,0.12299284110102142,0.12299284110102142,0.0
1.2,CHEM_EXCITATION,12,1,0.9839440515811935,0.9839440515811935,0.0,0.9839440515811935,0.9839440515811935,0.01681502763898557,0.01681502763898557,0.0,0.01681502763898557,0.01681502763898557,0.08333333333333333,0.08333333333333333,0.0,0.08333333333333333,0.08333333333333333,1.0,1.0,0.0,1.0,1.0,0.9941914002420754,0.9941914002420754,0.0,0.9941914002420754,0.9941914002420754,0.08199533763176613,0.08199533763176613,0.0,0.08199533763176613,0.08199533763176613,0.0
1.2,CHEM_EXCITATION,16,1,0.9839442300238235,0.9839442300238235,0.0,0.9839442300238235,0.9839442300238235,0.016815027638989122,0.016815027638989122,0.0,0.016815027638989122,0.016815027638989122,0.0625,0.0625,0.0,0.0625,0.0625,1.0,1.0,0.0,1.0,1.0,0.9941864338989725,0.9941864338989725,0.0,0.9941864338989725,0.9941864338989725,0.06149651437648897,0.06149651437648897,0.0,0.06149651437648897,0.06149651437648897,0.0
1.2,EN2,2,1,0.9911805297213808,0.9911805297213808,0.0,0.9911805297213808,0.9911805297213808,0.004896021522343474,0.004896021522343474,0.0,0.004896021522343474,0.004896021522343474,0.5,0.5,0.0,0.5,0.5,1.0,1.0,0.0,1.0,1.0,1.0,1.0,0.0,1.0,1.0,0.4955902648606904,0.4955902648606904,0.0,0.4955902648606904,0.4955902648606904,0.0
1.2,EN2,4,1,0.9953369566329836,0.9953369566329836,0.0,0.9953369566329836,0.9953369566329836,0.0022972999548276363,0.0022972999548276363,0.0,0.0022972999548276363,0.0022972999548276363,0.25,0.25,0.0,0.25,0.25,1.0,1.0,0.0,1.0,1.0,1.0,1.0,0.0,1.0,1.0,0.2488342391582459,0.2488342391582459,0.0,0.2488342391582459,0.2488342391582459,0.0
1.2,EN2,8,1,0.997999081356092,0.997999081356092,0.0,0.997999081356092,0.997999081356092,0.0004890799378518551,0.0004890799378518551,0.0,0.0004890799378518551,0.0004890799378518551,0.125,0.125,0.0,0.125,0.125,1.0,1.0,0.0,1.0,1.0,0.9996927105412693,0.9996927105412693,0.0,0.9996927105412693,0.9996927105412693,0.1247498851695115,0.1247498851695115,0.0,0.1247498851695115,0.1247498851695115,1.0
1.2,EN2,12,1,0.9980362534816164,0.9980362534816164,0.0,0.9980362534816164,0.9980362534816164,0.00041049738324439033,0.00041049738324439033,0.0,0.00041049738324439033,0.00041049738324439033,0.08333333333333333,0.08333333333333333,0.0,0.08333333333333333,0.08333333333333333,1.0,1.0,0.0,1.0,1.0,0.9995747434434684,0.9995747434434684,0.0,0.9995747434434684,0.9995747434434684,0.0831696877901347,0.0831696877901347,0.0,0.0831696877901347,0.0831696877901347,1.0
1.2,EN2,16,1,0.9980518632845219,0.9980518632845219,0.0,0.9980518632845219,0.9980518632845219,0.00034852936962970205,0.00034852936962970205,0.0,0.00034852936962970205,0.00034852936962970205,0.0625,0.0625,0.0,0.0625,0.0625,1.0,1.0,0.0,1.0,1.0,0.9995724985846611,0.9995724985846611,0.0,0.9995724985846611,0.9995724985846611,0.06237824145528262,0.06237824145528262,0.0,0.06237824145528262,0.06237824145528262,1.0
1.2,RANDOM,2,12,0.0003467898248133603,1.5520424977333389e-37,0.0007746308901449855,1.192758828033814e-42,0.0020792632180750724,3.2336484740792533,2.818642225356851,2.01327696315963,0.2266549076680242,6.39355145192013,0.0,0.0,0.0,0.0,0.0,0.0,0.0,0.0,0.0,0.0,0.00020036534524218858,0.0,0.00046096419346585376,0.0,0.0014722644272140086,0.00017339491240668016,7.760212488666694e-38,0.00038731544507249275,5.96379414016907e-43,0.0010396316090375362,0.0
1.2,RANDOM,4,12,0.00034829549984393137,1.998390701492223e-06,0.00077398855201797,1.1935009771756323e-42,0.0020793772908181047,2.260754623569286,2.7172713316673143,1.3725792300358535,0.2266549076680242,5.34087278182152,0.0,0.0,0.0,0.0,0.0,0.0,0.0,0.0,0.0,0.0,0.00020060270894008147,6.976144831015732e-07,0.00046011908881304556,0.0,0.0014702523302970913,8.707387496098284e-05,4.995976753730557e-07,0.0001934971380044925,2.983752442939081e-43,0.0005198443227045262,0.0
1.2,RANDOM,8,12,0.08226574341663384,1.0885775649632974e-05,0.27128485641150385,2.7822205690202097e-09,0.9820121829417209,1.2717744629091765,0.8455260153303641,0.9746090536129327,0.01681445422405048,2.6021320525821814,0.010416666666666666,0.0,0.03454817489953541,0.0,0.125,0.08333333333333333,0.0,0.2763853991962833,0.0,1.0,0.027821539679054957,3.184960537956732e-06,0.0914676312149586,9.82364670807418e-10,0.3311816720375388,0.01028321792707923,1.3607219562041218e-06,0.03391060705143798,3.477775711275262e-10,0.12275152286771511,0.0
1.2,RANDOM,12,12,0.16418208425188163,1.3752152955542783e-05,0.365962096302327,2.0746199027210025e-07,0.9829804532417614,0.7825672841679868,0.7217447412385543,0.7724734621772441,0.016803471274005943,2.404921583369667,0.013888888888888888,0.0,0.031056499687497085,0.0,0.08333333333333333,0.16666666666666666,0.0,0.3726779962499649,0.0,1.0,0.05020538324884613,4.783632007364095e-06,0.1124066174912225,4.443425778041547e-08,0.3311401155222951,0.013681840354323472,1.146012746295232e-06,0.030496841358527243,1.7288499189341688e-08,0.08191503777014679,0.0
1.2,RANDOM,16,12,0.1642629307997677,0.0004920740603586888,0.3659259253685185,2.0746199027210025e-07,0.9829804576842422,0.5787231713100229,0.4173743622195465,0.6080010985464502,0.016803471274000614,2.3078121059766703,0.010416666666666666,0.0,0.023292374765622806,0.0,0.0625,0.16666666666666666,0.0,0.3726779962499649,0.0,1.0,0.05021974363340495,9.135457961853183e-05,0.11239953665714186,4.443403443766298e-08,0.33113845184601404,0.010266433174985481,3.075462877241805e-05,0.022870370335532405,1.2966374392006266e-08,0.06143627860526514,0.0
1.2,REAL,2,1,0.9911805297213808,0.9911805297213808,0.0,0.9911805297213808,0.9911805297213808,0.004896021522343474,0.004896021522343474,0.0,0.004896021522343474,0.004896021522343474,0.5,0.5,0.0,0.5,0.5,1.0,1.0,0.0,1.0,1.0,1.0,1.0,0.0,1.0,1.0,0.4955902648606904,0.4955902648606904,0.0,0.4955902648606904,0.4955902648606904,0.0
1.2,REAL,4,1,0.993268843908301,0.993268843908301,0.0,0.993268843908301,0.993268843908301,0.003244915842168794,0.003244915842168794,0.0,0.003244915842168794,0.003244915842168794,0.25,0.25,0.0,0.25,0.25,1.0,1.0,0.0,1.0,1.0,0.9993189884857296,0.9993189884857296,0.0,0.9993189884857296,0.9993189884857296,0.24831721097707524,0.24831721097707524,0.0,0.24831721097707524,0.24831721097707524,0.0
1.2,REAL,8,1,0.9979990813560919,0.9979990813560919,0.0,0.9979990813560919,0.9979990813560919,0.0004890799378536315,0.0004890799378536315,0.0,0.0004890799378536315,0.0004890799378536315,0.125,0.125,0.0,0.125,0.125,1.0,1.0,0.0,1.0,1.0,0.9995555603067476,0.9995555603067476,0.0,0.9995555603067476,0.9995555603067476,0.12474988516951149,0.12474988516951149,0.0,0.12474988516951149,0.12474988516951149,1.0
1.2,REAL,12,1,0.9980362534816163,0.9980362534816163,0.0,0.9980362534816163,0.9980362534816163,0.00041049738324439033,0.00041049738324439033,0.0,0.00041049738324439033,0.00041049738324439033,0.08333333333333333,0.08333333333333333,0.0,0.08333333333333333,0.08333333333333333,1.0,1.0,0.0,1.0,1.0,0.9994376104187267,0.9994376104187267,0.0,0.9994376104187267,0.9994376104187267,0.08316968779013469,0.08316968779013469,0.0,0.08316968779013469,0.08316968779013469,1.0
1.2,REAL,16,1,0.9980528339953549,0.9980528339953549,0.0,0.9980528339953549,0.9980528339953549,0.0003661230368141588,0.0003661230368141588,0.0,0.0003661230368141588,0.0003661230368141588,0.0625,0.0625,0.0,0.0625,0.0625,1.0,1.0,0.0,1.0,1.0,0.9994355609953534,0.9994355609953534,0.0,0.9994355609953534,0.9994355609953534,0.062378302124709684,0.062378302124709684,0.0,0.062378302124709684,0.062378302124709684,1.0
1.4,CHEM_EXCITATION,2,1,0.9807690378252121,0.9807690378252121,0.0,0.9807690378252121,0.9807690378252121,0.01791499125598328,0.01791499125598328,0.0,0.01791499125598328,0.01791499125598328,0.5,0.5,0.0,0.5,0.5,1.0,1.0,0.0,1.0,1.0,0.9958580827576088,0.9958580827576088,0.0,0.9958580827576088,0.9958580827576088,0.49038451891260604,0.49038451891260604,0.0,0.49038451891260604,0.49038451891260604,0.0
1.4,CHEM_EXCITATION,4,1,0.9819054033306527,0.9819054033306527,0.0,0.9819054033306527,0.9819054033306527,0.017914991255961965,0.017914991255961965,0.0,0.017914991255961965,0.017914991255961965,0.25,0.25,0.0,0.25,0.25,1.0,1.0,0.0,1.0,1.0,0.9945694790507064,0.9945694790507064,0.0,0.9945694790507064,0.9945694790507064,0.24547635083266317,0.24547635083266317,0.0,0.24547635083266317,0.24547635083266317,0.0
1.4,CHEM_EXCITATION,8,1,0.9819109733910382,0.9819109733910382,0.0,0.9819109733910382,0.9819109733910382,0.01791499125596374,0.01791499125596374,0.0,0.01791499125596374,0.01791499125596374,0.125,0.125,0.0,0.125,0.125,1.0,1.0,0.0,1.0,1.0,0.9935770546314061,0.9935770546314061,0.0,0.9935770546314061,0.9935770546314061,0.12273887167387977,0.12273887167387977,0.0,0.12273887167387977,0.12273887167387977,0.0
1.4,CHEM_EXCITATION,12,1,0.9819167258365853,0.9819167258365853,0.0,0.9819167258365853,0.9819167258365853,0.017914991255965518,0.017914991255965518,0.0,0.017914991255965518,0.017914991255965518,0.08333333333333333,0.08333333333333333,0.0,0.08333333333333333,0.08333333333333333,1.0,1.0,0.0,1.0,1.0,0.9934075775801443,0.9934075775801443,0.0,0.9934075775801443,0.9934075775801443,0.08182639381971545,0.08182639381971545,0.0,0.08182639381971545,0.08182639381971545,0.0
1.4,CHEM_EXCITATION,16,1,0.9819169373925739,0.9819169373925739,0.0,0.9819169373925739,0.9819169373925739,0.01791499125596019,0.01791499125596019,0.0,0.01791499125596019,0.01791499125596019,0.0625,0.0625,0.0,0.0625,0.0625,1.0,1.0,0.0,1.0,1.0,0.9934021956188135,0.9934021956188135,0.0,0.9934021956188135,0.9934021956188135,0.06136980858703587,0.06136980858703587,0.0,0.06136980858703587,0.06136980858703587,0.0
1.4,EN2,2,1,0.9899807447188832,0.9899807447188832,0.0,0.9899807447188832,0.9899807447188832,0.005165072143265448,0.005165072143265448,0.0,0.005165072143265448,0.005165072143265448,0.5,0.5,0.0,0.5,0.5,1.0,1.0,0.0,1.0,1.0,1.0,1.0,0.0,1.0,1.0,0.4949903723594416,0.4949903723594416,0.0,0.4949903723594416,0.4949903723594416,0.0
1.4,EN2,4,1,0.9951268275456627,0.9951268275456627,0.0,0.9951268275456627,0.9951268275456627,0.0021626831890397824,0.0021626831890397824,0.0,0.0021626831890397824,0.0021626831890397824,0.25,0.25,0.0,0.25,0.25,1.0,1.0,0.0,1.0,1.0,1.0,1.0,0.0,1.0,1.0,0.24878170688641568,0.24878170688641568,0.0,0.24878170688641568,0.24878170688641568,0.0
1.4,EN2,8,1,0.9976622042183647,0.9976622042183647,0.0,0.9976622042183647,0.9976622042183647,0.00048706037643064803,0.00048706037643064803,0.0,0.00048706037643064803,0.00048706037643064803,0.125,0.125,0.0,0.125,0.125,1.0,1.0,0.0,1.0,1.0,0.9996464060737253,0.9996464060737253,0.0,0.9996464060737253,0.9996464060737253,0.12470777552729559,0.12470777552729559,0.0,0.12470777552729559,0.12470777552729559,1.0
1.4,EN2,12,1,0.9977003930277386,0.9977003930277386,0.0,0.9977003930277386,0.9977003930277386,0.0004087096494824749,0.0004087096494824749,0.0,0.0004087096494824749,0.0004087096494824749,0.08333333333333333,0.08333333333333333,0.0,0.08333333333333333,0.08333333333333333,1.0,1.0,0.0,1.0,1.0,0.9994823614072187,0.9994823614072187,0.0,0.9994823614072187,0.9994823614072187,0.08314169941897821,0.08314169941897821,0.0,0.08314169941897821,0.08314169941897821,1.0
1.4,EN2,16,1,0.997708649316581,0.997708649316581,0.0,0.997708649316581,0.997708649316581,0.0003691229107367633,0.0003691229107367633,0.0,0.0003691229107367633,0.0003691229107367633,0.0625,0.0625,0.0,0.0625,0.0625,1.0,1.0,0.0,1.0,1.0,0.9994784074347751,0.9994784074347751,0.0,0.9994784074347751,0.9994784074347751,0.06235679058228631,0.06235679058228631,0.0,0.06235679058228631,0.06235679058228631,1.0
1.4,RANDOM,2,12,0.00042947158869885204,6.128782519141215e-38,0.0009600008380880052,8.974210459303052e-43,0.002578611473775244,3.193065735024741,2.775733765065441,2.0073371437737166,0.22678223899966632,6.274932248755615,0.0,0.0,0.0,0.0,0.0,0.0,0.0,0.0,0.0,0.0,0.00024888638333785525,0.0,0.0005729062341591892,0.0,0.0018282800928324492,0.00021473579434942602,3.0643912595706077e-38,0.0004800004190440026,4.487105229651526e-43,0.001289305736887622,0.0
1.4,RANDOM,4,12,0.00043052668686553833,4.842845835839356e-07,0.000959684824871604,9.185809271669595e-43,0.002579290474564825,2.2203925704128147,2.6609786186764546,1.3686648995406672,0.22678223899966632,5.338809364713008,0.0,0.0,0.0,0.0,0.0,0.0,0.0,0.0,0.0,0.0,0.00024883197413241674,1.4779668373236075e-07,0.0005718115619114817,0.0,0.0018251757783449988,0.00010763167171638458,1.210711458959839e-07,0.000239921206217901,2.296452317917399e-43,0.0006448226186412063,0.0
1.4,RANDOM,8,12,0.0821645042745614,1.028862812964992e-05,0.2705986441933827,1.840828092448037e-09,0.9796331011099185,1.2484405161597187,0.8064747783910207,0.9676093085343409,0.01791483316801923,2.54523599221314,0.010416666666666666,0.0,0.03454817489953541,0.0,0.125,0.08333333333333333,0.0,0.2763853991962833,0.0,1.0,0.027849400157926214,3.0294515754674366e-06,0.09137149481776327,6.515712109321241e-10,0.3308886750356607,0.010270563034320175,1.28607851620624e-06,0.03382483052417284,2.3010351155600463e-10,0.12245413763873982,0.0
1.4,RANDOM,12,12,0.1638963620891897,1.204484561355952e-05,0.36506417533736324,1.2837220164629725e-07,0.9807704993818258,0.7630778312573024,0.6842843732272952,0.7637831546871803,0.017911592410092325,2.3796297234375583,0.013888888888888888,0.0,0.031056499687497085,0.0,0.08333333333333333,0.16666666666666666,0.0,0.3726779962499649,0.0,1.0,0.050213789122420575,3.923840463529918e-06,0.11228731442146456,2.7590012952479372e-08,0.3308318274167458,0.01365803017409914,1.0037371344632934e-06,0.030422014611446935,1.0697683470524771e-08,0.08173087494848548,0.0
1.4,RANDOM,16,12,0.1639911776106349,0.000577910232174336,0.365021747254857,1.2837220164629725e-07,0.9807705109486842,0.5644306405278122,0.4004952573505456,0.598440079102189,0.017911592410092325,2.284420373134691,0.010416666666666666,0.0,0.023292374765622806,0.0,0.0625,0.16666666666666666,0.0,0.3726779962499649,0.0,1.0,0.05023069829119849,0.00010631138297057925,0.11227903315863036,2.7589862461288515e-08,0.33083002421253144,0.01024944860066468,3.6119389510896e-05,0.02281385920342856,8.023262602893578e-09,0.06129815693429276,0.0
1.4,REAL,2,1,0.9899807447188832,0.9899807447188832,0.0,0.9899807447188832,0.9899807447188832,0.005165072143265448,0.005165072143265448,0.0,0.005165072143265448,0.005165072143265448,0.5,0.5,0.0,0.5,0.5,1.0,1.0,0.0,1.0,1.0,1.0,1.0,0.0,1.0,1.0,0.4949903723594416,0.4949903723594416,0.0,0.4949903723594416,0.4949903723594416,0.0
1.4,REAL,4,1,0.9951268275456627,0.9951268275456627,0.0,0.9951268275456627,0.9951268275456627,0.0021626831890397824,0.0021626831890397824,0.0,0.0021626831890397824,0.0021626831890397824,0.25,0.25,0.0,0.25,0.25,1.0,1.0,0.0,1.0,1.0,1.0,1.0,0.0,1.0,1.0,0.24878170688641568,0.24878170688641568,0.0,0.24878170688641568,0.24878170688641568,0.0
1.4,REAL,8,1,0.9976622042183647,0.9976622042183647,0.0,0.9976622042183647,0.9976622042183647,0.00048706037643064803,0.00048706037643064803,0.0,0.00048706037643064803,0.00048706037643064803,0.125,0.125,0.0,0.125,0.125,1.0,1.0,0.0,1.0,1.0,0.9996464060737253,0.9996464060737253,0.0,0.9996464060737253,0.9996464060737253,0.12470777552729559,0.12470777552729559,0.0,0.12470777552729559,0.12470777552729559,1.0
1.4,REAL,12,1,0.9977003930277386,0.9977003930277386,0.0,0.9977003930277386,0.9977003930277386,0.0004087096494824749,0.0004087096494824749,0.0,0.0004087096494824749,0.0004087096494824749,0.08333333333333333,0.08333333333333333,0.0,0.08333333333333333,0.08333333333333333,1.0,1.0,0.0,1.0,1.0,0.9994823614072187,0.9994823614072187,0.0,0.9994823614072187,0.9994823614072187,0.08314169941897821,0.08314169941897821,0.0,0.08314169941897821,0.08314169941897821,1.0
1.4,REAL,16,1,0.9977097279264918,0.9977097279264918,0.0,0.9977097279264918,0.9977097279264918,0.0003684523556533037,0.0003684523556533037,0.0,0.0003684523556533037,0.0003684523556533037,0.0625,0.0625,0.0,0.0625,0.0625,1.0,1.0,0.0,1.0,1.0,0.9994785982909965,0.9994785982909965,0.0,0.9994785982909965,0.9994785982909965,0.06235685799540574,0.06235685799540574,0.0,0.06235685799540574,0.06235685799540574,1.0
1.6,CHEM_EXCITATION,2,1,0.9756555322137941,0.9756555322137941,0.0,0.9756555322137941,0.9756555322137941,0.020459609074844565,0.020459609074844565,0.0,0.020459609074844565,0.020459609074844565,0.5,0.5,0.0,0.5,0.5,1.0,1.0,0.0,1.0,1.0,0.9947929992842245,0.9947929992842245,0.0,0.9947929992842245,0.9947929992842245,0.48782776610689704,0.48782776610689704,0.0,0.48782776610689704,0.48782776610689704,0.0
1.6,CHEM_EXCITATION,4,1,0.9771488118359377,0.9771488118359377,0.0,0.9771488118359377,0.9771488118359377,0.020459609074844565,0.020459609074844565,0.0,0.020459609074844565,0.020459609074844565,0.25,0.25,0.0,0.25,0.25,1.0,1.0,0.0,1.0,1.0,0.9929810445952643,0.9929810445952643,0.0,0.9929810445952643,0.9929810445952643,0.24428720295898443,0.24428720295898443,0.0,0.24428720295898443,0.24428720295898443,0.0
1.6,CHEM_EXCITATION,8,1,0.9771623646883528,0.9771623646883528,0.0,0.9771623646883528,0.9771623646883528,0.020459609074844565,0.020459609074844565,0.0,0.020459609074844565,0.020459609074844565,0.125,0.125,0.0,0.125,0.125,1.0,1.0,0.0,1.0,1.0,0.9917522541780383,0.9917522541780383,0.0,0.9917522541780383,0.9917522541780383,0.1221452955860441,0.1221452955860441,0.0,0.1221452955860441,0.1221452955860441,0.0
1.6,CHEM_EXCITATION,12,1,0.9771760764847706,0.9771760764847706,0.0,0.9771760764847706,0.9771760764847706,0.02045960907484279,0.02045960907484279,0.0,0.02045960907484279,0.02045960907484279,0.08333333333333333,0.08333333333333333,0.0,0.08333333333333333,0.08333333333333333,1.0,1.0,0.0,1.0,1.0,0.9915908845881527,0.9915908845881527,0.0,0.9915908845881527,0.9915908845881527,0.08143133970706422,0.08143133970706422,0.0,0.08143133970706422,0.08143133970706422,0.0
1.6,CHEM_EXCITATION,16,1,0.9771763296297088,0.9771763296297088,0.0,0.9771763296297088,0.9771763296297088,0.020459609074844565,0.020459609074844565,0.0,0.020459609074844565,0.020459609074844565,0.0625,0.0625,0.0,0.0625,0.0625,1.0,1.0,0.0,1.0,1.0,0.9915839594728922,0.9915839594728922,0.0,0.9915839594728922,0.9915839594728922,0.0610735206018568,0.0610735206018568,0.0,0.0610735206018568,0.0610735206018568,0.0
1.6,EN2,2,1,0.987149346559535,0.987149346559535,0.0,0.987149346559535,0.987149346559535,0.005890073227392989,0.005890073227392989,0.0,0.005890073227392989,0.005890073227392989,0.5,0.5,0.0,0.5,0.5,1.0,1.0,0.0,1.0,1.0,1.0,1.0,0.0,1.0,1.0,0.4935746732797675,0.4935746732797675,0.0,0.4935746732797675,0.4935746732797675,0.0
1.6,EN2,4,1,0.9942460797242324,0.9942460797242324,0.0,0.9942460797242324,0.9942460797242324,0.0022113866839532648,0.0022113866839532648,0.0,0.0022113866839532648,0.0022113866839532648,0.25,0.25,0.0,0.25,0.25,1.0,1.0,0.0,1.0,1.0,1.0,1.0,0.0,1.0,1.0,0.2485615199310581,0.2485615199310581,0.0,0.2485615199310581,0.2485615199310581,0.0
1.6,EN2,8,1,0.9969311504954212,0.9969311504954212,0.0,0.9969311504954212,0.9969311504954212,0.0005768569000395019,0.0005768569000395019,0.0,0.0005768569000395019,0.0005768569000395019,0.125,0.125,0.0,0.125,0.125,1.0,1.0,0.0,1.0,1.0,0.9994365890185133,0.9994365890185133,0.0,0.9994365890185133,0.9994365890185133,0.12461639381192766,0.12461639381192766,0.0,0.12461639381192766,0.12461639381192766,1.0
1.6,EN2,12,1,0.9969701326228686,0.9969701326228686,0.0,0.9969701326228686,0.9969701326228686,0.0004989728866249266,0.0004989728866249266,0.0,0.0004989728866249266,0.0004989728866249266,0.08333333333333333,0.08333333333333333,0.0,0.08333333333333333,0.08333333333333333,1.0,1.0,0.0,1.0,1.0,0.9992789128625723,0.9992789128625723,0.0,0.9992789128625723,0.9992789128625723,0.08308084438523905,0.08308084438523905,0.0,0.08308084438523905,0.08308084438523905,1.0
1.6,EN2,16,1,0.9969788815795397,0.9969788815795397,0.0,0.9969788815795397,0.9969788815795397,0.0004557266250504455,0.0004557266250504455,0.0,0.0004557266250504455,0.0004557266250504455,0.0625,0.0625,0.0,0.0625,0.0625,1.0,1.0,0.0,1.0,1.0,0.9992734845020257,0.9992734845020257,0.0,0.9992734845020257,0.9992734845020257,0.06231118009872123,0.06231118009872123,0.0,0.06231118009872123,0.06231118009872123,1.0
1.6,RANDOM,2,12,0.0005926275566538564,3.1069080268593057e-37,0.001325038203014543,3.619167787398945e-42,0.0035619194347638362,3.1457309188747136,2.736643510786923,2.0078488877993226,0.22292288864716703,6.155319340123015,0.0,0.0,0.0,0.0,0.0,0.0,0.0,0.0,0.0,0.0,0.0003458331538377661,0.0,0.0007960573282806776,0.0,0.0025385112842264625,0.0002963137783269282,1.5534540134296528e-37,0.0006625191015072715,1.8095838936994726e-42,0.0017809597173819181,0.0
1.6,RANDOM,4,12,0.0005937490156656148,3.2664677731132096e-07,0.0013250629172247752,5.822468651764669e-42,0.003564230594560201,2.169947505949412,2.5902217045600695,1.3723385612030121,0.22292288864716703,5.348273346723022,0.0,0.0,0.0,0.0,0.0,0.0,0.0,0.0,0.0,0.0,0.00034540963734990714,1.1301235641473908e-07,0.0007941437918835591,0.0,0.0025325381903929306,0.0001484372539164037,8.166169432783024e-08,0.0003312657293061938,1.4556171629411673e-42,0.0008910576486400502,0.0
1.6,RANDOM,8,12,0.08190253049204153,1.1618941356181835e-05,0.2690300165219541,7.697270443909734e-10,0.9741635178572727,1.2181242342335243,0.7425037210437679,0.9674286624341745,0.02045844661081553,2.4739295513323754,0.010416666666666666,0.0,0.03454817489953541,0.0,0.125,0.08333333333333333,0.0,0.2763853991962833,0.0,1.0,0.02789551341708971,3.2742782318636535e-06,0.09114626502221658,2.739710840356776e-10,0.3301824779221038,0.010237816311505192,1.4523676695227294e-06,0.03362875206524426,9.621588054887168e-11,0.12177043973215909,0.0
1.6,RANDOM,12,12,0.16320810067099173,1.1651238274267076e-05,0.3630064669672201,1.063513056255605e-07,0.9756560555435966,0.7338564357824534,0.6231576991571073,0.7584603461647006,0.020458446610811976,2.3622803472728577,0.013888888888888888,0.0,0.031056499687497085,0.0,0.08333333333333333,0.16666666666666666,0.0,0.3726779962499649,0.0,1.0,0.0502182794029964,3.649706908992183e-06,0.11202010768236563,2.2672452134591862e-08,0.33012777610507277,0.01360067505591598,9.709365228555897e-07,0.030250538913935008,8.862608802130042e-09,0.08130467129529971,0.0
1.6,RANDOM,16,12,0.16333272157919268,0.000758645060117864,0.36295067865639646,1.063513056255605e-07,0.9756560759372845,0.5404310122658507,0.37077871564476883,0.5888542928705345,0.020458446607628744,2.266280643190343,0.010416666666666666,0.0,0.023292374765622806,0.0,0.0625,0.16666666666666666,0.0,0.3726779962499649,0.0,1.0,0.05024063984661269,0.00013955854177029968,0.1120091646570996,2.267229278587132e-08,0.33012545793382153,0.010208295098699543,4.74153162573665e-05,0.02268441741602478,6.6469566015975316e-09,0.060978504746080284,0.0
1.6,REAL,2,1,0.987149346559535,0.987149346559535,0.0,0.987149346559535,0.987149346559535,0.005890073227392989,0.005890073227392989,0.0,0.005890073227392989,0.005890073227392989,0.5,0.5,0.0,0.5,0.5,1.0,1.0,0.0,1.0,1.0,1.0,1.0,0.0,1.0,1.0,0.4935746732797675,0.4935746732797675,0.0,0.4935746732797675,0.4935746732797675,0.0
1.6,REAL,4,1,0.9942460797242324,0.9942460797242324,0.0,0.9942460797242324,0.9942460797242324,0.0022113866839532648,0.0022113866839532648,0.0,0.0022113866839532648,0.0022113866839532648,0.25,0.25,0.0,0.25,0.25,1.0,1.0,0.0,1.0,1.0,1.0,1.0,0.0,1.0,1.0,0.2485615199310581,0.2485615199310581,0.0,0.2485615199310581,0.2485615199310581,0.0
1.6,REAL,8,1,0.9969311504954212,0.9969311504954212,0.0,0.9969311504954212,0.9969311504954212,0.0005768569000395019,0.0005768569000395019,0.0,0.0005768569000395019,0.0005768569000395019,0.125,0.125,0.0,0.125,0.125,1.0,1.0,0.0,1.0,1.0,0.9994365890185133,0.9994365890185133,0.0,0.9994365890185133,0.9994365890185133,0.12461639381192766,0.12461639381192766,0.0,0.12461639381192766,0.12461639381192766,1.0
1.6,REAL,12,1,0.9969701326228686,0.9969701326228686,0.0,0.9969701326228686,0.9969701326228686,0.0004989728866249266,0.0004989728866249266,0.0,0.0004989728866249266,0.0004989728866249266,0.08333333333333333,0.08333333333333333,0.0,0.08333333333333333,0.08333333333333333,1.0,1.0,0.0,1.0,1.0,0.9992789128625723,0.9992789128625723,0.0,0.9992789128625723,0.9992789128625723,0.08308084438523905,0.08308084438523905,0.0,0.08308084438523905,0.08308084438523905,1.0
1.6,REAL,16,1,0.9969788815795397,0.9969788815795397,0.0,0.9969788815795397,0.9969788815795397,0.0004557266250504455,0.0004557266250504455,0.0,0.0004557266250504455,0.0004557266250504455,0.0625,0.0625,0.0,0.0625,0.0625,1.0,1.0,0.0,1.0,1.0,0.9992734845020257,0.9992734845020257,0.0,0.9992734845020257,0.9992734845020257,0.06231118009872123,0.06231118009872123,0.0,0.06231118009872123,0.06231118009872123,1.0
2.0,CHEM_EXCITATION,2,1,0.9519845613817177,0.9519845613817177,0.0,0.9519845613817177,0.9519845613817177,0.030182187844413733,0.030182187844413733,0.0,0.030182187844413733,0.030182187844413733,0.5,0.5,0.0,0.5,0.5,0.5,0.5,0.0,0.5,0.5,0.9909215442947265,0.9909215442947265,0.0,0.9909215442947265,0.9909215442947265,0.47599228069085886,0.47599228069085886,0.0,0.47599228069085886,0.47599228069085886,0.0
2.0,CHEM_EXCITATION,4,1,0.9554390875540989,0.9554390875540989,0.0,0.9554390875540989,0.9554390875540989,0.030182187844411956,0.030182187844411956,0.0,0.030182187844411956,0.030182187844411956,0.25,0.25,0.0,0.25,0.25,0.5,0.5,0.0,0.5,0.5,0.986482439532643,0.986482439532643,0.0,0.986482439532643,0.986482439532643,0.23885977188852472,0.23885977188852472,0.0,0.23885977188852472,0.23885977188852472,0.0
2.0,CHEM_EXCITATION,8,1,0.9554860589735189,0.9554860589735189,0.0,0.9554860589735189,0.9554860589735189,0.030182187844408404,0.030182187844408404,0.0,0.030182187844408404,0.030182187844408404,0.125,0.125,0.0,0.125,0.125,0.5,0.5,0.0,0.5,0.5,0.9836087138415773,0.9836087138415773,0.0,0.9836087138415773,0.9836087138415773,0.11943575737168986,0.11943575737168986,0.0,0.11943575737168986,0.11943575737168986,0.0
2.0,CHEM_EXCITATION,12,1,0.955533146320006,0.955533146320006,0.0,0.955533146320006,0.955533146320006,0.030182187844408404,0.030182187844408404,0.0,0.030182187844408404,0.030182187844408404,0.08333333333333333,0.08333333333333333,0.0,0.08333333333333333,0.08333333333333333,0.5,0.5,0.0,0.5,0.5,0.9834889557049428,0.9834889557049428,0.0,0.9834889557049428,0.9834889557049428,0.07962776219333383,0.07962776219333383,0.0,0.07962776219333383,0.07962776219333383,0.0
2.0,CHEM_EXCITATION,16,1,0.955533494268765,0.955533494268765,0.0,0.955533494268765,0.955533494268765,0.030182187844413733,0.030182187844413733,0.0,0.030182187844413733,0.030182187844413733,0.0625,0.0625,0.0,0.0625,0.0625,0.5,0.5,0.0,0.5,0.5,0.9834815157848824,0.9834815157848824,0.0,0.9834815157848824,0.9834815157848824,0.05972084339179781,0.05972084339179781,0.0,0.05972084339179781,0.05972084339179781,0.0
2.0,EN2,2,1,0.9713201469287873,0.9713201469287873,0.0,0.9713201469287873,0.9713201469287873,0.00950061081203657,0.00950061081203657,0.0,0.00950061081203657,0.00950061081203657,1.0,1.0,0.0,1.0,1.0,1.0,1.0,0.0,1.0,1.0,1.0,1.0,0.0,1.0,1.0,0.48566007346439366,0.48566007346439366,0.0,0.48566007346439366,0.48566007346439366,0.0
2.0,EN2,4,1,0.9881516278486983,0.9881516278486983,0.0,0.9881516278486983,0.9881516278486983,0.0030671577929659577,0.0030671577929659577,0.0,0.0030671577929659577,0.0030671577929659577,0.5,0.5,0.0,0.5,0.5,1.0,1.0,0.0,1.0,1.0,1.0,1.0,0.0,1.0,1.0,0.24703790696217456,0.24703790696217456,0.0,0.24703790696217456,0.24703790696217456,0.0
2.0,EN2,8,1,0.992927631309983,0.992927631309983,0.0,0.992927631309983,0.992927631309983,0.0010225955973215406,0.0010225955973215406,0.0,0.0010225955973215406,0.0010225955973215406,0.25,0.25,0.0,0.25,0.25,1.0,1.0,0.0,1.0,1.0,0.9982687575070383,0.9982687575070383,0.0,0.9982687575070383,0.9982687575070383,0.12411595391374787,0.12411595391374787,0.0,0.12411595391374787,0.12411595391374787,1.0
2.0,EN2,12,1,0.9929688291979782,0.9929688291979782,0.0,0.9929688291979782,0.9929688291979782,0.0009454926716383483,0.0009454926716383483,0.0,0.0009454926716383483,0.0009454926716383483,0.16666666666666666,0.16666666666666666,0.0,0.16666666666666666,0.16666666666666666,1.0,1.0,0.0,1.0,1.0,0.9981452773012233,0.9981452773012233,0.0,0.9981452773012233,0.9981452773012233,0.08274740243316485,0.08274740243316485,0.0,0.08274740243316485,0.08274740243316485,1.0
2.0,EN2,16,1,0.9929794049538224,0.9929794049538224,0.0,0.9929794049538224,0.9929794049538224,0.0008944069046457059,0.0008944069046457059,0.0,0.0008944069046457059,0.0008944069046457059,0.125,0.125,0.0,0.125,0.125,1.0,1.0,0.0,1.0,1.0,0.9981396195077875,0.9981396195077875,0.0,0.9981396195077875,0.9981396195077875,0.0620612128096139,0.0620612128096139,0.0,0.0620612128096139,0.0620612128096139,1.0
2.0,RANDOM,2,12,0.001406641961315313,1.1534300773279693e-36,0.0031453289340948104,1.6634232187363448e-41,0.008462711879375506,3.061916933294539,2.669169458506123,2.020142061321002,0.212758251305182,5.96452289272779,0.0,0.0,0.0,0.0,0.0,0.0,0.0,0.0,0.0,0.0,0.0008488671607362759,0.0,0.001953503054019522,0.0,0.006224662222727488,0.0007033209806576565,5.7671503866398465e-37,0.0015726644670474052,8.317116093681724e-42,0.004231355939687753,0.0
2.0,RANDOM,4,12,0.0014082426981037322,9.597317971565985e-08,0.0031458326248149657,5.387085331297853e-41,0.008467998273802759,2.075900073307643,2.462378063177496,1.3891397639026175,0.212758251305182,5.381153964426698,0.0,0.0,0.0,0.0,0.0,0.0,0.0,0.0,0.0,0.0,0.0008445422422739282,5.276350498348037e-08,0.0019423320211142292,0.0,0.006188866518260828,0.00035206067452593306,2.3993294928914963e-08,0.0007864581562037414,1.3467713328244634e-41,0.0021169995684506898,0.0
2.0,RANDOM,8,12,0.08074781674035478,1.1938325862134896e-05,0.2616657284247307,1.1831164118039562e-10,0.9485333257288698,1.160930544320372,0.6093006938139984,0.976642184643342,0.03017928991825869,2.34504701398577,0.010416666666666666,0.0,0.03454817489953541,0.0,0.125,0.041666666666666664,0.0,0.13819269959814165,0.0,0.5,0.028168293098795108,3.7623226702307375e-06,0.09009514975647438,4.324510377177497e-11,0.3269137370200573,0.010093477092544347,1.492290732766862e-06,0.032708216053091335,1.4788955147549452e-11,0.11856666571610873,0.0
2.0,RANDOM,12,12,0.16008080329630936,1.2036209838433125e-05,0.35339247617599406,1.6695416037842862e-07,0.9519846625785046,0.675423185283111,0.49547198789921243,0.7551722464589619,0.030179289918260466,2.340809775051131,0.013888888888888888,0.0,0.031056499687497085,0.0,0.08333333333333333,0.08333333333333333,0.0,0.18633899812498245,0.0,0.5,0.050304842617509705,3.782520764460974e-06,0.1107830390961707,3.5464041795940776e-08,0.32687049090923725,0.013340066941359113,1.0030174865360938e-06,0.029449373014666172,1.3912846698202385e-08,0.07933205521487538,0.0
2.0,RANDOM,16,12,0.16036925281426165,0.0017409132639989147,0.3532631073014711,1.6695416037842862e-07,0.9519847099696903,0.488083016708996,0.3074915338343889,0.5746814384747241,0.030179289910025275,2.241141147400681,0.010416666666666666,0.0,0.023292374765622806,0.0,0.0625,0.08333333333333333,0.0,0.18633899812498245,0.0,0.5,0.05035848463597887,0.0003274708278699437,0.11075780807796225,3.5463771273062566e-08,0.32686800215658274,0.010023078300891353,0.00010880707899993217,0.022078944206341943,1.0434635023651789e-08,0.059499044373105645,0.0
2.0,REAL,2,1,0.9713201469287873,0.9713201469287873,0.0,0.9713201469287873,0.9713201469287873,0.00950061081203657,0.00950061081203657,0.0,0.00950061081203657,0.00950061081203657,1.0,1.0,0.0,1.0,1.0,1.0,1.0,0.0,1.0,1.0,1.0,1.0,0.0,1.0,1.0,0.48566007346439366,0.48566007346439366,0.0,0.48566007346439366,0.48566007346439366,0.0
2.0,REAL,4,1,0.9881516278486983,0.9881516278486983,0.0,0.9881516278486983,0.9881516278486983,0.0030671577929659577,0.0030671577929659577,0.0,0.0030671577929659577,0.0030671577929659577,0.5,0.5,0.0,0.5,0.5,1.0,1.0,0.0,1.0,1.0,1.0,1.0,0.0,1.0,1.0,0.24703790696217456,0.24703790696217456,0.0,0.24703790696217456,0.24703790696217456,0.0
2.0,REAL,8,1,0.992927631309983,0.992927631309983,0.0,0.992927631309983,0.992927631309983,0.0010225955973215406,0.0010225955973215406,0.0,0.0010225955973215406,0.0010225955973215406,0.25,0.25,0.0,0.25,0.25,1.0,1.0,0.0,1.0,1.0,0.9982687575070383,0.9982687575070383,0.0,0.9982687575070383,0.9982687575070383,0.12411595391374787,0.12411595391374787,0.0,0.12411595391374787,0.12411595391374787,1.0
2.0,REAL,12,1,0.9929688291979782,0.9929688291979782,0.0,0.9929688291979782,0.9929688291979782,0.0009454926716383483,0.0009454926716383483,0.0,0.0009454926716383483,0.0009454926716383483,0.16666666666666666,0.16666666666666666,0.0,0.16666666666666666,0.16666666666666666,1.0,1.0,0.0,1.0,1.0,0.9981452773012233,0.9981452773012233,0.0,0.9981452773012233,0.9981452773012233,0.08274740243316485,0.08274740243316485,0.0,0.08274740243316485,0.08274740243316485,1.0
2.0,REAL,16,1,0.9929794049538224,0.9929794049538224,0.0,0.9929794049538224,0.9929794049538224,0.0008944069046386005,0.0008944069046386005,0.0,0.0008944069046386005,0.0008944069046386005,0.125,0.125,0.0,0.125,0.125,1.0,1.0,0.0,1.0,1.0,0.9981396300622909,0.9981396300622909,0.0,0.9981396300622909,0.9981396300622909,0.0620612128096139,0.0620612128096139,0.0,0.0620612128096139,0.0620612128096139,1.0
2.5,CHEM_EXCITATION,2,1,0.8759304839147778,0.8759304839147778,0.0,0.8759304839147778,0.8759304839147778,0.05285021424579206,0.05285021424579206,0.0,0.05285021424579206,0.05285021424579206,0.5,0.5,0.0,0.5,0.5,0.25,0.25,0.0,0.25,0.25,0.9865340725167336,0.9865340725167336,0.0,0.9865340725167336,0.9865340725167336,0.4379652419573889,0.4379652419573889,0.0,0.4379652419573889,0.4379652419573889,0.0
2.5,CHEM_EXCITATION,4,1,0.8878925030574525,0.8878925030574525,0.0,0.8878925030574525,0.8878925030574525,0.052850214245793836,0.052850214245793836,0.0,0.052850214245793836,0.052850214245793836,0.25,0.25,0.0,0.25,0.25,0.25,0.25,0.0,0.25,0.25,0.9711770983278417,0.9711770983278417,0.0,0.9711770983278417,0.9711770983278417,0.22197312576436312,0.22197312576436312,0.0,0.22197312576436312,0.22197312576436312,0.0
2.5,CHEM_EXCITATION,8,1,0.8881688344128527,0.8881688344128527,0.0,0.8881688344128527,0.8881688344128527,0.05285021424579206,0.05285021424579206,0.0,0.05285021424579206,0.05285021424579206,0.125,0.125,0.0,0.125,0.125,0.25,0.25,0.0,0.25,0.25,0.9587260268274516,0.9587260268274516,0.0,0.9587260268274516,0.9587260268274516,0.11102110430160658,0.11102110430160658,0.0,0.11102110430160658,0.11102110430160658,0.0
2.5,CHEM_EXCITATION,12,1,0.8884451955916717,0.8884451955916717,0.0,0.8884451955916717,0.8884451955916717,0.052850214245790283,0.052850214245790283,0.0,0.052850214245790283,0.052850214245790283,0.08333333333333333,0.08333333333333333,0.0,0.08333333333333333,0.08333333333333333,0.25,0.25,0.0,0.25,0.25,0.9586086913949612,0.9586086913949612,0.0,0.9586086913949612,0.9586086913949612,0.07403709963263931,0.07403709963263931,0.0,0.07403709963263931,0.07403709963263931,0.0
2.5,CHEM_EXCITATION,16,1,0.8884458898503407,0.8884458898503407,0.0,0.8884458898503407,0.8884458898503407,0.05285021424579206,0.05285021424579206,0.0,0.05285021424579206,0.05285021424579206,0.0625,0.0625,0.0,0.0625,0.0625,0.25,0.25,0.0,0.25,0.25,0.958600191346995,0.958600191346995,0.0,0.958600191346995,0.958600191346995,0.05552786811564629,0.05552786811564629,0.0,0.05552786811564629,0.05552786811564629,0.0
2.5,EN2,2,1,0.9012530004691627,0.9012530004691627,0.0,0.9012530004691627,0.9012530004691627,0.022567295090786033,0.022567295090786033,0.0,0.022567295090786033,0.022567295090786033,1.0,1.0,0.0,1.0,1.0,0.5,0.5,0.0,0.5,0.5,1.0,1.0,0.0,1.0,1.0,0.45062650023458134,0.45062650023458134,0.0,0.45062650023458134,0.45062650023458134,0.0
2.5,EN2,4,1,0.9550495932370935,0.9550495932370935,0.0,0.9550495932370935,0.9550495932370935,0.007835956168689151,0.007835956168689151,0.0,0.007835956168689151,0.007835956168689151,1.0,1.0,0.0,1.0,1.0,1.0,1.0,0.0,1.0,1.0,1.0,1.0,0.0,1.0,1.0,0.23876239830927337,0.23876239830927337,0.0,0.23876239830927337,0.23876239830927337,0.0
2.5,EN2,8,1,0.9754262179639345,0.9754262179639345,0.0,0.9754262179639345,0.9754262179639345,0.0026727585695720535,0.0026727585695720535,0.0,0.0026727585695720535,0.0026727585695720535,0.5,0.5,0.0,0.5,0.5,1.0,1.0,0.0,1.0,1.0,0.9934462115462374,0.9934462115462374,0.0,0.9934462115462374,0.9934462115462374,0.12192827724549181,0.12192827724549181,0.0,0.12192827724549181,0.12192827724549181,0.0
2.5,EN2,12,1,0.9754729067992275,0.9754729067992275,0.0,0.9754729067992275,0.9754729067992275,0.0025947231363883105,0.0025947231363883105,0.0,0.0025947231363883105,0.0025947231363883105,0.3333333333333333,0.3333333333333333,0.0,0.3333333333333333,0.3333333333333333,1.0,1.0,0.0,1.0,1.0,0.9932662240503837,0.9932662240503837,0.0,0.9932662240503837,0.9932662240503837,0.08128940889993562,0.08128940889993562,0.0,0.08128940889993562,0.08128940889993562,0.0
2.5,EN2,16,1,0.9754847747811326,0.9754847747811326,0.0,0.9754847747811326,0.9754847747811326,0.0025456089295072815,0.0025456089295072815,0.0,0.0025456089295072815,0.0025456089295072815,0.25,0.25,0.0,0.25,0.25,1.0,1.0,0.0,1.0,1.0,0.9932596777739425,0.9932596777739425,0.0,0.9932596777739425,0.9932596777739425,0.06096779842382079,0.06096779842382079,0.0,0.06096779842382079,0.06096779842382079,0.0
2.5,RANDOM,2,12,0.004506275127190222,8.332416125777207e-36,0.010076400567775836,1.1100873318054438e-40,0.027174627739365464,2.99263344273272,2.557761419929404,2.041376841781744,0.20841489921467193,5.827699622578528,0.08333333333333333,0.0,0.18633899812498245,0.0,0.5,0.041666666666666664,0.0,0.09316949906249122,0.0,0.25,0.0030766796970529073,0.0,0.0070742816478585905,0.0,0.022497276982812946,0.002253137563595111,4.1662080628886035e-36,0.005038200283887918,5.550436659027219e-41,0.013587313869682732,0.0
2.5,RANDOM,4,12,0.004508552293865993,2.8943333026770156e-07,0.010077421776280257,1.1240547703931577e-40,0.02718312029880012,2.0018843910155595,2.364280043411801,1.4110439391836314,0.20841489921467193,5.432641193668202,0.041666666666666664,0.0,0.09316949906249122,0.0,0.25,0.041666666666666664,0.0,0.09316949906249122,0.0,0.25,0.0030144715475524313,1.7611355057250085e-07,0.006929453271749636,0.0,0.022036154594979,0.0011271380734664983,7.235833256692539e-08,0.002519355444070064,2.810136925982894e-41,0.00679578007470003,0.0
2.5,RANDOM,8,12,0.07753043727463572,1.3321094739191252e-05,0.23733368539758265,5.946002835429819e-10,0.863975237201608,1.1192839756375559,0.49659583751203407,0.9913619463102255,0.052846139208055476,2.3317291984560606,0.03125,0.0,0.05412658773652741,0.0,0.125,0.0625,0.0,0.10825317547305482,0.0,0.25,0.029620780372339523,4.666575142287746e-06,0.0865844868164727,2.381722315204125e-10,0.3159265828714715,0.009691304659329466,1.6651368423989065e-06,0.02966671067469783,7.432503544287273e-11,0.107996904650201,0.0
2.5,RANDOM,12,12,0.15052589484731244,1.3985180669427971e-05,0.32189859987594716,5.961563732845209e-07,0.8759307759220469,0.6310302954096574,0.38500137893489716,0.757061480096827,0.0528461392080537,2.331729198456057,0.027777777777777776,0.0,0.039283710065919304,0.0,0.08333333333333333,0.08333333333333333,0.0,0.11785113019775792,0.0,0.25,0.05117165122517644,4.819437570784239e-06,0.10666077399035102,1.3822212453319224e-07,0.31586595786907234,0.012543824570609367,1.1654317224523308e-06,0.0268248833229956,4.967969777371008e-08,0.07299423132683724,0.0
2.5,RANDOM,16,12,0.151523877210147,0.005998403942986796,0.32144869154077177,5.961563732845209e-07,0.8759309008303556,0.44263740439060756,0.254715455944341,0.566436509736445,0.052846139198727826,2.2294143264816064,0.020833333333333332,0.0,0.02946278254943948,0.0,0.0625,0.08333333333333333,0.0,0.11785113019775792,0.0,0.25,0.05137662788130596,0.0012365151071957515,0.10656339823764915,1.3822087929218639e-07,0.3158631258838594,0.009470242325634188,0.00037490024643667473,0.020090543221298236,3.725977333028256e-08,0.05474568130189723,0.0
2.5,REAL,2,1,0.9012530004691627,0.9012530004691627,0.0,0.9012530004691627,0.9012530004691627,0.022567295090786033,0.022567295090786033,0.0,0.022567295090786033,0.022567295090786033,1.0,1.0,0.0,1.0,1.0,0.5,0.5,0.0,0.5,0.5,1.0,1.0,0.0,1.0,1.0,0.45062650023458134,0.45062650023458134,0.0,0.45062650023458134,0.45062650023458134,0.0
2.5,REAL,4,1,0.9550495932370935,0.9550495932370935,0.0,0.9550495932370935,0.9550495932370935,0.007835956168689151,0.007835956168689151,0.0,0.007835956168689151,0.007835956168689151,1.0,1.0,0.0,1.0,1.0,1.0,1.0,0.0,1.0,1.0,1.0,1.0,0.0,1.0,1.0,0.23876239830927337,0.23876239830927337,0.0,0.23876239830927337,0.23876239830927337,0.0
2.5,REAL,8,1,0.9754262179639345,0.9754262179639345,0.0,0.9754262179639345,0.9754262179639345,0.0026727585695720535,0.0026727585695720535,0.0,0.0026727585695720535,0.0026727585695720535,0.5,0.5,0.0,0.5,0.5,1.0,1.0,0.0,1.0,1.0,0.9934462115462374,0.9934462115462374,0.0,0.9934462115462374,0.9934462115462374,0.12192827724549181,0.12192827724549181,0.0,0.12192827724549181,0.12192827724549181,0.0
2.5,REAL,12,1,0.9754729067992275,0.9754729067992275,0.0,0.9754729067992275,0.9754729067992275,0.0025947231363883105,0.0025947231363883105,0.0,0.0025947231363883105,0.0025947231363883105,0.3333333333333333,0.3333333333333333,0.0,0.3333333333333333,0.3333333333333333,1.0,1.0,0.0,1.0,1.0,0.9932662240503837,0.9932662240503837,0.0,0.9932662240503837,0.9932662240503837,0.08128940889993562,0.08128940889993562,0.0,0.08128940889993562,0.08128940889993562,0.0
2.5,REAL,16,1,0.9754873000734142,0.9754873000734142,0.0,0.9754873000734142,0.9754873000734142,0.002547034378650892,0.002547034378650892,0.0,0.002547034378650892,0.002547034378650892,0.25,0.25,0.0,0.25,0.25,1.0,1.0,0.0,1.0,1.0,0.993260208644894,0.993260208644894,0.0,0.993260208644894,0.993260208644894,0.06096795625458839,0.06096795625458839,0.0,0.06096795625458839,0.06096795625458839,0.0
3.0,CHEM_EXCITATION,2,1,0.743900233060951,0.743900233060951,0.0,0.743900233060951,0.743900233060951,0.08801325928518011,0.08801325928518011,0.0,0.08801325928518011,0.08801325928518011,1.0,1.0,0.0,1.0,1.0,0.3333333333333333,0.3333333333333333,0.0,0.3333333333333333,0.3333333333333333,0.9599493015887504,0.9599493015887504,0.0,0.9599493015887504,0.9599493015887504,0.3719501165304755,0.3719501165304755,0.0,0.3719501165304755,0.3719501165304755,0.0
3.0,CHEM_EXCITATION,4,1,0.7681200790052365,0.7681200790052365,0.0,0.7681200790052365,0.7681200790052365,0.08801325928517656,0.08801325928517656,0.0,0.08801325928517656,0.08801325928517656,0.5,0.5,0.0,0.5,0.5,0.3333333333333333,0.3333333333333333,0.0,0.3333333333333333,0.3333333333333333,0.9226438485637777,0.9226438485637777,0.0,0.9226438485637777,0.9226438485637777,0.19203001975130912,0.19203001975130912,0.0,0.19203001975130912,0.19203001975130912,0.0
3.0,CHEM_EXCITATION,8,1,0.7699617647500909,0.7699617647500909,0.0,0.7699617647500909,0.7699617647500909,0.07503392851091739,0.07503392851091739,0.0,0.07503392851091739,0.07503392851091739,0.25,0.25,0.0,0.25,0.25,0.3333333333333333,0.3333333333333333,0.0,0.3333333333333333,0.3333333333333333,0.8976901375083662,0.8976901375083662,0.0,0.8976901375083662,0.8976901375083662,0.09624522059376137,0.09624522059376137,0.0,0.09624522059376137,0.09624522059376137,0.0
3.0,CHEM_EXCITATION,12,1,0.7718034730757978,0.7718034730757978,0.0,0.7718034730757978,0.7718034730757978,0.03532357782218298,0.03532357782218298,0.0,0.03532357782218298,0.03532357782218298,0.16666666666666666,0.16666666666666666,0.0,0.16666666666666666,0.16666666666666666,0.3333333333333333,0.3333333333333333,0.0,0.3333333333333333,0.3333333333333333,0.8976879933298857,0.8976879933298857,0.0,0.8976879933298857,0.8976879933298857,0.06431695608964981,0.06431695608964981,0.0,0.06431695608964981,0.06431695608964981,0.0
3.0,CHEM_EXCITATION,16,1,0.7718050327243778,0.7718050327243778,0.0,0.7718050327243778,0.7718050327243778,0.035323152129215885,0.035323152129215885,0.0,0.035323152129215885,0.035323152129215885,0.125,0.125,0.0,0.125,0.125,0.3333333333333333,0.3333333333333333,0.0,0.3333333333333333,0.3333333333333333,0.8976783467912739,0.8976783467912739,0.0,0.8976783467912739,0.8976783467912739,0.048237814545273615,0.048237814545273615,0.0,0.048237814545273615,0.048237814545273615,0.0
3.0,EN2,2,1,0.750804959425745,0.750804959425745,0.0,0.750804959425745,0.750804959425745,0.05458516768128696,0.05458516768128696,0.0,0.05458516768128696,0.05458516768128696,1.0,1.0,0.0,1.0,1.0,0.3333333333333333,0.3333333333333333,0.0,0.3333333333333333,0.3333333333333333,0.964443342362407,0.964443342362407,0.0,0.964443342362407,0.964443342362407,0.3754024797128725,0.3754024797128725,0.0,0.3754024797128725,0.3754024797128725,0.0
3.0,EN2,4,1,0.8629027944242658,0.8629027944242658,0.0,0.8629027944242658,0.8629027944242658,0.023402234525798704,0.023402234525798704,0.0,0.023402234525798704,0.023402234525798704,1.0,1.0,0.0,1.0,1.0,0.6666666666666666,0.6666666666666666,0.0,0.6666666666666666,0.6666666666666666,0.9662595255555477,0.9662595255555477,0.0,0.9662595255555477,0.9662595255555477,0.21572569860606644,0.21572569860606644,0.0,0.21572569860606644,0.21572569860606644,0.0
3.0,EN2,8,1,0.947746285828761,0.947746285828761,0.0,0.947746285828761,0.947746285828761,0.005677437832659393,0.005677437832659393,0.0,0.005677437832659393,0.005677437832659393,0.625,0.625,0.0,0.625,0.625,0.8333333333333334,0.8333333333333334,0.0,0.8333333333333334,0.8333333333333334,0.9711110785643713,0.9711110785643713,0.0,0.9711110785643713,0.9711110785643713,0.11846828572859512,0.11846828572859512,0.0,0.11846828572859512,0.11846828572859512,0.0
3.0,EN2,12,1,0.9477966741772667,0.9477966741772667,0.0,0.9477966741772667,0.9477966741772667,0.005597637860567772,0.005597637860567772,0.0,0.005597637860567772,0.005597637860567772,0.4166666666666667,0.4166666666666667,0.0,0.4166666666666667,0.4166666666666667,0.8333333333333334,0.8333333333333334,0.0,0.8333333333333334,0.8333333333333334,0.9705620888151462,0.9705620888151462,0.0,0.9705620888151462,0.9705620888151462,0.07898305618143889,0.07898305618143889,0.0,0.07898305618143889,0.07898305618143889,0.0
3.0,EN2,16,1,0.947807538962282,0.947807538962282,0.0,0.947807538962282,0.947807538962282,0.005556122420735221,0.005556122420735221,0.0,0.005556122420735221,0.005556122420735221,0.3125,0.3125,0.0,0.3125,0.3125,0.8333333333333334,0.8333333333333334,0.0,0.8333333333333334,0.8333333333333334,0.9705538318407769,0.9705538318407769,0.0,0.9705538318407769,0.9705538318407769,0.059237971185142624,0.059237971185142624,0.0,0.059237971185142624,0.059237971185142624,0.0
3.0,RANDOM,2,12,0.009495284412868697,9.789017762782487e-35,0.02123516046921317,2.785389345844952e-39,0.05789060324411418,2.963642333370684,2.4982133513494844,2.0541579659852163,0.22083846796800088,5.738395023513393,0.08333333333333333,0.0,0.18633899812498245,0.0,0.5,0.027777777777777776,0.0,0.06211299937499417,0.0,0.16666666666666666,0.00801640214623294,0.0,0.018360829861231782,0.0,0.057839269673089624,0.004747642206434349,4.894508881391243e-35,0.010617580234606586,1.392694672922476e-39,0.02894530162205709,0.0
3.0,RANDOM,4,12,0.009498048818354336,9.295881697681036e-07,0.021236747038063067,2.7855353106229618e-39,0.057901279708925085,1.9762825756733726,2.3199766823967747,1.4274818684177009,0.22083846796800088,5.494474962510633,0.041666666666666664,0.0,0.09316949906249122,0.0,0.25,0.027777777777777776,0.0,0.06211299937499417,0.0,0.16666666666666666,0.007608215405925076,6.687197258147105e-07,0.017423529407323692,0.0,0.05488578875695223,0.002374512204588584,2.323970424420259e-07,0.005309186759515767,6.963838276557404e-40,0.014475319927231271,0.0
3.0,RANDOM,8,12,0.07164883453951872,1.4401026012368488e-05,0.19651876466256393,6.636510763402827e-09,0.7196899048452526,1.112045375652466,0.4529869705598064,1.0008065179848697,0.08800836378338417,2.3405948729975776,0.041666666666666664,0.0,0.05892556509887896,0.0,0.125,0.05555555555555555,0.0,0.07856742013183861,0.0,0.16666666666666666,0.0323904619614784,6.070498513871228e-06,0.07955803085449903,3.0984798096007336e-09,0.290454965577803,0.00895610431743984,1.800128251546061e-06,0.02456484558282049,8.295638454253534e-10,0.08996123810565658,0.0
3.0,RANDOM,12,12,0.1336424417968805,1.660613433634355e-05,0.268358397037767,2.0997975339929835e-06,0.7439011604898921,0.6229857706424552,0.33481815601070775,0.7554580253907203,0.08800836378338417,2.3207321209980476,0.03472222222222222,0.0,0.05334128991575422,0.0,0.16666666666666666,0.06944444444444443,0.0,0.10668257983150845,0.0,0.3333333333333333,0.05249691815923891,6.662691939412839e-06,0.09787303372342736,5.709829736061653e-07,0.2902867611160192,0.011136870149740042,1.3838445280286292e-06,0.02236319975314725,1.7498312783274862e-07,0.061991763374157675,0.0
3.0,RANDOM,16,12,0.1356623225052976,0.012130876372772754,0.2674346523395937,2.0997975339929835e-06,0.743901392304891,0.43608216268508887,0.23767676357820378,0.5644420278691272,0.0880083637763942,2.2413006957849193,0.026041666666666668,0.0,0.04000596743681566,0.0,0.125,0.06944444444444443,0.0,0.10668257983150845,0.0,0.3333333333333333,0.05298286694659668,0.0029242194047137656,0.09762399834935083,5.709766113414124e-07,0.29028355382549087,0.0084788951565811,0.0007581797732982971,0.016714665771224605,1.3123734587456147e-07,0.04649383701905569,0.0
3.0,REAL,2,1,0.750804959425745,0.750804959425745,0.0,0.750804959425745,0.750804959425745,0.05458516768128696,0.05458516768128696,0.0,0.05458516768128696,0.05458516768128696,1.0,1.0,0.0,1.0,1.0,0.3333333333333333,0.3333333333333333,0.0,0.3333333333333333,0.3333333333333333,0.964443342362407,0.964443342362407,0.0,0.964443342362407,0.964443342362407,0.3754024797128725,0.3754024797128725,0.0,0.3754024797128725,0.3754024797128725,0.0
3.0,REAL,4,1,0.8629027944242658,0.8629027944242658,0.0,0.8629027944242658,0.8629027944242658,0.023402234525798704,0.023402234525798704,0.0,0.023402234525798704,0.023402234525798704,1.0,1.0,0.0,1.0,1.0,0.6666666666666666,0.6666666666666666,0.0,0.6666666666666666,0.6666666666666666,0.9662595255555477,0.9662595255555477,0.0,0.9662595255555477,0.9662595255555477,0.21572569860606644,0.21572569860606644,0.0,0.21572569860606644,0.21572569860606644,0.0
3.0,REAL,8,1,0.947746285828761,0.947746285828761,0.0,0.947746285828761,0.947746285828761,0.005677437832659393,0.005677437832659393,0.0,0.005677437832659393,0.005677437832659393,0.625,0.625,0.0,0.625,0.625,0.8333333333333334,0.8333333333333334,0.0,0.8333333333333334,0.8333333333333334,0.9711110785643713,0.9711110785643713,0.0,0.9711110785643713,0.9711110785643713,0.11846828572859512,0.11846828572859512,0.0,0.11846828572859512,0.11846828572859512,0.0
3.0,REAL,12,1,0.9477966741772667,0.9477966741772667,0.0,0.9477966741772667,0.9477966741772667,0.005597637860569549,0.005597637860569549,0.0,0.005597637860569549,0.005597637860569549,0.4166666666666667,0.4166666666666667,0.0,0.4166666666666667,0.4166666666666667,0.8333333333333334,0.8333333333333334,0.0,0.8333333333333334,0.8333333333333334,0.9705620888151462,0.9705620888151462,0.0,0.9705620888151462,0.9705620888151462,0.07898305618143889,0.07898305618143889,0.0,0.07898305618143889,0.07898305618143889,0.0
3.0,REAL,16,1,0.9478103985281846,0.9478103985281846,0.0,0.9478103985281846,0.9478103985281846,0.005554692250704818,0.005554692250704818,0.0,0.005554692250704818,0.005554692250704818,0.3125,0.3125,0.0,0.3125,0.3125,0.8333333333333334,0.8333333333333334,0.0,0.8333333333333334,0.8333333333333334,0.9705545381753756,0.9705545381753756,0.0,0.9705545381753756,0.9705545381753756,0.05923814990801154,0.05923814990801154,0.0,0.05923814990801154,0.05923814990801154,0.0
4.0,CHEM_EXCITATION,2,1,0.5681745459987335,0.5681745459987335,0.0,0.5681745459987335,0.5681745459987335,0.1593025485840549,0.1593025485840549,0.0,0.1593025485840549,0.1593025485840549,0.5,0.5,0.0,0.5,0.5,0.25,0.25,0.0,0.25,0.25,0.743259874448905,0.743259874448905,0.0,0.743259874448905,0.743259874448905,0.28408727299936676,0.28408727299936676,0.0,0.28408727299936676,0.28408727299936676,0.0
4.0,CHEM_EXCITATION,4,1,0.5807727067247754,0.5807727067247754,0.0,0.5807727067247754,0.5807727067247754,0.03488448409791012,0.03488448409791012,0.0,0.03488448409791012,0.03488448409791012,0.25,0.25,0.0,0.25,0.25,0.25,0.25,0.0,0.25,0.25,0.7270323730803165,0.7270323730803165,0.0,0.7270323730803165,0.7270323730803165,0.14519317668119386,0.14519317668119386,0.0,0.14519317668119386,0.14519317668119386,0.0
4.0,CHEM_EXCITATION,8,1,0.5864835226036937,0.5864835226036937,0.0,0.5864835226036937,0.5864835226036937,0.02289158406481917,0.02289158406481917,0.0,0.02289158406481917,0.02289158406481917,0.125,0.125,0.0,0.125,0.125,0.25,0.25,0.0,0.25,0.25,0.7190220390468699,0.7190220390468699,0.0,0.7190220390468699,0.7190220390468699,0.07331044032546172,0.07331044032546172,0.0,0.07331044032546172,0.07331044032546172,0.0
4.0,CHEM_EXCITATION,12,1,0.5921959691147913,0.5921959691147913,0.0,0.5921959691147913,0.5921959691147913,0.006517618331812969,0.006517618331812969,0.0,0.006517618331812969,0.006517618331812969,0.08333333333333333,0.08333333333333333,0.0,0.08333333333333333,0.08333333333333333,0.25,0.25,0.0,0.25,0.25,0.7204196810605961,0.7204196810605961,0.0,0.7204196810605961,0.7204196810605961,0.04934966409289928,0.04934966409289928,0.0,0.04934966409289928,0.04934966409289928,0.0
4.0,CHEM_EXCITATION,16,1,0.5921977264629376,0.5921977264629376,0.0,0.5921977264629376,0.5921977264629376,0.0065174311873956725,0.0065174311873956725,0.0,0.0065174311873956725,0.0065174311873956725,0.0625,0.0625,0.0,0.0625,0.0625,0.25,0.25,0.0,0.25,0.25,0.7204120340554695,0.7204120340554695,0.0,0.7204120340554695,0.7204120340554695,0.0370123579039336,0.0370123579039336,0.0,0.0370123579039336,0.0370123579039336,0.0
4.0,EN2,2,1,0.8992506149741274,0.8992506149741274,0.0,0.8992506149741274,0.8992506149741274,0.054295703572105225,0.054295703572105225,0.0,0.054295703572105225,0.054295703572105225,1.0,1.0,0.0,1.0,1.0,0.5,0.5,0.0,0.5,0.5,1.0,1.0,0.0,1.0,1.0,0.4496253074870637,0.4496253074870637,0.0,0.4496253074870637,0.4496253074870637,0.0
4.0,EN2,4,1,0.9615249816163289,0.9615249816163289,0.0,0.9615249816163289,0.9615249816163289,0.010728018737504286,0.010728018737504286,0.0,0.010728018737504286,0.010728018737504286,1.0,1.0,0.0,1.0,1.0,1.0,1.0,0.0,1.0,1.0,1.0,1.0,0.0,1.0,1.0,0.24038124540408223,0.24038124540408223,0.0,0.24038124540408223,0.24038124540408223,0.0
4.0,EN2,8,1,0.9632377693267394,0.9632377693267394,0.0,0.9632377693267394,0.9632377693267394,0.006212900145433409,0.006212900145433409,0.0,0.006212900145433409,0.006212900145433409,0.5,0.5,0.0,0.5,0.5,1.0,1.0,0.0,1.0,1.0,0.9870953174505512,0.9870953174505512,0.0,0.9870953174505512,0.9870953174505512,0.12040472116584243,0.12040472116584243,0.0,0.12040472116584243,0.12040472116584243,0.0
4.0,EN2,12,1,0.9632833016646506,0.9632833016646506,0.0,0.9632833016646506,0.9632833016646506,0.006136066921044403,0.006136066921044403,0.0,0.006136066921044403,0.006136066921044403,0.3333333333333333,0.3333333333333333,0.0,0.3333333333333333,0.3333333333333333,1.0,1.0,0.0,1.0,1.0,0.9865775255713021,0.9865775255713021,0.0,0.9865775255713021,0.9865775255713021,0.08027360847205421,0.08027360847205421,0.0,0.08027360847205421,0.08027360847205421,0.0
4.0,EN2,16,1,0.9633092994541488,0.9633092994541488,0.0,0.9633092994541488,0.9633092994541488,0.006082471801855505,0.006082471801855505,0.0,0.006082471801855505,0.006082471801855505,0.25,0.25,0.0,0.25,0.25,1.0,1.0,0.0,1.0,1.0,0.9865733737700806,0.9865733737700806,0.0,0.9865733737700806,0.9865733737700806,0.0602068312158843,0.0602068312158843,0.0,0.0602068312158843,0.0602068312158843,0.0
4.0,RANDOM,2,12,0.005665607052528475,4.337293652011324e-34,0.012722003427974507,4.1260721302872806e-40,0.036847999200014525,2.9644806730318165,2.433465706382509,2.0647377946049295,0.26484830749571664,5.659931376519074,0.08333333333333333,0.0,0.18633899812498245,0.0,0.5,0.041666666666666664,0.0,0.09316949906249122,0.0,0.25,0.00515401284163334,0.0,0.011598120727997594,0.0,0.03411881609102641,0.0028328035262642375,2.168646826005662e-34,0.006361001713987254,2.0630360651436403e-40,0.018423999600007263,0.0
4.0,RANDOM,4,12,0.005667662037402171,6.693838710020272e-07,0.012723401692366227,4.3265392608116614e-39,0.036852510335621806,1.9883022877621725,2.2983073893198154,1.4408849524024954,0.26484830749571664,5.599193691939431,0.041666666666666664,0.0,0.09316949906249122,0.0,0.25,0.041666666666666664,0.0,0.09316949906249122,0.0,0.25,0.00499645121267307,3.268866905041141e-07,0.011241931709650873,0.0,0.033071944194125166,0.0014169155093505428,1.673459677505068e-07,0.003180850423091557,1.0816348152029153e-39,0.009213127583905452,0.0
4.0,RANDOM,8,12,0.053496403941848604,1.3153363346151705e-05,0.15189082517481783,2.3422857097459136e-08,0.5555832708468057,1.131913964940856,0.4699987472173235,0.9907275571119787,0.159299965403763,2.3437899013644214,0.03125,0.0,0.05412658773652741,0.0,0.125,0.0625,0.0,0.10825317547305482,0.0,0.25,0.025038085958562915,5.953217141039345e-06,0.06395433653350772,1.2136665494515408e-08,0.23410987621373974,0.0066870504927310755,1.6441704182689632e-06,0.01898635314685223,2.927857137182392e-09,0.06944790885585071,0.0
4.0,RANDOM,12,12,0.10084761433286908,1.860324726072742e-05,0.20658283950880144,3.3566852232699425e-06,0.5681752055684451,0.6601878769977597,0.32284981977066973,0.7371820274588742,0.15929996540375946,2.3186215692297143,0.027777777777777776,0.0,0.039283710065919304,0.0,0.08333333333333333,0.08333333333333333,0.0,0.11785113019775792,0.0,0.25,0.04112840531076966,7.586317793136699e-06,0.07862341805946135,1.1778363395910314e-06,0.23398389255959579,0.008403967861072425,1.5502706050606185e-06,0.017215236625733453,2.7972376860582854e-07,0.04734793379737043,0.0
4.0,RANDOM,16,12,0.1018987207594741,0.006319022304698593,0.20609861827103707,3.3566852232699425e-06,0.5681753240417029,0.4795877591417994,0.2666260917717995,0.549431926884839,0.15929996540334024,2.232573562792008,0.020833333333333332,0.0,0.02946278254943948,0.0,0.0625,0.08333333333333333,0.0,0.11785113019775792,0.0,0.25,0.041407818111795176,0.0016849071907982698,0.07848150089650421,1.1778231092279512e-06,0.23398127854045994,0.006368670047467132,0.0003949388940436621,0.012881163641939817,2.097928264543714e-07,0.03551095775260643,0.0
4.0,REAL,2,1,0.8992506149741274,0.8992506149741274,0.0,0.8992506149741274,0.8992506149741274,0.054295703572105225,0.054295703572105225,0.0,0.054295703572105225,0.054295703572105225,1.0,1.0,0.0,1.0,1.0,0.5,0.5,0.0,0.5,0.5,1.0,1.0,0.0,1.0,1.0,0.4496253074870637,0.4496253074870637,0.0,0.4496253074870637,0.4496253074870637,0.0
4.0,REAL,4,1,0.9615249816163289,0.9615249816163289,0.0,0.9615249816163289,0.9615249816163289,0.010728018737504286,0.010728018737504286,0.0,0.010728018737504286,0.010728018737504286,1.0,1.0,0.0,1.0,1.0,1.0,1.0,0.0,1.0,1.0,1.0,1.0,0.0,1.0,1.0,0.24038124540408223,0.24038124540408223,0.0,0.24038124540408223,0.24038124540408223,0.0
4.0,REAL,8,1,0.9632488563387296,0.9632488563387296,0.0,0.9632488563387296,0.9632488563387296,0.006204389816593547,0.006204389816593547,0.0,0.006204389816593547,0.006204389816593547,0.5,0.5,0.0,0.5,0.5,1.0,1.0,0.0,1.0,1.0,0.9870989420230918,0.9870989420230918,0.0,0.9870989420230918,0.9870989420230918,0.1204061070423412,0.1204061070423412,0.0,0.1204061070423412,0.1204061070423412,0.0
4.0,REAL,12,1,0.9632833016646506,0.9632833016646506,0.0,0.9632833016646506,0.9632833016646506,0.006136066921039074,0.006136066921039074,0.0,0.006136066921039074,0.006136066921039074,0.3333333333333333,0.3333333333333333,0.0,0.3333333333333333,0.3333333333333333,1.0,1.0,0.0,1.0,1.0,0.9865780449296437,0.9865780449296437,0.0,0.9865780449296437,0.9865780449296437,0.08027360847205421,0.08027360847205421,0.0,0.08027360847205421,0.08027360847205421,0.0
4.0,REAL,16,1,0.9633092994541489,0.9633092994541489,0.0,0.9633092994541489,0.9633092994541489,0.006082471801859057,0.006082471801859057,0.0,0.006082471801859057,0.006082471801859057,0.25,0.25,0.0,0.25,0.25,1.0,1.0,0.0,1.0,1.0,0.9865738931225884,0.9865738931225884,0.0,0.9865738931225884,0.9865738931225884,0.060206831215884306,0.060206831215884306,0.0,0.060206831215884306,0.060206831215884306,0.0
