null_rep,mean_normalized_projector_overlap,median_normalized_projector_overlap
1,0.05618015726495972,0.05604760483171659
2,0.05620900548510586,0.05614020375781438
3,0.05632121054051311,0.05623546753444808
4,0.056105167134093054,0.056097741843304766
5,0.056129615036877474,0.05609459036657381
6,0.05627317194260309,0.05619203985940607
7,0.05610968539991973,0.0559703023588809
8,0.056233224076359736,0.0561374308605327
9,0.05619456327531859,0.056135834216019
10,0.05622528373979395,0.05606998205845904
11,0.05611701134053442,0.055946163930162204
12,0.056186816281837394,0.05609514204179168
13,0.056296741818675625,0.0561720243538955
14,0.056167686776267704,0.05601403332378989
15,0.056267646955050085,0.056146450987002286
16,0.056163357473088704,0.05609809169812177
17,0.056285059717800706,0.05619021461085005
18,0.056293312969750715,0.056141129877218775
19,0.05617753342012306,0.05592896866812984
20,0.05611667229548409,0.055986123557179676
21,0.056282525409755174,0.05605851289199437
22,0.05615372716543001,0.05602760578488728
23,0.056186232985159144,0.056105383037654
24,0.056118160006228296,0.0560260898617737
25,0.05627739022590536,0.05621478842281917
26,0.05610775070877126,0.05601873228241301
27,0.05618932024883799,0.056112375295787775
28,0.056190451419909096,0.05606990951351175
29,0.05612176866457014,0.056077803173926424
30,0.05621115750255487,0.05615219179776813
31,0.05629744217168256,0.056147261297392
32,0.05615262176797954,0.05605757362882058
33,0.05614305631510316,0.0560488631558638
34,0.056249082837853556,0.05603938501220798
35,0.05621449114988206,0.05607041189110409
36,0.05626982323456552,0.05614654501417549
37,0.0560810847040297,0.05595749993439959
38,0.05636171261384525,0.05626725657848554
39,0.0561862169981545,0.05605816525885512
40,0.05616063911873679,0.056026385624122446
41,0.0561800214099531,0.05609893292153782
42,0.05628737023595892,0.056144086939384844
43,0.056354037001002395,0.056277044171577265
44,0.056159177435967864,0.05605799093590609
45,0.05632327196016912,0.056116799741234
46,0.05607071030740956,0.05592562763164989
47,0.05627051197490936,0.0561672993282199
48,0.05615984995912782,0.05598926164136657
49,0.056148936976694284,0.056088537829971676
50,0.05628517118760903,0.05612342890513854
51,0.0562173709728116,0.056127316437812325
52,0.05612911936503541,0.056031481386010495
53,0.05624078900235962,0.05603930984377061
54,0.05604280948979672,0.05591653596355329
55,0.056306355793904396,0.056243778339740993
56,0.05624976445097436,0.05614623290497044
57,0.05631724281995669,0.05622035983872341
58,0.056196995984032445,0.05609757337030523
59,0.056079527346661065,0.0559363953348585
60,0.05623113415129173,0.05613315243421131
61,0.056427303601221036,0.05631851558447816
62,0.05600785157244042,0.05599014974178598
63,0.05614798974259654,0.05602386738200826
64,0.0561686529074053,0.05602192940016838
65,0.05621707210758414,0.056152197354387
66,0.05601992701074328,0.05584445581611937
67,0.05619507302363215,0.056105677535296994
68,0.0562301054073289,0.056143213628965245
69,0.056133136943985154,0.05606398572663218
70,0.056306745095085424,0.056116794120431295
71,0.056217869327056476,0.05616757834649885
72,0.05614765341294301,0.05610087894438749
73,0.05611762180464444,0.0560013005735058
74,0.05629145140109248,0.056190345199867785
75,0.0560628470346959,0.05591251322302344
76,0.05613911826517703,0.05598733274060218
77,0.056313608329415565,0.05611643632297476
78,0.056311573766585035,0.05615985515340459
79,0.05623053548435225,0.056147567639833515
80,0.056330023084621435,0.0561746593640452
81,0.05611816183937473,0.055958242055182
82,0.05623892678500259,0.056175827615908155
83,0.0563421229420217,0.05621641359910214
84,0.056248793860825555,0.05606508059308236
85,0.05591975593189319,0.0558586097737178
86,0.056282525168580615,0.05609862834344764
87,0.05598306691759818,0.05569349937919585
88,0.05609824472193797,0.055954049486899124
89,0.056249185782778696,0.05604800875073497
90,0.056281653477038306,0.056195675095981085
91,0.05621285771962812,0.05606979886683499
92,0.056276711682415805,0.05611844411049317
93,0.05620311200793181,0.05606500260130089
94,0.0562916993283071,0.056098657658340226
95,0.05607180715468041,0.055907672517092916
96,0.056097119924751214,0.056052687731917836
97,0.05624003160125841,0.05611712572436234
98,0.05607286850115052,0.055971335133900686
99,0.05606635151553544,0.0559480122417491
100,0.05602176033077385,0.055892552415325814
101,0.05614858875288167,0.056054974902008
102,0.05613963371499145,0.05598823146986077
103,0.056301770350520496,0.05608906069458313
104,0.05621279216091091,0.05606634674214532
105,0.05609857917835893,0.05601540803157588
106,0.05625568805240163,0.05619192337661642
107,0.05617692552096381,0.0560479406680439
108,0.05620225767496578,0.05608479263701435
109,0.0561635205926066,0.05601485830905496
110,0.05621878875239931,0.05604435333626965
111,0.056048819702407424,0.05595051163693217
112,0.05600369038913687,0.05587194611748131
113,0.056328227685895044,0.056248279317445235
114,0.05614060042762558,0.05603231526978633
115,0.05622367841081906,0.056125050542041754
116,0.05618434751689732,0.055948147424321276
117,0.05611222603853624,0.05596582229980682
118,0.056173667785063074,0.056141940968478465
119,0.05613183435147145,0.05600475843633032
120,0.05631542681040365,0.056228077551416004
121,0.056288653660260674,0.056172047983208725
122,0.05630771761433793,0.056260786057983896
123,0.05625916937953263,0.056140245607312955
124,0.056217769749432454,0.0561892336992648
125,0.056135597227653516,0.056048171885933494
126,0.05611649518840426,0.05603407498221808
127,0.056175902087541585,0.05600386383759948
128,0.05630285774233877,0.05614694016367801
129,0.05622969366462076,0.05611461270125857
130,0.05618556979267406,0.05602436263799256
131,0.05631874570881349,0.056251216068232156
132,0.056399459402155315,0.05626105949639043
133,0.05614045048161436,0.056026772066059466
134,0.0562721070620817,0.05607830678390832
135,0.05610711613072892,0.05597125581685475
136,0.056243568062267886,0.056155253112676384
137,0.05616483709121451,0.05608605594082517
138,0.0563286244333396,0.05605494709813298
139,0.056148215974742746,0.05601872180562911
140,0.056219801868927353,0.056075911787896816
141,0.05622228382536502,0.05615108418550177
142,0.056275147511028904,0.05606936337819897
143,0.05611410303929118,0.05601317771512747
144,0.0561158528048653,0.05598492181380889
145,0.056257549815641635,0.05606346448188371
146,0.056258652663338876,0.05612767286094708
147,0.05614146526315068,0.05603956464505433
148,0.05619708121503934,0.05601145876302574
149,0.05629684822207978,0.05617337973876206
150,0.056215997173596675,0.0560939055444631
151,0.05621220442244448,0.05600936272361556
152,0.05624097896355738,0.056167211438986134
153,0.056191726128894344,0.05609629751280786
154,0.05623369929719414,0.056209981834701786
155,0.056241759151645504,0.05607974066577345
156,0.05620920835809723,0.05606496298923839
157,0.056382402021079775,0.05624882779839617
158,0.05622472718709385,0.05600626877650164
159,0.05605265827657116,0.05593960402580673
160,0.05627968884670357,0.056324197143457516
161,0.05617965731796743,0.056099057357281115
162,0.05620201196306379,0.056162604397364764
163,0.05616802773270696,0.056031590327719136
164,0.05613243640297448,0.05599735925777488
165,0.05621381396430328,0.056072895141596704
166,0.05630123038631485,0.056182942327647555
167,0.056322349203852456,0.056123182076916446
168,0.056322184866001906,0.05627533857457006
169,0.056087553516029495,0.05590116073183759
170,0.05609050114324415,0.05602080344603794
171,0.05623074089939049,0.05613658682017329
172,0.05612669156886553,0.0560899341291569
173,0.056250250976042464,0.05609074563211233
174,0.0561860403477151,0.05605308180988741
175,0.056196380086562144,0.05615283765837603
176,0.05610741498809337,0.05605902197824163
177,0.05614884849603979,0.05603993945126869
178,0.05611476229165115,0.05602162212516713
179,0.05614525004450901,0.05595146117888286
180,0.056208543392123445,0.056056174855187775
181,0.05629515364198127,0.05615661716472337
182,0.056178904373689685,0.05605754754407678
183,0.05623320869547202,0.056012491211517565
184,0.05618851171103676,0.05610510463749506
185,0.056092609420590286,0.056077515138841565
186,0.0561613730963349,0.056062309700929
187,0.05621290579336307,0.0561457928780951
188,0.05616455286655498,0.055971807463510215
189,0.056072543780667485,0.055968922779889664
190,0.056069729488612476,0.05595400402127135
191,0.05636342963415945,0.056219780443964806
192,0.056263030684779294,0.056064011901310835
193,0.056273779159152604,0.05618263839905124
194,0.05621528088759353,0.056038189892575835
195,0.05618984637599455,0.05607402509341391
196,0.05609757256969767,0.056026813741321034
197,0.05628116441343125,0.05617652173446136
198,0.05625771959606803,0.05611219890112247
199,0.056010662791445884,0.055885738166067636
200,0.056159759874030483,0.05600782297507993
201,0.05620398197462179,0.056121481327703754
202,0.05626959436457355,0.056195677969121755
203,0.05621215813141985,0.05608452955464044
204,0.056233646314596965,0.05601126604507216
205,0.056314254089684095,0.056184906235051
206,0.0562385773694326,0.05623766676454482
207,0.056239607279180336,0.056116943529893784
208,0.05626210194838545,0.05624997444815793
209,0.05638370380724221,0.056217796027748936
210,0.05615681716282166,0.05596043745202446
211,0.05611513892195796,0.05598740797166976
212,0.05612377952941987,0.05608359727228884
213,0.056321340384349605,0.05628101320246651
214,0.05626877917512477,0.056059786285737996
215,0.05631353519602793,0.0563218706884467
216,0.05612505035797478,0.0560945890276281
217,0.056234451684688935,0.05608749768191676
218,0.05625602328478195,0.05613696486582495
219,0.05618861605519152,0.056003032926733226
220,0.05617893533230091,0.05613256782367553
221,0.05622542747073097,0.056069789692123825
222,0.05609282700614994,0.056028945221782034
223,0.05599652219271183,0.055808926971896565
224,0.056119412783994405,0.055938421923207866
225,0.05618146686451585,0.055990078526736806
226,0.05618008974558581,0.05615747084954659
227,0.056225900031739766,0.0561434136880074
228,0.05621240494773218,0.056096164772994714
229,0.056341445980411214,0.05615846123636554
230,0.056304094419849134,0.056137675334672024
231,0.05612449634152507,0.05605170470703849
232,0.05619801335962301,0.056134203695732
233,0.0561843198811321,0.05600498062650727
234,0.056050534507637854,0.056050824182031125
235,0.0561419587028644,0.0559832945813901
236,0.056174718111862115,0.056077243820722794
237,0.05613983889267187,0.055947318204925545
238,0.056361409438245434,0.05625524983415244
239,0.05612983198133884,0.05607404705720218
240,0.05612695218675411,0.055998974136730995
241,0.056140034249946326,0.0560787016574055
242,0.05610975165493737,0.05600198710010831
243,0.05626973738406984,0.05608647362866764
244,0.056165676000108106,0.056061989711799376
245,0.05629301208394241,0.05619371232247439
246,0.05617469463888366,0.05603458155173932
247,0.05631735965284334,0.05621759602558252
248,0.05611964610333509,0.05601766974716509
249,0.05607384517867101,0.05593228474796792
250,0.05612715562899859,0.056101145015540685
251,0.05610842757278261,0.056049909605450796
252,0.056268406768358335,0.05624096596601523
253,0.05631000229273645,0.0562354278176176
254,0.05604483953714328,0.055964365663127534
255,0.05617278954515524,0.05600606851832383
256,0.0562875364174184,0.056224802654636065
257,0.05610837499080724,0.05605471273712073
258,0.05615307279250978,0.05596113938194866
259,0.05624247234456562,0.056139333509934525
260,0.05633454654843548,0.05611816982101256
261,0.056195218511426163,0.056048522536660546
262,0.05621608671984473,0.05614840907020105
263,0.0562607387843617,0.056094861086549944
264,0.05624132226245202,0.056118201216471146
265,0.056281968787519496,0.05611599276690564
266,0.05603255837952767,0.0559623875674804
267,0.05634128306514943,0.05621898280238054
268,0.056266088857171485,0.056067143946553134
269,0.05620797304219962,0.05602178288955323
270,0.05629588145590279,0.05625909552968229
271,0.05627081635467602,0.05615218400155373
272,0.05608115219929657,0.05597208580738215
273,0.05613268480133004,0.05604072753511386
274,0.056294161128427084,0.05620817649272536
275,0.05633897902907739,0.05633590905576825
276,0.05618147432454746,0.05601201370902809
277,0.056240031373518566,0.05601148091982262
278,0.05625065852341758,0.05609572216517225
279,0.05633977667657619,0.05617453755034192
280,0.05624416126787645,0.05608855908305973
281,0.05619522084505009,0.05603067092899732
282,0.0562348836049091,0.056084781668985825
283,0.05623658019165888,0.05608348928088326
284,0.05622827978380532,0.056193208122700115
285,0.05619832094330347,0.05617989096360043
286,0.056263147107772214,0.05612889376514294
287,0.05619522256983545,0.056096480369008425
288,0.05619765181530325,0.05601641569531271
289,0.056216879219440935,0.05605835502411613
290,0.05622484596664603,0.056141760035638984
291,0.05612322360065652,0.056079742511620435
292,0.056160383619656876,0.05609471420427774
293,0.05617800845775659,0.05616925966025861
294,0.05608200181987959,0.055960096034643136
295,0.056192219819017154,0.05600102693868781
296,0.05622083618626658,0.056019204092483746
297,0.05615955909386528,0.05609778731810042
298,0.056316388549560455,0.05630007627454023
299,0.056216794788458146,0.05609120354880978
300,0.05617185772095126,0.056097993967987335
301,0.056355923737734306,0.05622253338203356
302,0.05610587346986694,0.05604740577201043
303,0.05629836500169009,0.05616812051508438
304,0.05608394666129319,0.05579554014283648
305,0.056159040817492324,0.05611057815451691
306,0.056121103571035814,0.056002180344864795
307,0.05643433106687816,0.056264503982942485
308,0.05619455177047602,0.05613551881968622
309,0.05611954467672532,0.0559332734038382
310,0.0561558513996233,0.05603084093787
311,0.05627253981396546,0.056165586125893084
312,0.05605913894345882,0.05595587802929601
313,0.05611139370739408,0.055958065749936864
314,0.05608815064462848,0.05599925508696464
315,0.056228463659869055,0.05607790171688717
316,0.05623483560118517,0.05611778620178518
317,0.05621182664857203,0.05607931898552024
318,0.05605252445707565,0.05585003000202378
319,0.056151814275063563,0.056078778769487574
320,0.05608433621240641,0.056069840592405946
321,0.05628944400063082,0.05621375712004857
322,0.0561765903511459,0.05601442313859431
323,0.05616933152448527,0.056113221312501516
324,0.05629276369895871,0.05617098615355224
325,0.056296537619637876,0.056191861270559335
326,0.05619802774275803,0.05613896436427246
327,0.05608295580626356,0.055911498944473934
328,0.056133476238386874,0.05600375610399277
329,0.05616874333359977,0.05603072709942016
330,0.056234039906876296,0.05610353672013791
331,0.056200475587531856,0.0560377187689408
332,0.0561936386877094,0.056234892494898825
333,0.05623386444741868,0.05609415955701191
334,0.05627334165111614,0.05614735501551306
335,0.056143659067912514,0.055999701628442464
336,0.0562389937863754,0.056095531499869664
337,0.05621554475977077,0.05604748736804642
338,0.0561527480442842,0.05601319400660529
339,0.05612186069027994,0.05603553387820776
340,0.056173073585994694,0.05615558872798895
341,0.05617850969309382,0.05610268100659169
342,0.05632125394948547,0.05614659265817767
343,0.05619169093182977,0.0560317390342088
344,0.05611805953210787,0.05604853426945175
345,0.056131070469586895,0.056023039472723496
346,0.056039056414067846,0.05584889781331541
347,0.056076862887473544,0.05593013942535299
348,0.05612232974367964,0.05601016492345332
349,0.056279119267327336,0.056202784649787715
350,0.056297973738124306,0.05613922334378163
351,0.05625030308640043,0.05614119417136319
352,0.05611902656909812,0.055977005439527126
353,0.05627493737370211,0.056152803592389895
354,0.05614541870192315,0.05611692911253052
355,0.056141901731497926,0.05601071092927304
356,0.056135892581071434,0.05589392387327966
357,0.056148055752051236,0.05600329101953598
358,0.05624559351395701,0.05615028848381634
359,0.05632724191560749,0.05615075101303721
360,0.056072145678897525,0.055908799052477545
361,0.05629496577146652,0.05615838694745586
362,0.0563375306011138,0.05624093058937225
363,0.05624086019154456,0.05603331859646406
364,0.05611490538879686,0.05590173311505975
365,0.05624075102010732,0.05610631926558387
366,0.05626441569705034,0.0561042363523867
367,0.056291657782520585,0.056145989059003504
368,0.05615206732503166,0.05597254570089867
369,0.05620142992792784,0.056033062138835105
370,0.05626258969964143,0.056191204927275466
371,0.05628393904934459,0.05620708161170731
372,0.05629464086849118,0.05614108781306444
373,0.0560485067931732,0.05579528243758193
374,0.05620939823511804,0.05605780381208727
375,0.05630656338199726,0.056173363363961976
376,0.05617851640318813,0.056067941088935695
377,0.05608680517482592,0.05594224488913281
378,0.056233090774660904,0.05605575191898647
379,0.05608451472531355,0.056043730351960225
380,0.05612806396125496,0.05602984811581597
381,0.05616540641904228,0.0559790706131562
382,0.05604390187109439,0.05587704523180349
383,0.05622580796282244,0.05614032415460006
384,0.05623537714126925,0.05604633269550824
385,0.056237189810292375,0.056076810833347465
386,0.056300848138244076,0.05620667502948487
387,0.05627072497851803,0.056196935614348256
388,0.0562950118664593,0.05623312681170938
389,0.05603910695189541,0.055798044743291135
390,0.05626685642244144,0.05612903985031429
391,0.05621975773409141,0.0560753493404409
392,0.05614732305765698,0.05586565530463876
393,0.056239122469067336,0.056112865696056384
394,0.056213119384435906,0.056186336958110504
395,0.05612319686561328,0.055978032113465456
396,0.05625417290522663,0.05619687450644432
397,0.056233499128667666,0.05612482317251239
398,0.05618096283404143,0.05609354294097871
399,0.056116008856797,0.05599420653319301
400,0.05617892965064461,0.05598075827926598
401,0.05617136941351412,0.05610536065603925
402,0.05606919898995365,0.05591346495622272
403,0.05618003024669027,0.056052657707026304
404,0.05631274016679286,0.05623808605697968
405,0.05612808162197238,0.055938279609151195
406,0.05624734765060451,0.05617027009175473
407,0.05624064434436223,0.05606151458728243
408,0.05621568087229147,0.056227014685124255
409,0.05617398704082437,0.056105356258477145
410,0.056063297916734284,0.055954617903971306
411,0.056126772964924916,0.05595726254431048
412,0.056350473977364215,0.056210207234297836
413,0.056103160333270646,0.0559874689886626
414,0.05616056710541459,0.05602879236202442
415,0.05612292065204857,0.05600543405602225
416,0.05626864020978958,0.05610604758137222
417,0.056129075337084826,0.0560777216421358
418,0.05611560065939063,0.055939812289771434
419,0.056218245655329,0.05602638534829438
420,0.05612434200042817,0.05607953663855446
421,0.056125746086864006,0.05597446404450265
422,0.05608954409598589,0.05599000911420288
423,0.056245884209561635,0.056223243807330764
424,0.056201731438147384,0.056149187144219244
425,0.056072356071619076,0.0559476951630295
426,0.056192770130507406,0.056067023800853114
427,0.05621301436709892,0.056090185888957485
428,0.05611040960238461,0.05611530963752029
429,0.05608137359322558,0.0560722534966984
430,0.05625686540104961,0.05605559770346741
431,0.056207714627367365,0.05606173806210951
432,0.05617023922617931,0.05605208042264395
433,0.056180202645197796,0.056195770032300627
434,0.05626032344873029,0.056050916229899196
435,0.05623084681878634,0.05612110362069777
436,0.05617943971517436,0.05604140410119131
437,0.056095101993065784,0.055873267974360145
438,0.0560849119209279,0.05599554496743028
439,0.056142913922140596,0.055928434990171604
440,0.056182535472765895,0.05602026789999244
441,0.05606142272055632,0.05594792525962878
442,0.056085177486759626,0.0559535039286074
443,0.05632328735074805,0.05614001651607084
444,0.05617372278854648,0.05604949409012095
445,0.056115086002335175,0.056055633954150016
446,0.05627988381534714,0.056114443146186195
447,0.05618026609156257,0.05598730981614093
448,0.056279937866602,0.056196615655779616
449,0.056214205007953065,0.05615989222172438
450,0.056315472972347444,0.05632781094684872
451,0.05627491798077916,0.05609551454608265
452,0.05619001848667528,0.056211595248567815
453,0.056133767864114364,0.055995566943334726
454,0.056164086451350834,0.056092395449805654
455,0.05621492334649483,0.05612158611877298
456,0.0563746293733714,0.05619948620428722
457,0.056153504345209056,0.056118401946457494
458,0.056237154085643906,0.0561425947126072
459,0.056213557591365426,0.056168681129736955
460,0.056234847752182536,0.05611324174659138
461,0.05615752702713983,0.055935339281237735
462,0.056176328543892894,0.05606239741312809
463,0.056282469293880394,0.05616715644123254
464,0.056274282549536314,0.05622803798230837
465,0.05626781761663355,0.0561648286360979
466,0.056101156742033205,0.05588568634923556
467,0.05615154091802054,0.05599719076141295
468,0.05622833234801449,0.056044788329311486
469,0.056193042850679546,0.05600731675726259
470,0.05621990022539662,0.05601113874500721
471,0.056276949099761726,0.05609301261857783
472,0.0561459190227594,0.05606209876519195
473,0.056099950116482694,0.05597845677978151
474,0.05618745936747372,0.05608715189899083
475,0.05616179609284516,0.05601602735914059
476,0.056042195886846155,0.05590187057713675
477,0.056217875969955276,0.0561040367887199
478,0.05612057453406858,0.0560747158887409
479,0.056104103167289476,0.055916801276292255
480,0.056132884163956336,0.05603008301370317
481,0.0562249118590248,0.056185644506849916
482,0.05621043814533943,0.05604229214024155
483,0.056179515092589824,0.05599339344238488
484,0.05616209960100249,0.05601199749474138
485,0.05604848976960805,0.0559239237100257
486,0.056206736068827826,0.05607129521387268
487,0.05628605312958024,0.056142745137727726
488,0.05620969078493337,0.05603279704949875
489,0.05623478380256299,0.05618874541957028
490,0.05620312119383217,0.05612192150157696
491,0.05616339801674285,0.056019291833457205
492,0.05619913582303113,0.05612267097432794
493,0.056348860878173666,0.056158271093918244
494,0.05633403759300106,0.056137338456524966
495,0.05613689551529987,0.05609630024809563
496,0.05630144494590732,0.056164791022749405
497,0.056221340829227306,0.0560535681791812
498,0.056020559064291556,0.05592541839349666
499,0.0561454858818097,0.056016508784074714
500,0.05630713500471227,0.056110686321635066
501,0.056148883253716676,0.0560468272143834
502,0.05624010466631938,0.056130753951182284
503,0.05605850622803544,0.05594874128542151
504,0.05625337808438346,0.0560888437825322
505,0.05605932519333912,0.055920396473707626
506,0.056124963818754925,0.05602819684210339
507,0.05639204775080198,0.056217622933752015
508,0.05629194443569145,0.0561920458117728
509,0.05624346654851635,0.056132120178404965
510,0.05617212259868102,0.05611023378997499
511,0.05619930214749408,0.05598870621590546
512,0.05607798997040154,0.05588442612644999
513,0.05633339645909723,0.05613914817975855
514,0.05631361123862206,0.056181163066457325
515,0.05630362849885775,0.05625925325270846
516,0.05624179293888078,0.05612113026708488
517,0.05605159379320836,0.0560006908493081
518,0.056311265205937516,0.05618449313272847
519,0.056037526730849184,0.055887943495437166
520,0.05614773112003496,0.05604339672464055
521,0.05628942961859625,0.056206408690571925
522,0.05645219684378801,0.056319958336616044
523,0.05612446802288316,0.05596358550516532
524,0.056138104140431674,0.055886298524443274
525,0.05622584035006901,0.05615593997614687
526,0.0562755799335725,0.0562133431679028
527,0.05616064685564528,0.05611772503997998
528,0.0561130892772732,0.05610314833682333
529,0.05629162277422384,0.05610211808472835
530,0.05624353654501604,0.05618103705315644
531,0.056172469904966514,0.056102429083862
532,0.05610261322159904,0.05597038024582471
533,0.05612732115174241,0.055988105694857765
534,0.05622049613990125,0.0561382401738341
535,0.05636441543511813,0.056282822002329785
536,0.05627449304221757,0.0560834538065156
537,0.056224750480867926,0.05612272215682326
538,0.05617259991749059,0.056049907523871345
539,0.05630752639938946,0.05624227847928888
540,0.056165827335580676,0.05610932939206272
541,0.05606769710485559,0.05593815040528657
542,0.05610269604129222,0.055986266833891796
543,0.05618478696366149,0.05607184089764038
544,0.05608375378830979,0.05588105440730448
545,0.05614310744435041,0.05592952728608338
546,0.05621225880734082,0.05614441775942565
547,0.056146549449746716,0.055890304647846
548,0.056088333490184696,0.055968148390951766
549,0.056173196040014126,0.05599102982045634
550,0.056195577688188704,0.05600505092597996
551,0.05628657334257521,0.056219508278247565
552,0.056238647598636636,0.05608008618920446
553,0.05621547089997993,0.05617723941490693
554,0.05623666568718602,0.05608718363466625
555,0.056227481243608594,0.056157121725537384
556,0.05620221548610716,0.05601180104888048
557,0.056183379782880315,0.05610178205272556
558,0.05619919468545828,0.05603025171227183
559,0.05624118058732563,0.05608708222113576
560,0.05619601257359984,0.05599458333161565
561,0.056147118865533585,0.05596918614051248
562,0.05602643634118583,0.05588693808530472
563,0.0563131670706171,0.056078304466217886
564,0.05615952173080518,0.05600118790236786
565,0.05621644457421934,0.05618049173124323
566,0.05629775146506417,0.05622242242116589
567,0.05610269622384651,0.05599362813948844
568,0.056309291852098244,0.056118818930977615
569,0.05617976720898767,0.055956017195991886
570,0.0562071905926216,0.05598128819075392
571,0.05611848347931819,0.055979567942110425
572,0.05629996706955995,0.05614581099393062
573,0.05607487081947571,0.055933843548980795
574,0.056104211756664205,0.05599016489356167
575,0.05623712758005722,0.05609759374686869
576,0.056235926355973895,0.0560822979802932
577,0.05621238599765839,0.056071895789667564
578,0.05622858476952443,0.05610796744648365
579,0.05614841382955969,0.056099182050312155
580,0.05613012221525839,0.05594848859300886
581,0.056306668438735864,0.05619485037281247
582,0.05631255605501627,0.056192260316193295
583,0.05612911886142683,0.05596753676163163
584,0.0561468029648318,0.05598791231617751
585,0.05623259787937223,0.056018513070450096
586,0.05621637843223317,0.05618220815551444
587,0.056240458669038464,0.0560807564490617
588,0.056240539633885867,0.05608464522784705
589,0.056130988091451235,0.05597918314141509
590,0.05624796681866515,0.05609925656867812
591,0.05626993450046944,0.05607137264316922
592,0.05624913614370876,0.05606849978229316
593,0.05624616808396998,0.05618957375089919
594,0.056264734213201266,0.05609579184206895
595,0.0562265910841652,0.056135303714992396
596,0.05629789571132129,0.05626638146902602
597,0.05625704356433644,0.0561176500052925
598,0.05615202375206157,0.05601020384440745
599,0.0561568487592152,0.05606405204539268
600,0.05608623015382348,0.05594239784219455
601,0.05626266987008061,0.05613989590850045
602,0.056063727436604656,0.055970108468347046
603,0.056159722355281265,0.055990651611194764
604,0.05621832289839879,0.0560800771001498
605,0.05623964317274548,0.05619134547568905
606,0.05616346613007477,0.055965573639122176
607,0.056131844199649436,0.055905587753110796
608,0.05618850545885216,0.05611397821466106
609,0.05613213806147101,0.05593586531293272
610,0.0562838756428977,0.056205125307175016
611,0.056201411562648344,0.05600564961530236
612,0.0563196364203358,0.05619718100281236
613,0.056225610579573634,0.056142969577914356
614,0.056087334705705795,0.05598845809660148
615,0.056335559221532695,0.05625441838953247
616,0.05625337854145776,0.05613827527122253
617,0.056168386155734364,0.05603959498695824
618,0.05622029043106335,0.05604702001134868
619,0.05623514954744738,0.05604626523492598
620,0.0563273786724261,0.05625199993802867
621,0.05625120427918544,0.05614007025205915
622,0.05610253165689189,0.05594872490558349
623,0.05616872568243746,0.056104217632683175
624,0.05602765073272109,0.05585044843454974
625,0.05623760351453395,0.05611086262729492
626,0.05627417146649637,0.05613226210828236
627,0.05610953616308619,0.055975726189632716
628,0.05617773573354229,0.0561403649686085
629,0.05616923961901627,0.05599335457689277
630,0.05616371945017801,0.056046965942314515
631,0.056236193948550624,0.05611787872925644
632,0.0562252465436551,0.05609930625742397
633,0.05616733672904501,0.05603583669019356
634,0.05619557210313002,0.05608225790556121
635,0.05611822900930735,0.05596144410035718
636,0.05623496705469984,0.05610994011060387
637,0.05613635620210087,0.05603246147113461
638,0.05620597201775251,0.05611022268378113
639,0.056211996797825854,0.056146170338891715
640,0.056235848251245495,0.05607239326485234
641,0.05616018363341399,0.05603279088306727
642,0.05614967287787286,0.055992115522980695
643,0.056101039905109194,0.05597881399157997
644,0.056187511023903326,0.05600534871584527
645,0.0561360865243334,0.05608258957799826
646,0.0562732707303341,0.0561788523497925
647,0.056171175769613155,0.05609355758933964
648,0.056089946519173914,0.05601626825157765
649,0.056078963575965514,0.05601206109164198
650,0.05611105335649652,0.055982303987869075
651,0.05620874746871685,0.055971210777178704
652,0.05610393387250986,0.05600334675274761
653,0.05610007379333785,0.056001077491039664
654,0.0562560455886428,0.056140116178955465
655,0.056268532524448384,0.056194348366336765
656,0.0562551505199381,0.056126666551817195
657,0.056149549420244964,0.055944601299791175
658,0.05630181500994259,0.05620857777633433
659,0.05613315106940075,0.05606279209681829
660,0.056305027163193355,0.056187783307501925
661,0.056197882313239474,0.055968872331893814
662,0.05627115842555182,0.05612802379784365
663,0.05621951221854073,0.056111487709146084
664,0.05604403944495012,0.05589672940473675
665,0.05613608128118714,0.05590077765028274
666,0.05627106955416398,0.05619272519520248
667,0.05612280513844454,0.05592775873048486
668,0.056106565960396745,0.05598951253895678
669,0.05614350539932994,0.05598020674281869
670,0.05616097367254111,0.056105479403375604
671,0.05606314998164706,0.05595290014639636
672,0.05615274280435052,0.056157060818952304
673,0.05611208319009216,0.05598972740068384
674,0.05624650132834558,0.05602306287730081
675,0.056113775850900605,0.055914231677484307
676,0.0562199972418858,0.05602994764919472
677,0.05630270512159641,0.05616765494553297
678,0.05607423667251929,0.05608278491485674
679,0.056134604408264295,0.0559821993280379
680,0.056226179463801505,0.05608781855797074
681,0.056058646785902645,0.055916432143232025
682,0.05619796145608295,0.056089360534961705
683,0.05624119895391273,0.05616475180482638
684,0.05621594195052147,0.05605178705986736
685,0.05622528606948114,0.05609790707257806
686,0.05622903673917468,0.056103708601819034
687,0.05624757567997943,0.05609722139611216
688,0.056145368868650646,0.05604513073970299
689,0.056304509060492024,0.056109736180798175
690,0.05622049302601723,0.056005708108630134
691,0.05621144818902062,0.056002861371613394
692,0.056234944396262164,0.05621029046809445
693,0.05616400436487714,0.05604290897751922
694,0.056044367663616444,0.056037654604136136
695,0.056222381777068745,0.056025663563188874
696,0.056137889784469604,0.055957966900876135
697,0.05603466700591925,0.0558713566813422
698,0.056177848858461284,0.05599205012442386
699,0.05599851526922838,0.05587126023587646
700,0.05623697420430898,0.056061247028105374
701,0.056009703716438826,0.055890577546376274
702,0.05617107031703288,0.05608663218705807
703,0.05613670702071872,0.056070311555916574
704,0.05618415617010224,0.056056819468816035
705,0.05623456549876101,0.05610514595060183
706,0.056135850527022975,0.05610227418008851
707,0.05643154256519319,0.05640436800758626
708,0.056114518665038436,0.05600210349769052
709,0.056169693037956006,0.05604264187478668
710,0.05631930213364308,0.056061322832449016
711,0.05627478295607063,0.05611247657175675
712,0.05637915140167066,0.05624366665079108
713,0.056165684848855625,0.056052740522030915
714,0.056133518257800434,0.05592405820575727
715,0.05625161155367373,0.056144171377603753
716,0.05614086548931259,0.056071171055132
717,0.056176728297792654,0.056016151382171045
718,0.05623950292775827,0.056113666499127926
719,0.05600270775024617,0.05583925161070532
720,0.05619754202162193,0.0560182175415783
721,0.05616150412412285,0.05604410550133007
722,0.05618825591047143,0.056058499631702695
723,0.05621600910094694,0.05606685079143642
724,0.0561896663363749,0.05599622101920367
725,0.0561785580707205,0.056072175162189444
726,0.05616288194534244,0.05600281100640592
727,0.05621508079091184,0.05617877212555525
728,0.05616177521185691,0.05600441749538418
729,0.05617501006968272,0.05607901752888342
730,0.0562540902513215,0.05611775129858013
731,0.056313351987973714,0.05606331001219118
732,0.05633816209397275,0.05620460254477795
733,0.05627609257535692,0.0561558352486497
734,0.05620238336811365,0.056087871799635106
735,0.056102616129380015,0.05590802519626895
736,0.05619501835859878,0.056105141067406245
737,0.05628970739697764,0.056120625999633966
738,0.05613139862062079,0.05604341279058114
739,0.05614689871766021,0.056022729760895396
740,0.056254889445018295,0.05609630328360238
741,0.05622892181987785,0.05620269730839636
742,0.05614467500804997,0.055943780120104
743,0.056100616313645706,0.05607544515078301
744,0.05619351162461639,0.05614698383990784
745,0.056238049400226434,0.05615886598218195
746,0.056137316754391674,0.05607112356841005
747,0.056065779405327414,0.05600969870124996
748,0.056194653503276064,0.05613431164497187
749,0.05621914533018453,0.056007699506043764
750,0.056097887960408786,0.05591731261632885
751,0.05630124510764934,0.056222858500107546
752,0.05631304367838001,0.056251623885138505
753,0.05617943681841557,0.05606706434445057
754,0.05637390078871095,0.05624552692809733
755,0.05619749970109076,0.056184212765898384
756,0.056202895492872516,0.056102568866011025
757,0.05618317473548649,0.05604546477556392
758,0.05622149707319371,0.05601465787906788
759,0.05616439257834701,0.05604971153289987
760,0.0562947884113288,0.05622339621953181
761,0.05628135790979509,0.05621351088116619
762,0.05622213127115494,0.0560766294996719
763,0.05625147900267361,0.05610073377177913
764,0.05615655663486218,0.05612734294681994
765,0.056235283949179767,0.0561396660453843
766,0.05621767203867707,0.05622466934000751
767,0.056335601190881546,0.05622081560893382
768,0.05616760498180317,0.056053386596627355
769,0.0561563644671601,0.05602862661570886
770,0.056240693185686565,0.05614761631017756
771,0.05611498675495272,0.05592519690782863
772,0.056108233277991575,0.055861107109026906
773,0.05603303200738285,0.05585557298087816
774,0.056371391966922806,0.05626212034935653
775,0.05616206770781726,0.056102545739367425
776,0.05603691006763673,0.055930324457364226
777,0.05622766985305451,0.05603978573460175
778,0.05603393859868091,0.05595573921316516
779,0.05611890208994296,0.0560548479386207
780,0.05621760109883621,0.05609876286422007
781,0.05627042862486457,0.056164141905890586
782,0.05624685619218801,0.0560809545918317
783,0.05611899547061236,0.055967165056698485
784,0.05615176142314898,0.05606361415202131
785,0.05599916678056435,0.05576045518480206
786,0.0560669883098679,0.05597914009736579
787,0.05616919198885441,0.05612567000474378
788,0.05618188654808682,0.05609229708019732
789,0.056046931757427955,0.055960979739544295
790,0.05629403748938157,0.05620689535608936
791,0.056202719265395766,0.056101375082816485
792,0.056223478951024454,0.056049773455357325
793,0.056159055695927176,0.05598157179557801
794,0.0562290419833755,0.05608070363221135
795,0.0563230842458995,0.05624348667703237
796,0.056275818727181175,0.05619092071913119
797,0.056226070135672775,0.05612499384440582
798,0.05614520852122204,0.056081379844252946
799,0.05609880195287275,0.05599123103351391
800,0.05620086032399474,0.056091530586922955
801,0.05614517239569301,0.056037715907758585
802,0.056306565285027685,0.05614117953091914
803,0.05621158231250966,0.05615086810633985
804,0.0561468430566612,0.05607269696150945
805,0.056195021939536606,0.05604035525565576
806,0.05624871069533804,0.056191746748186215
807,0.05628761385799754,0.056148299822668224
808,0.05619473701982878,0.05609953054652334
809,0.05612778142181997,0.05599466111854827
810,0.05603797787869651,0.055880855570476805
811,0.056190957380354005,0.056068775417132635
812,0.05609666310177504,0.05603335308858292
813,0.05624774833446567,0.05616202023823693
814,0.05625651506614605,0.05618350626776909
815,0.05629765432166285,0.05607294945272512
816,0.05616542398542774,0.05597190177684812
817,0.056142561589160436,0.055973365701849964
818,0.0562816641243,0.05610413536795948
819,0.05628059421709682,0.05616482726665503
820,0.05602916498793534,0.05591752383348475
821,0.05614016126015132,0.05604157433724971
822,0.05616586806443974,0.056019240979607726
823,0.05631630982700935,0.05611406848993013
824,0.056257785794159805,0.05605422498875376
825,0.05623320284995486,0.056123397367082065
826,0.056115021192377545,0.05590782813023362
827,0.05632364137467325,0.05620458279385078
828,0.05618251161047301,0.056029259248238414
829,0.056271360541109934,0.05613719741687987
830,0.05624706426346648,0.05610593615616144
831,0.056105886090399716,0.05607516913789297
832,0.05619291169812829,0.056088242080012604
833,0.05624881482699547,0.05615779094461815
834,0.05616529169040808,0.056045572603654836
835,0.05620852606962759,0.056112602323578856
836,0.05603304313458082,0.05590102378909594
837,0.05627286288079293,0.05617831966619743
838,0.056292222624492454,0.05613492085354544
839,0.05626611508871214,0.05619999776045245
840,0.05621610728437797,0.05608813550117109
841,0.056223634986239286,0.05607071438112048
842,0.05625062434406623,0.05624309149184539
843,0.05616972907417367,0.05610263141537913
844,0.05623621733541963,0.05606732783852647
845,0.056181357759997705,0.05608826407714611
846,0.05626676979699625,0.05605047444806059
847,0.05617350287307062,0.05605831508710993
848,0.05614048427523941,0.05599722051597149
849,0.0563496273331018,0.0562654162972407
850,0.05619223240243554,0.056082423213894866
851,0.056226863691676815,0.05614251825100933
852,0.05624870549762972,0.05624078264317414
853,0.05628383998109431,0.056160808470519186
854,0.056333206713285906,0.05619627250041133
855,0.056260109497452034,0.05625703757391865
856,0.056110022676357264,0.05596395721606673
857,0.05615292252099683,0.05605152154863462
858,0.056241814189965954,0.05612109488253301
859,0.05622186325193588,0.05609236784016446
860,0.05610757523508381,0.05607773919893455
861,0.05626809971828152,0.0560912604450296
862,0.05622394642396807,0.056122246663374536
863,0.05622196555538276,0.056180954955183195
864,0.05624936437636675,0.05616855900516042
865,0.05625631703686591,0.056099922376962194
866,0.05624836381180665,0.05606397078757522
867,0.05619724710332921,0.05607984988649479
868,0.056071754263740614,0.05599482579276944
869,0.05612308913119783,0.055989339494988424
870,0.0562489807922435,0.05603895616963726
871,0.05622274937123622,0.05616146927739894
872,0.05621977949769109,0.05617296638036498
873,0.05617195070787937,0.05605171147540548
874,0.056155923970336794,0.056096297430891257
875,0.05609475100243893,0.05601653277792616
876,0.056296818984570667,0.05612465151410595
877,0.05615428249768572,0.05601237071645433
878,0.05624359928008493,0.05612796432613461
879,0.05633146059787348,0.05622416008336975
880,0.05617388574134259,0.05612474991887021
881,0.05605793902732229,0.05589390532731185
882,0.05613928866995126,0.05597993130836209
883,0.0562424122317968,0.05614601432223268
884,0.05628251084147306,0.056089672861416195
885,0.05601708280802605,0.055810244829591085
886,0.05625790740095425,0.05608354116513475
887,0.05619998899191348,0.05605047425084059
888,0.056187936322632866,0.05599668291965652
889,0.056263954192798844,0.05608526538792509
890,0.056142604277843136,0.0559760958806786
891,0.05617051617690258,0.05605545146806529
892,0.05624557488973696,0.056191483511525475
893,0.056152144910794656,0.056050737666104515
894,0.05628990984724405,0.056174902904572936
895,0.056105403190621315,0.05593087802176427
896,0.05628123845071224,0.056172618640367454
897,0.05612853722781725,0.05603633653296031
898,0.056147491156867735,0.056059644093775965
899,0.05621537094152227,0.05613246397461181
900,0.05621822890663383,0.05608342348695697
901,0.05628622978556671,0.056107013628901546
902,0.056169406976509705,0.05602889364695189
903,0.056260832478937615,0.0561207230111383
904,0.05618664877311364,0.05604155274382947
905,0.056152313350496225,0.056037182140071765
906,0.05606174265013436,0.05596818476915935
907,0.0562416381043775,0.05612205579334178
908,0.05620679756422195,0.05610469538231478
909,0.05621712884513193,0.05609352992248612
910,0.056055561487465856,0.05592423567998141
911,0.05623541031311274,0.05613724021007179
912,0.05613929740603228,0.05592347927607103
913,0.05603781768473163,0.05584474825296523
914,0.056228578941758214,0.05602488364287475
915,0.056161921415542486,0.05611439049799338
916,0.055972997169427614,0.05582724370529294
917,0.05621412509739718,0.056103612559776445
918,0.05608774158398707,0.055956287495909765
919,0.05613022920549318,0.05599234542348627
920,0.05636745091951118,0.05628844543090751
921,0.05625702107033465,0.05620053382208824
922,0.05619349447523114,0.05611223063889925
923,0.05610823576958939,0.055944180392846085
924,0.05623522475948113,0.05609761502564402
925,0.05604359507183081,0.05586442745346666
926,0.0562583000458382,0.05617800545462784
927,0.056158020115140914,0.0560496792793677
928,0.05619211312645871,0.056111298715616834
929,0.056163927129273226,0.05606847507148071
930,0.05617840089958446,0.05607409959438325
931,0.05638184492446541,0.056172375130024724
932,0.05628395436575099,0.05609538369240432
933,0.05623216248027944,0.05611454687443999
934,0.056122956417476014,0.05611997652176268
935,0.05622976804144508,0.056188195498565456
936,0.056227338707668294,0.056024254770961526
937,0.056094936000945866,0.055951826065788246
938,0.05621119431537055,0.05612755775829956
939,0.0561202802526964,0.05609526662716313
940,0.056193132183483284,0.05601684522118375
941,0.05621017935330766,0.056027563091001605
942,0.05604114187263792,0.05595291666040139
943,0.05603380824993342,0.055859406546857365
944,0.05625116420845831,0.05607346512932193
945,0.05617700872019905,0.056128833013791984
946,0.05622063961886443,0.056070043499552455
947,0.05624907735424177,0.05615375133207043
948,0.05615764393597619,0.05596476659819902
949,0.05617680008382779,0.05598816462639458
950,0.05613673860623595,0.05600801158952842
951,0.056174834415914775,0.056056787806634714
952,0.056249051080357174,0.056196010366489156
953,0.05613712167296619,0.05612891770087609
954,0.05629281469001908,0.056145901877151724
955,0.056282664622034635,0.056094429402947996
956,0.05625137931046405,0.05612547245007045
957,0.056135645102902074,0.05595280333931972
958,0.05625809366248795,0.05612842781920303
959,0.05613261808186526,0.055953765399420874
960,0.05630116887593905,0.05604883574131312
961,0.056242902945570626,0.056079306530235795
962,0.05612958752157183,0.055940071357503555
963,0.0561996810574476,0.056042004314976114
964,0.056168902945337565,0.056149632272096614
965,0.056324249111302384,0.05618122944986119
966,0.05628882330744706,0.05612342318270527
967,0.05626638793060987,0.056104569754263006
968,0.0561899021965269,0.05600612088809022
969,0.056248293817955805,0.05617960386042746
970,0.05622418106234443,0.056106971364569734
971,0.05618493432178828,0.05600044907325348
972,0.05623025310050414,0.05619354064690269
973,0.05630444829462566,0.05617214351169394
974,0.05618292905137977,0.05600768930293515
975,0.056095089888246095,0.056046314287616014
976,0.05621278047934823,0.05606660331247219
977,0.05626479202855654,0.05614095000490044
978,0.056314862154121986,0.0562408303966002
979,0.05623912423446637,0.056145453433377776
980,0.05611349675642415,0.05601658079699407
981,0.05639601494214991,0.05625457376388428
982,0.05610753148262494,0.05592658936414488
983,0.056333656648301283,0.05624260750361931
984,0.05620381426880637,0.056164323663920136
985,0.05628882170218756,0.05615627647465267
986,0.05616240749987967,0.05600464650049272
987,0.05621082240414543,0.05606958426081633
988,0.05629322796549428,0.05623551323904784
989,0.05631770611199513,0.056250109716273186
990,0.05616244666382156,0.056007065895355396
991,0.05628428378608507,0.056155071206762414
992,0.05634977730089274,0.05622369430226584
993,0.05623252831139229,0.05607788630573304
994,0.05615607047144667,0.05602303130361944
995,0.05625294362853276,0.05610021330787893
996,0.05614020259053476,0.055943028154961716
997,0.056257412540213214,0.05619746493648067
998,0.0559978610372866,0.055855388102521206
999,0.056170534393872984,0.05598827747081527
1000,0.056069678626575074,0.05592382306141095
