gsm	PC1	PC2	PC3	PC4	PC5	PC6	PC7	PC8	PC9	PC10	PC11	PC12	PC13	PC14	PC15	PC16	mean_knn_distance	density_proxy	local_anisotropy	distance_to_centroid
GSM1087288	-5.281273681675198	-7.488224327024378	-7.104735501711722	6.659675802059795	2.73700005662025	-1.0476083729967207	-0.1796942521133393	-2.1901735942771428	1.0383296934754183	-1.8042832790556067	1.8954176570298464	-1.3575154751984568	0.48199201221143634	-0.04468290043236178	-0.4343825881269752	-0.22926414443291598	11.307146294885422	0.08843964462122887	0.44761441840661836	14.2287136743444
GSM1087292	-12.971993814816678	2.8588827197696096	4.175501822208841	-1.2635940595061916	-0.6678339271864948	-0.8958260509834417	-1.8142842577556455	0.9067809393244021	-2.0232753759243	-1.4389126082031194	-0.2570429135540504	-1.1084696281124768	-1.4777476871917814	1.7382235910133748	0.3782455880937948	0.909481712543157	10.137232321722859	0.09864625454592993	0.3472519232341613	14.64493017278521
GSM1087293	9.347104217745633	8.52170411988498	6.6705098974807315	-3.427194837397217	0.055982743748049235	-1.1703501798697034	-2.654542991252512	2.499423304997146	-1.1051173761233655	-0.48051374866365837	1.408516210417345	-0.10081128455253331	0.784608141499136	-1.876167791562077	0.9589269003666194	-1.5045708420083386	10.038305466731186	0.09961840704231273	0.33549667189873494	15.545445716210871
GSM1087294	-18.12527615435356	6.426546003401822	-4.550956971300984	1.2882613653965627	-5.220399668518896	1.0338315771273148	0.8633169410984962	-2.079033985362339	-4.55149336448262	-0.9965755890777726	-0.9980382085029991	2.0320016288944704	1.519209855037936	0.7862507769692662	-0.9292644941840958	-1.1438172917370786	10.872129611542707	0.09197830008742992	0.4242371694397052	21.389680684613666
GSM1087295	14.554326266027584	-2.2576607825905324	2.5318132897576646	3.4608608280805564	-2.297682444737233	-1.1182908051376685	-2.6030758470481166	-1.1800226943902234	-0.5901562143403534	-1.735681466742303	-0.3970177533305261	1.0107597243960533	-0.14192960197958285	-1.8802287542305098	1.0339120189691573	0.8451583473375234	9.355961701906832	0.10688372097505314	0.41437555554302263	16.12111229235342
GSM1087296	12.263549943711961	-4.64201637778403	-5.468311591455142	1.5948542656990006	0.253440404005154	-1.0006563274717737	-2.8670938265989556	-0.0013982285029105217	-2.8911158011437097	-0.1362197898170471	2.255004842643175	1.089392333698098	0.7158874021069563	0.6191318743871317	0.4653353389889442	-1.5439466535493374	9.378562988887742	0.1066261431719071	0.3244204015744931	15.225629555265387
GSM1087297	9.92933881131078	3.5702251281004957	-4.345143148390087	5.038259979448827	1.384768408175048	-0.33488132121347797	3.0379876927253524	1.3930638140675276	-3.1019311903895184	-0.5644644158040274	-0.6119758065911454	1.755509115842306	1.1797828533209984	-0.9887978991502383	1.4481452458503261	0.5948425099870948	9.878043083173369	0.10123462628983027	0.4622095055839172	13.675519343404536
GSM1087298	-13.450375012459103	-7.857260742855959	-0.7110674420415256	2.2337214614669474	0.24198402621841475	5.404739030630526	-0.6111127641786663	1.4586871964540047	1.767565386857967	-0.660377423680557	-0.9598878368233034	0.7690712358823057	0.6627945574674855	0.12407160376236581	1.3054473264465631	-1.1815330527397268	9.97000945830889	0.10030080755505315	0.3607367396856212	16.986565122653424
GSM1087299	-20.36995015118161	-5.171176687984088	3.5106539245833597	-2.0147418006633626	-5.473818578122882	-0.811920476231658	-3.5874382418406863	-0.7929627412951402	-5.644088962062893	-1.1968336151434937	-0.9497321708426227	-0.19185463931254754	0.2942621789935174	0.43439213831233964	-1.498913857220255	0.6132733062980311	12.557376784795766	0.07963446642858574	0.4047108533849177	23.222947804013
GSM1087301	8.837340231519025	-1.235090984836439	3.260438873019555	0.426294375428553	0.6942192726365691	-1.4286961195428092	-2.532688938014237	-0.10918869104718253	0.3895935490968412	0.06250185373636526	-1.2518166870774583	0.8766168031883357	1.9536138846853353	0.9304341318697642	1.5096467322467693	-2.001864018200812	8.957668360140287	0.11163619368290915	0.44005646872216314	10.62288889218875
GSM1087302	-16.760060016488342	11.221021791847527	2.043177541081993	4.691459103473648	-6.365151324744846	5.978068685374193	-2.5289922436256913	3.223021148378942	1.0542524811043201	2.7317201347624693	2.595532261363305	-2.8978921455698474	-1.4248869529048065	-1.575281731180955	-0.1754526528474975	1.2817342096997886	13.617662782206	0.07343404048061844	0.4176114157680169	23.57806565121695
GSM1087303	-3.9857726462244223	0.23080139906707056	-3.861169769656876	2.550326042178333	1.3036693550525997	3.009806514217201	-0.4533732853863175	2.4617790122903593	2.9624143409957524	0.7215073649278053	-1.482523901803077	-1.5222425039663972	1.7930175506382044	-1.1403763051125702	-0.8489886978462399	-0.19194654016608959	10.203817319170508	0.09800253853243174	0.3312603066363325	8.570962977956619
GSM1087307	-12.31947743194425	7.490036129427432	-2.3693866737052867	4.813161000746717	-1.431134051614137	0.019114671021947378	-1.821483805925816	2.0922045627627885	2.432984186842558	1.6893575747390501	-0.02090195820149919	-0.547176861894996	2.0981874725012437	-0.8436407941416687	0.4943094843464757	-0.44349414770784396	10.65724380434831	0.09383289135150419	0.4542644931374012	16.15619511334453
GSM1087309	8.952592314292257	-2.9358930428295307	-2.847889639374979	-4.581219493908484	3.0563548431954364	-0.5490472375094757	-1.6308821088988317	1.965567148027222	-0.5358997984116177	-2.126339426297997	2.0039794468368286	-0.7082075588395678	1.3463322390472947	-1.2970389516075276	0.13481461171732273	1.4528824967467906	7.908994326561498	0.12643832562143612	0.29860052295737	12.205833671062253
GSM1087311	-7.066576000429292	-10.117744935234972	-1.3835039819526842	2.5503397449045173	5.164476392022966	2.0221747131889285	-0.6815850690045054	0.043207287948028486	1.4292359946914308	-1.3524763697500355	0.7194436961773911	0.5841232932621953	0.44571727990696103	-1.2633966281170244	0.4750931920887832	-1.4474013527839418	10.400856501025661	0.0961459279724983	0.3540559436653314	14.170294045678427
GSM1087312	-13.865287699421728	1.621678877454436	-3.7855844569963573	0.134347590247696	-4.350947666186255	-0.5127690203360228	-1.3719133694956016	-3.8544867776469967	0.6127294688659612	1.3170976745539718	1.614910602744523	4.536802323960623	-0.9453594519377267	-2.4719106202592553	-1.1687683260173753	1.4054350796198494	10.594898557706987	0.09438504715767017	0.4073382679781918	16.757196831172834
GSM1087313	6.255673625324218	5.981907528203323	3.0242837256786803	6.100613282970024	3.6017355523559536	-1.1804662951731884	1.4893441185880074	-1.8105478522950564	-1.5958596643701084	0.06399741397898548	-2.8458023201095797	0.4733699240932229	1.3600507274807128	-1.2280119258677282	0.7916658101811144	-0.6134653112436795	9.73929550824883	0.10267683110682221	0.36282784526452727	12.505080293165467
GSM1087315	-13.878738697571217	-6.641952849340856	-0.004704238280365461	-5.209076380877865	-1.1361576277530236	-1.3017807733806064	-1.528089795695977	0.7290567140827848	1.2041320252572478	-0.7996848287466694	-1.046127845727214	0.17150710557761467	0.5523256590453621	0.29659265976353766	-0.4573782088307271	-2.144490246325289	9.582676568498817	0.10435497774047815	0.3135032831943689	16.67740344932387
GSM1087317	-4.5206771088732305	-9.314537819140268	7.829749411330772	-5.019315634965781	-1.090282442604018	3.1069760909591726	3.0554420182700213	-1.0703742666301208	1.3351211915875647	-0.8464216100946025	-0.15765554823902023	-0.6687347954730541	0.8653807711994891	-0.7148292415339812	0.36603647935450867	1.6391495491431822	13.22218525317333	0.07563046356198375	0.5712680299335497	14.902039562954611
GSM1087318	-4.699348246377075	-3.83462436493401	-0.11509739373374803	-5.469610070421841	2.573114839664105	-1.428500446673562	2.9093212930440817	0.26982225072167826	3.6060486116551207	0.4121307461646154	-0.31424627354738377	0.3341143627885691	0.5933513131530757	0.22033555597061652	-0.12227458850124115	-0.38110990323427635	8.984659884539413	0.11130081860089826	0.42683930155624866	9.892482927534592
GSM1087320	3.284279791942683	-6.662232262991738	6.978610762903492	0.5251048830812859	-4.790468292921696	-0.5050792066184684	-0.5471766288330943	-0.05027669016433801	2.4304828721377376	-3.822674624603527	-9.615397808536288	-3.0604278867961185	-1.995366959489205	-0.8759850276211959	-2.2654905284129523	-0.08367758061918085	15.733432834174385	0.06355892007419064	0.38227908285277484	16.12093879905299
GSM1087321	6.184068644391596	-1.0872102613594359	-1.088842616169317	-2.567976886876791	1.3636860263926418	-2.3903743947592386	-2.2025967147588825	2.211917911488683	2.2681890990958022	-0.45267478785941023	1.1783328965877158	-0.8222795919818118	2.276333085818403	-0.33096082907597063	0.2205889571589385	0.587267009325187	7.740825099639042	0.12918519500543957	0.32216319527575193	8.810297098147725
GSM1087322	2.9288788488860935	4.228958819853408	0.9533351304995217	-0.7513077050587093	2.0240914429959314	-4.372203136690703	2.0696932694808763	-0.9166152654203576	-0.21289676727857773	0.9513239067004511	0.0026880780449814543	0.2921647810917838	0.6958157956315586	0.8752189799704526	-1.613714171185578	0.23850422710916852	9.406530390268708	0.1063091233973388	0.3877298440021238	7.82428850655849
GSM1087323	-10.93046677207944	8.368007023886008	5.750463537702457	-1.7948664911377288	-0.4269364433686173	0.491000447669685	1.9991586339328395	-0.5424572955888394	0.7601768201250392	-1.3501028069319536	1.2103785923604593	0.5111031560489202	0.28728869904250376	-0.3242765905003256	-0.11530013487986167	-3.138114752624566	8.793129079763006	0.11372515869252298	0.4013931757127534	15.642183701128259
GSM1087325	-9.196848270108564	0.43242599308815743	-3.205512651406512	-3.4862955241036424	0.9253117282407	0.12115716404349619	1.3802504468085899	-2.506164377890312	0.44745501095762996	-1.1556344906539988	0.7830581194451273	1.3456063288014055	0.18451926378778974	-0.8862601709994404	-0.24467463024488165	-0.640821604936837	7.84589160357759	0.12745524033799932	0.31432466393230196	11.022929562832086
GSM1087326	0.3856049863518637	-14.46543058702504	7.085449053295853	5.658264223895879	-3.4144437640165894	-1.001880994218419	1.30443519763775	3.908286635928198	-0.8189473505514662	4.120249832234122	0.4517573787693374	0.6030299971138681	-1.6097053794212177	0.3183662419957601	2.2644222066452198	-0.42238305425929773	15.52050709405365	0.06443088450267609	0.3371050872555655	18.64051367699332
GSM1087327	7.328988540385159	-0.6627898579378261	-5.084646462994325	-6.787303090393418	0.9830605507752349	-1.0940575141622622	0.03477586196235424	-1.8168266600661493	-0.8751551966487924	3.218135551093942	0.41861583561556465	-1.872015920450769	-0.6504573661555397	-0.23769835392798278	-2.7414214529456644	-1.3090774510254417	9.425691647065012	0.10609301019424666	0.4127109197687986	12.492019900530904
GSM1087329	-0.8518448695863918	-3.020767202319686	0.8186851077023826	3.0176091668435943	4.7110415615534915	1.3711764059485712	-0.4983839252637696	-1.9904394403523524	0.501424724061451	-3.232660201384826	-2.099368005419928	-0.6973581554157304	1.4259994242975034	-1.4589656484228548	0.6834377162980428	-0.3711454645950472	10.07332929773293	0.0992720450650767	0.45199560604486283	8.262761156863672
GSM1087331	6.864542540977299	4.646252339895236	3.7917698763408096	-8.337557530642743	-0.2830943003325036	-1.5488090897331153	1.7346013736795032	1.2079733799359607	-0.8640792250325862	-0.838940871057691	-0.45833608648272495	0.8004138211877364	0.1868610843890467	-0.9985032102151337	-2.2317764624046625	-1.2189805224702581	10.025304713107525	0.0997475915811772	0.3742117242981839	13.013409907854912
GSM1087333	-13.978266420882342	-0.20721552001785806	-3.760975417542115	-2.696654597246088	-3.846341447164825	-2.4071885861116393	-2.364362338332622	0.6724662984307941	1.4825757214572404	-0.09969324909041906	-0.17671214886531542	0.5579506816937271	-2.0759273579677715	0.5102092353895016	0.20334803854410038	2.481691369512169	9.390077432409907	0.10649539444141191	0.2996675142694014	16.02508995663042
GSM1087334	10.200136143248216	9.237540992835932	0.22161653000539103	3.3732480166134495	-0.5443088067056031	-0.371486739617712	1.1860572201358468	-0.6890340092951228	-0.8619818010734291	-0.2744625159259492	-1.7612740714449795	1.5519441492085606	-2.269122908282998	2.591292642545008	1.6269885456225188	1.4115827466661002	9.3635859754588	0.10679669120578505	0.27268337812298943	15.031665386069633
GSM1087337	9.911946066590913	7.073375028749154	1.9519893173744396	-1.9372340186202428	2.258592387539504	-1.1168853585103369	-2.008890868080131	1.4686315300185344	-1.5081139264679049	-1.6628741089438397	0.6090833302310676	1.6083384664575857	-0.3246927882181775	0.06639835440790355	-0.3090090318219237	1.3608981524769643	8.567233646312932	0.11672379221620176	0.29249763034522314	13.358079883909797
GSM1087339	4.752985626433855	6.19116506497856	4.075004209764239	-3.2200531730520243	3.1734300999389506	0.7344458431519404	-0.7108174266996901	-1.1272137551136459	-0.14117579943428932	0.47734140663109104	2.4452593904897286	-0.5727015398684864	-1.1856699601734202	0.4224459259408169	-1.3230512453353536	-0.7955540080341528	8.83191972196544	0.11322566684033995	0.3119237116317291	10.526369321422093
GSM1087340	-9.564935280451621	-2.6241112067143613	-0.9568236110429496	-4.785420192555725	0.4425048962055213	-0.9660339128168065	-2.014214975831467	-1.1912452791094907	-0.6697134672993168	-2.0834857541487337	0.2260851812387536	-2.44287039367495	1.034088405595806	-0.5082099533922302	-1.6485034583889226	0.322809566405457	8.368519262478493	0.119495452975	0.42587975086824087	11.989679266578973
GSM1087341	-1.491896072109148	-0.7754695813025442	-2.165290680917816	-2.810674926185258	0.26704160986837433	-7.804514786046296	-2.331984086117538	2.038790422264585	1.860276763620288	2.4234325911060894	-0.16160138033424956	-1.0608272140616495	1.8600229713830514	-0.9051265285624983	-2.4872499083774366	0.3318406277080524	10.450715808837987	0.09568722547734211	0.47669812585635296	10.346625392209667
GSM1087342	12.27816349761119	-4.232959619921621	-0.06183493590177188	-7.453974807084631	-0.881999977026706	2.683706159482335	1.9282308842525766	-1.2017139490099715	-1.512642166999125	1.621988790611927	0.13644546766067675	-0.2993257005963346	-2.2757417977938936	-0.5037184948801507	0.5327490262896651	-1.6831933506467947	10.358870724206794	0.09653561924110952	0.42924077592994564	15.841592252863352
GSM1087343	-16.147030023905224	-9.268807049787998	-1.2671367375686007	0.8370392217289911	1.6451371037554496	-0.4316114736655597	-1.7745034269995765	-3.288954169788163	-3.6525602872520158	-1.5061149891319756	-2.6985185443543727	-2.027303023012826	0.32500458694280676	-1.5956925801604767	-0.6009021681363632	0.9728788152924783	11.099184627309217	0.09009670832391051	0.33363608822213214	19.918922101306755
GSM1087344	6.166420773987023	-6.395519512597291	-3.305964725126219	3.7208840253816624	2.1773881379344036	2.1082146304747873	1.2111967572662636	2.0644870904537904	-0.5995098481927292	-2.744021382032078	2.438008334964851	-1.1043013226266045	-1.3651959516103631	0.7744172105816405	-0.6763751558966791	-0.24396879425208057	9.665386071118643	0.10346198202966966	0.339384600631734	11.689713676428628
GSM1087345	7.732567430944374	9.776452394690844	2.630565929387044	-1.076014898644703	0.8977581372350218	0.4094067492334514	0.3653973921668714	-2.578451055126329	1.7079264063764212	0.7756679965384461	0.3310341028894961	-0.6326467515314077	-3.4014757873971355	2.466943681708024	0.3162746969630144	0.06166360238639901	9.541264668298238	0.10480790909432484	0.32071207316931977	13.892191836157702
GSM1087346	-11.50674273629371	11.578848714454027	3.8500808735780234	-0.4530679857982612	0.1936464094028877	-1.0584858280930114	0.7008608984143718	-2.348248956659554	0.06996372586784025	0.362351648928484	0.40808181461335413	-1.6777238676837447	1.1370941042764076	-0.4980496349179943	0.8055852979657124	0.20233298140136788	8.879170520102885	0.11262313272797694	0.28226562805850386	17.14686718203507
GSM1087347	18.746016890971116	2.8729149119011135	-11.32755756866807	2.029838830472838	-10.095185145146278	4.1296037757691435	1.4904576710120663	-2.92756072011858	2.10553704517822	2.484316447095567	-3.1681729941611843	0.4370839869647596	0.7498029007837658	0.669050944791398	0.28834645638459955	-0.6282905721222471	15.315861409912742	0.06529178955306517	0.3678040561682879	25.380706552116894
GSM1087349	2.3280468603772104	0.09478610845960084	-5.4590610333624765	-2.634184584253369	3.0890810684694547	-1.3417154804121267	0.450593182594038	2.2643062854709437	-0.8874061090568675	-0.27795138680273707	-0.18322988802656373	-2.5775766277656356	-0.622285286467465	0.08259843337570781	0.21792370185500348	1.1928578210248353	8.168158856951752	0.12242661014713226	0.31008460016381806	8.261264120495628
GSM1087350	5.334598942032291	7.430334772267374	4.436903791725464	3.396302288386329	3.6375511941152245	0.410598364049957	-2.04039133929674	1.4224730411430115	-1.3484194380682168	1.0512637692622624	-1.0180548067436457	-2.317199245445962	-0.3464289433735978	-0.5575910227237818	0.9096083433396202	-1.1270708882996172	9.086854751228248	0.11004907939842687	0.3859491218654949	12.096844075260151
GSM1087351	5.933633334095635	-1.4433968281014675	-2.1848398832215845	-0.9896334436955416	3.2378268880650958	1.0127358280769907	2.1536148551354497	-0.01950793551067197	-1.5802760327550425	2.3264932419170354	-2.1308203651461888	-0.655536864008494	0.9952258884178576	0.20846903079140394	2.2565826896313332	-1.547187967413811	8.636901970189657	0.11578225658359827	0.32190535062329634	8.977290795882034
GSM1087354	3.520022577214722	-2.2445767687221525	-0.5647692576777567	1.5127574831081558	4.43686074109859	0.22039828212841509	-2.25160207797542	1.6883536487938833	-0.8150844251654166	0.520581559391589	-0.40276234446856995	1.6706503865055065	-0.3186800579579277	0.9419575937612722	-0.40447762764290845	0.00582375139062175	8.393388315116315	0.1191413958769073	0.2818106063443094	7.261664897722782
GSM1087355	14.898729111150478	4.1189372997786196	6.524385574102642	3.650231385879536	-3.4844877156088327	-0.5539248840877488	-1.6027190629832	1.513868879019141	-0.7197990969682686	-1.5234089963807171	-0.6802102233409995	-0.7127845735818633	-0.8989996803761037	-0.6464232472937825	0.35319443543270473	1.8049465151255872	10.424778971650106	0.09592529517598176	0.3816541057403592	17.90410120252588
GSM1087356	-13.597718192726495	2.8874836170417777	-7.970583513755784	4.724000307076925	-1.7986405874660811	-0.5101589441306252	1.2666244823737847	2.055920838113965	1.5024774336577822	-0.3445993259749563	-1.3280124428214908	0.8900420697993312	0.05294891722762076	-1.282290080617564	0.4326538855185331	-1.1865926337699024	11.090931762642274	0.0901637501159481	0.39036913036995824	17.221574907419953
GSM1087357	-17.75068348682816	-1.0782716399984265	-4.679799407886255	-1.2007430912190338	-5.638015982910802	-1.6614974021011935	-1.5202865914691535	-0.11488214941583934	-4.660507935678578	-2.0955057467962113	1.1313666932676383	-2.0281971923275264	-1.677857100703658	1.0674516690388387	0.08886191357819975	-0.02015770753874161	10.58864596153644	0.09444078153452616	0.34920577998939445	20.296108513838227
GSM1087359	-12.279270424156069	-2.692071740896611	-4.036683948117415	-1.280959786114286	1.7311274612965981	0.06252398194373615	1.4849809278341737	-2.1995538651641593	-1.4611438086377568	0.5251932613604071	0.874563729823447	-0.9501540564784254	3.3059949518612375	0.2999488978474102	-0.30747257554321195	-0.4897942067536648	8.264625107858462	0.12099762384249271	0.2517471849194672	14.192947478528849
GSM1087360	14.741520978891648	2.092561988237485	1.5034350984990288	-0.7497474897472237	-2.3263202296247854	1.5895867685772649	-3.7606286531651905	-1.4112994296416372	1.4190161469480393	-0.8991852611994983	0.7724250149788584	0.14348555236484076	2.4081302156984097	-1.6302331195396642	-1.2407341447642906	-1.2964220605176906	9.41335907884272	0.1062320040725392	0.36470801769279176	16.238922153140464
GSM1087361	-0.8270047184190518	9.915561153623427	-1.3769484124865885	3.259656365109226	3.0487605613007687	-2.1369669467635806	2.3064695500468404	-0.1655391370623109	1.6622835987001945	-0.4692870317768194	-0.7279042021800248	2.224589296582358	-2.3895351460276104	-0.9475867183851092	1.652061269073723	0.7748681814612134	10.862570309105498	0.09205924302848127	0.4118338616253943	12.21196114933112
GSM1087363	16.459861399947254	-10.794142275027413	1.9417095464407774	4.59731652429911	-6.380740325020757	-3.3488825092827175	2.732456885724333	0.06862452601733304	-2.105413576327525	1.5956689970995985	3.222036015335464	-0.8353402642329463	0.11451306567740528	-0.5377809699695111	-0.17835421653413824	-0.4457911895964626	14.770254102013386	0.0677036422727229	0.4384270831139244	22.143556353995756
GSM1087365	9.685057133840933	-1.52338311249117	4.2630332644952755	-0.9976678590745252	-2.597994792368795	-3.0225406702361135	-3.0512885631010773	-2.9489891629836094	0.5335391490365111	-2.484893161971398	-1.5052836433689234	1.6676041338755137	-3.5222454267769217	-1.2386913829765072	0.44135864514885387	-0.6123428213955269	10.905730021335685	0.09169491616274512	0.3934289373462289	13.236257794598743
GSM1087366	-0.6683071871419084	2.9690673404163017	5.5878119569202385	5.93240224408731	7.815611507406883	3.3115753231286784	0.8224597554394745	-2.698722829715946	0.5231790723836981	1.1861125431797643	2.3480657319310256	-0.7501351500810801	-0.7073415349634622	-0.052707340476687146	-1.0712565759259518	-0.008711084763629041	12.476423345765378	0.08015117572451802	0.4897118106300766	12.848983030313724
GSM1087367	13.155452366627902	-1.4312590031427568	1.876396527315137	4.278297289782131	-1.0685501721618906	1.2195687114757285	-3.405573253697543	-3.866284075783495	1.9836652123052803	-2.4197598483224145	0.6413419745299542	0.6580490187185202	0.4016389316691971	2.071206602009023	0.2188998861268187	1.353400117956447	9.792125553234442	0.10212287358484567	0.3809922740297351	15.591012894678396
GSM1087369	18.138438775016354	-2.142352764426354	-6.811963816004629	0.6500139285349923	-6.513457094405248	0.7555642111115326	0.45978447761233676	-4.657203117679944	1.5477898249214888	1.4819878029917657	-1.7386489790857544	-1.7508641928129172	-1.1244538340014572	-0.3659171071493039	0.9724935167241522	-2.445704812122104	12.066425779446359	0.08287458260451007	0.3720393564722744	21.548104864460115
GSM1087370	-11.266056073052978	-5.8545650955003445	-7.196336040165015	9.555491671605512	1.8638548029871487	4.848419292740357	2.7973568724698317	-1.6898364147268747	-1.0293173847221517	2.5951162075428678	-0.42896959973231336	1.6678315534556882	-0.13526816390975854	-0.7128958899471047	-2.049163042071459	-0.49165085004578857	12.998512545146536	0.07693187943825996	0.3825005731732977	18.912525201775793
GSM1087371	-13.705956166640492	6.718517712736084	7.541386425160388	2.159378300674506	1.4144591615796809	2.8434781041955457	1.6731633392930227	-2.2401698760289674	0.18654170264426007	-0.46729175194537076	2.3567066748637586	-1.8054469463796234	-0.4107475260247718	-2.822605118603483	1.8518537973346916	-1.050012361199959	10.87308516218206	0.0919702168321124	0.514634292096661	18.280197036310973
GSM1087372	-11.045513518595827	-5.935067631668963	4.6472571277927335	-1.1746813881043379	2.755371321356307	0.9486842229103757	-5.160473371511438	-3.429094451619621	0.1635037066917859	3.84821463537414	-1.633431583014319	0.2557274294495612	1.9140115635273711	1.328801116557735	0.07043955518350577	0.7716003723430083	11.245242755780051	0.08892649289282006	0.39897510527643776	15.833034612533789
GSM1087373	6.256330935515836	-16.551544349252453	8.269738946427243	4.28263603735274	-4.596306780346509	-3.334902969595001	4.738697909060155	-0.5437209761237396	-2.2245767134329615	1.8359847976511336	1.1825688254578597	-1.5538067984719108	0.08928940360300018	-3.191539160829068	1.7829475720740398	0.5067646394391941	16.13104736183452	0.06199225490874835	0.4154893502477521	21.922256466469427
GSM1087375	-11.042097392811222	0.25812814893645153	0.9532592611660683	9.277633132222816	-1.9175936350335003	0.6808711966128352	3.6344472920661857	-1.0372757093923655	0.009893870786018099	-3.7660508320874317	3.027217443838067	0.666539542705999	-0.6353071178536698	2.0423148559054747	-1.1353060049954888	0.9984061229663035	13.540425349225327	0.07385292368656189	0.34575942609046634	16.064108455471057
GSM1087377	13.991435932352614	1.6172557534288252	-6.5757365409327955	-0.4010518195226765	-0.8771928463526418	2.4183775097869735	-2.796574324841313	-1.3689170405685485	-0.5348173138167702	1.469442174494926	-1.315688492761976	-1.2916524918724483	-1.1005337867161717	-0.463572848739713	1.0473292690797358	0.8010697166550891	9.154885130688987	0.10923129954385695	0.35676378767265665	16.34316695290049
GSM1087378	6.977645150235392	-7.009176337492097	3.026028951713281	-4.386630840326006	0.13935232202768805	4.267751464444356	4.234211189755436	3.621801606687685	0.06267192050371101	0.7424351537991893	-1.161006438898958	1.1837070228518956	0.4508131918794115	-1.1915539147876941	-0.5490332292149742	0.7024744618827876	10.32397050495398	0.09686195824756094	0.42324954076277127	13.461677315426716
GSM1087379	-3.521794804931159	-2.781237487249986	1.5305094064080556	-3.0985734581635174	3.7684412993570455	-0.3916829287741251	0.7383447522140861	-1.4988908271118884	0.9412330546024498	1.7265242260933937	-1.0487606296364038	-0.3545228142952127	0.32807331577824955	-0.9567298978133706	-1.9082620022592434	2.711532062900103	8.960934683329228	0.11159550151171971	0.32243853452631777	8.144786934056105
GSM1087381	6.220438505645952	-5.453330021412649	-2.752421437662218	-0.48900790522934945	4.799968125415123	0.8406609970138202	2.0959697048502925	-2.286514037434134	-2.751025428855334	-0.9622208183058812	1.4879488583480303	-3.12069195969516	0.8979781893600627	-0.18672343018582932	-0.39076498377058305	1.5529319397070773	9.383558149038283	0.10656938275619712	0.26957932482368036	11.552813582257057
GSM1087383	-9.572695031471557	-0.49541632025237414	3.8669057021023914	4.323779493503251	5.076685807598003	0.08379685863829639	-0.1392705148085508	-0.8057362130803055	0.3525296122316027	0.11266669158279011	-0.7936533821442758	0.14249633237834367	0.36634711559494715	-0.8047524545039346	-1.0516649761209904	-1.5230455598511503	10.49436865635751	0.09528920059370152	0.30411288693405836	12.528886210091141
GSM1087384	10.431328302692709	0.2928526316490268	8.639005323201433	4.488693457109665	-3.6967684645518832	0.04827508938810181	2.0382142027249444	-0.7246771764689538	0.9591153546963875	-2.2535865490375713	1.1689567892006711	1.2416098284225539	1.9038747534045253	4.4611809552862445	-1.5543369248993295	2.252176664865043	11.337657328194416	0.088201642636801	0.31589437232483725	16.184832516793872
GSM1087386	2.615338148334651	-9.432620638847164	4.981324762186459	3.93019661825352	2.807379581824343	5.659027851009226	2.4566929792419288	5.3716427339978265	-2.4317221761312493	-0.6409418071439071	-0.7075009558998244	-0.5583921145443148	-0.9417933198165234	1.1821804742241369	-0.4320200137181908	-1.141481590242316	13.007791095682014	0.07687700337775849	0.33313272051642495	14.892307253215494
GSM1087387	11.297713952267403	-8.124443786217856	-1.5725032696226298	3.478424963752273	-2.9720882761917484	-0.2981763296297281	-1.669337428668708	-1.3064009824991365	1.55563773546105	-1.8029375604220483	0.5756492751481977	0.6457332190400954	0.35451237201788327	-0.1374861162383391	1.429345760746777	-3.9889838149774173	11.087373943012155	0.09019268269833744	0.3856437422707806	15.689208446886903
GSM1087388	3.4773586868305433	0.09053963469455062	-7.127326312503835	-3.467789082663703	2.6879504641619643	1.6657201685030365	-1.0517596875889266	1.1544254210107487	1.8208276841911601	-0.3061731395932608	0.8526366178684404	1.9414593799687874	-1.4331968257491272	-1.2548458413163883	-1.320733684755596	-0.9953148782895906	8.812128204307587	0.1134799649772528	0.28080258266891517	10.081282150235666
GSM1087389	8.324534544721876	0.2643935833134506	0.4849734487781075	-7.13496101664416	-0.7097587490809129	0.9486452142192049	1.7916801742323967	0.7619525335226883	-1.5988886935250068	-1.5761067364432997	0.2692703034213303	-0.6130733648200782	0.4718331472209659	0.20456218259502867	-0.10788370845038293	1.525702812089302	8.504144119563033	0.11758972871819877	0.31910134766294396	11.567100983361602
GSM1087390	7.1252901795296655	4.677070110734813	-3.3795303778953927	-0.5185040515274615	2.3378124689911233	0.12188835351693902	3.474612243391725	1.6714588559568988	-4.6174151905604806	-0.6469722870517174	-0.3878241974685474	1.0490045675628308	-1.9045970527699745	-0.4520056328259711	-0.9177128214651803	1.977294124654149	9.794795249597584	0.10209503869322664	0.4220695977857288	11.672846616250817
GSM1087393	-1.3554541993653784	0.636524783573008	-3.2364761155109747	-5.810215871670182	1.4366914236183035	-3.1302173362274646	0.5291269526263189	-1.1637246837835782	0.8449228536111201	3.0473600273909986	0.3963016131266059	-1.335093194049353	1.1909631671753957	1.8564070563785133	1.705207506985223	0.18158073276306255	9.395056776829671	0.1064389522867088	0.44636609689356777	8.928468541587048
GSM1087394	1.0171045295648182	-6.652686791134413	2.041849380766585	-3.659317172714919	1.6459335504437733	-0.7088562219426546	-0.716368034424457	1.9933874829027909	-0.015420660995516306	-1.0510551997988933	-0.2260079543136593	-1.082254350269896	-0.1207814859375528	3.128681153174035	3.076105495219244	-0.965522766178594	10.3218428287831	0.09688192472872587	0.417622112718653	9.647592834591466
GSM1087395	14.737057548687238	2.270590281907092	0.015303962278700699	-7.293284119899051	-3.125200993042855	1.731610930630593	0.19758108379133046	1.2081496627254076	-2.316073790021197	-1.3192376567714799	1.212656743325289	0.8147055400337545	1.1430195137832286	0.7686160460035726	-1.1013135009356658	-1.0950283081400676	9.985543491553074	0.1001447743776606	0.3175421570411103	17.416681784675585
GSM1087396	-18.82384555406533	-6.470335576920889	2.064743758199153	-1.7410606597456404	-5.564568877069437	4.1727270886026835	-2.145243918353599	2.9351795925330197	-1.0525855687565158	1.988498021400176	-0.3485040522713515	2.9044119187789152	-1.1330511366369758	0.9513764030011417	2.4236582202042567	1.1670898392063007	12.277378841546653	0.0814506103384151	0.33588268976090785	22.093767356680004
GSM1087398	16.95562460811313	2.4399966227669387	-4.106131796227539	-4.571194761046494	-4.518434736529333	3.1707071878311415	2.7087216556287443	2.285161145687801	-2.123209415077878	1.2804693473672366	-0.24737283854308023	-2.263237894266817	-1.7005569237389102	-0.8810055102014744	-1.5375034189610333	-0.16130851369334176	11.306343701661502	0.08844592260652384	0.41181401118326283	19.789410326418334
GSM1087403	-3.554218793460093	-1.4850283927358165	-5.170160822373823	-4.679051867698603	2.3228857721566336	-1.4129575659923477	-0.3696592791937307	-4.914117364236478	2.010711466369729	0.5536179995006032	1.4391469330188944	0.5137580682757684	-2.5922375950530463	0.14397819817356083	0.9558713920806748	-0.0990955180307335	9.898695323607829	0.10102341443068316	0.4552131668140128	10.463641572767688
GSM1087404	-8.366105859070647	8.726491278994967	6.090414052420429	-2.534860621726676	-0.5531546159001753	-0.5304657217385601	1.1303563293870411	-0.2329003822157862	2.5766504395967305	3.1358215439039827	0.555874972274729	1.611290472268606	-0.5193144619410078	-0.1173762442467763	-0.41789255163547645	-1.7005772807077746	10.022089750460246	0.09977958937695375	0.42083711476861585	14.639302616548472
GSM1087405	-6.661639772974892	-1.1062468773515133	3.365746846040028	-5.145086622174142	3.312543703640275	-0.8270814676977735	-4.117852607447788	-1.1017176874873613	0.09910723794911407	1.1282284763182913	-0.5225820633756225	-1.4946054536870463	-1.0120549466614597	2.054329530961027	0.9881040808741709	0.38707866740271957	9.642417054721173	0.10370843682915279	0.40474713484346186	11.10807184541669
GSM1087406	-14.319014618473565	1.291907466846296	-2.300185741928548	-3.4497045711408587	0.2739918138890792	1.6634366654121606	1.480664627942903	-3.4922566553229695	-1.1380486494052882	-3.570780684741108	0.7212073368017592	-1.0427989558466335	0.18124707834721443	0.32953361456206887	-0.7681063747837727	-1.402128300811418	9.647839668377998	0.1036501470145199	0.34970080844069484	16.10824109444726
GSM1087408	10.13768556132387	-0.15579726627546706	-5.891020500476382	0.34069623626755374	0.7552688221772937	2.617308836358627	-2.19313697968966	-0.06812595617817604	0.283239354005255	-1.6504014081658032	0.24630151367936812	-2.0445497823258996	-0.8764008021500599	1.1270181519689875	-0.11495632010268139	2.22763326151242	8.235332320923295	0.12142800812776001	0.3178184160970352	12.802776107512864
GSM1087411	19.92855533362418	-4.796824138849749	-1.0858405753803966	-1.3597365548149485	-8.319626571537567	2.7220790344474577	-0.8432817105417918	-4.489712242464905	0.87708526393208	1.5315839924311279	0.378078467941326	-0.6092900444314863	1.562422613827241	-0.5937973344868034	0.16265621646697584	2.3742046442393328	13.375668871059947	0.07476261633267248	0.41612052188089876	23.081715351972182
GSM1087412	-12.569160942341828	-5.283102247129375	-2.3429458987105622	0.8125734389977703	1.0919122561636643	-1.724352947530911	0.7372815869603481	2.022960285524589	-2.0281925243803185	-0.12122260309393613	-1.714837967916228	-1.637947514036982	-0.9889374474691945	1.3617879256044285	0.009576608413258149	-1.1778101583697693	8.90892292331122	0.11224701443799372	0.3501741762071673	14.65666600576612
GSM1087413	8.034493901114166	-1.698464535734482	-4.630511059695274	-0.24472292681458968	1.565238086873797	-0.8839436630594075	1.0900328022728507	-2.161202544457987	-1.2141304810253792	-0.3368188705694862	1.6660022916368105	-1.158900150169981	0.9098138012507383	1.7500749068348496	1.1550669259557051	-0.3921253115431864	7.768142959634329	0.12873089555588513	0.27111540717550475	10.445780430083804
GSM1087414	-7.956838303381782	-1.7532528358754549	-6.735617611510121	-0.2595438530511063	2.714984491688064	1.4455319504459871	3.700124032156611	-0.5513065991320817	1.1998136193098998	-0.827078248420932	0.5103551216024557	-0.07884636629188654	0.18793697541030183	-0.3111102054328761	-0.7767225181810145	-0.5788906072569672	9.285951634290868	0.10768955508093797	0.3819750044018916	11.77868632165971
GSM1087415	6.096713637307167	-3.932636697022982	5.428042474395742	-4.958434776110164	1.1409255301687096	2.2875690702841776	2.9921512009992544	0.14534341338448276	-1.317784146151182	-0.7085496798154249	-0.9849026328060116	1.4287941300528184	1.091397258886239	0.924130737438842	1.4618197099454973	-0.5942433324423918	9.125322770690639	0.10958516483512908	0.3258126781753716	11.488226020537967
GSM1087416	-12.47484966205886	-3.145244794680992	-5.081384476007956	1.030312897395859	0.05830334644291408	-0.4678137796324487	-1.5637850920823084	-1.606503012028258	1.8100138634714065	0.040352070383732334	1.8092148118566125	1.6038919220197312	-0.8314443023057394	-1.1331651486772378	1.485958090389094	-0.4573610131847151	8.623635253668139	0.11596037756519505	0.35418839670781666	14.53138313983841
GSM1087419	0.5102221792515583	9.172844613993606	-4.58887724895151	-0.8400876840659468	1.239570703391215	-1.5784589593186857	1.2528384117190348	-0.9647880129745686	1.4330283167949065	0.36578374226809257	-1.960349559654793	2.674056775264226	0.72462142449446	1.3092811432349267	0.8891999087512711	1.245791005863475	10.861498698631578	0.09206832572063892	0.455472918693176	11.421747584474652
GSM1087421	6.744935128118475	-1.5376934233385644	1.7603661928998917	-3.6968549226570935	-0.03420727936198416	3.5889094700561675	3.591004856187351	1.6966251981786478	2.9958104038156406	-0.5814671232059986	-0.44277423633867097	0.20398535865901407	0.8926388580251827	0.3581022401146145	-2.546152143404757	0.8719808478006054	9.12415696429525	0.1095991666860951	0.31318138561270625	10.535582394195373
GSM1087422	7.632084371353672	-0.5036424417244075	-0.257656059017908	-4.096892648448791	1.1857781563464591	2.905278679573756	-2.8567838465244715	0.2110903995850921	0.006047823068793382	-2.4842226658591398	-0.059496165000942486	1.6449327357248376	1.5561141070005622	0.7757436575047859	0.6287311614351377	-1.7728526110813614	8.672140450178341	0.11531178556723211	0.3478107525559879	10.433028881462358
GSM1087423	3.2395697914219372	13.192792279652515	0.6054622449168587	2.5042738340635493	0.6924380225822362	1.3129727109583862	1.8911539973753857	1.1062532544296837	-0.9388881645852191	0.15009427744683135	0.08173250038193444	-1.3822916982833016	0.29255927052080877	0.5779268205686079	0.8206605672363678	-0.15557630495897157	9.711685838309577	0.10296873443488136	0.30652601789856426	14.217063969103311
GSM1087424	-13.238965704151349	-7.557904129072065	-2.165435065647921	1.680570442799059	1.1766384091625457	-0.1138095265140199	0.17885811363377624	-0.03157517629348203	1.9994970059401402	-1.9231475202808284	1.26029362027006	-0.32357118387381373	-2.7241335815232146	2.100763879686011	1.6194849380753333	0.8038093011535961	9.28261793122633	0.10772823005414615	0.36751128571233954	16.30424631912812
GSM1087426	8.273015377740338	-1.1270572193327557	-7.057118383624752	0.5974943250673902	-0.2855834277897786	1.1873145281803927	0.38176094882498984	3.005802758677768	2.1610151072931267	0.18706842117898168	-0.6922863654130943	-1.5438749393888784	-0.8709906243012799	1.127302714513461	0.9511939086382678	-1.8243424851146153	8.415724629295148	0.11882518072405553	0.39001717403401953	12.015616865358835
GSM1087427	4.780499031324967	2.356282479269209	11.698252866479947	-3.4300125457454183	3.3964191831844337	1.4478253801418577	1.5334422357909128	0.34164367545179153	-0.7591354120831657	4.199412102599185	-0.6845440061684145	2.16364763856612	-0.9984552156742805	1.3742658194841746	-1.109213098719349	-0.40795583982068745	12.388557722068587	0.08071964650239719	0.418580197845925	14.858095187505368
GSM1087429	-12.13195050065101	-6.588049713246536	-1.2627336739894728	2.2479077259879268	2.185856088004099	3.0213511238338095	-0.23726989279632935	0.3481799355649498	0.011796812156091917	0.7383304297048167	1.3322047283357357	-0.3206168348274547	-0.28054070756283783	-0.758394915326005	-3.1648215321419206	0.19560180134916916	9.019624180792189	0.11086936439430004	0.28881799354923665	14.981632757590997
GSM1087432	13.258615679675351	2.8803076027281937	-3.434675177463824	-1.9617133475954154	-0.9228061764466499	2.560630199278363	-2.2686641308704423	1.1846064589542513	-0.27108064663367065	-0.43544526343969486	0.10501149972310556	1.523622071405241	-0.6549201856153778	-0.7733956486399338	-1.1276108086853287	-0.6741300320586354	8.323466108133088	0.12014225648408086	0.31078422497090136	14.799982086453804
GSM1087433	4.7351974006513275	-6.446207547372099	-1.6774962182024786	0.894560024538787	3.3690296365215815	-0.14684350023427714	-0.9415997637805003	2.869772533396156	0.9642383966074106	-0.18723821311348957	0.5629259000254125	0.2542676524251344	1.3679298981360688	-0.61450059121665	1.2056826499430955	2.7880372732728866	8.766884605451718	0.11406560540080936	0.29082472073927057	10.04520097831352
GSM1087434	-16.143213469937894	-0.025813583794314296	-2.5861238848206796	-1.7706003219226645	-3.173755259868068	-0.9461897098119749	1.8970119926393547	0.040263545769318586	-0.5392579947020749	1.84950973718645	-1.1519484860857137	1.425473846769235	1.0531816491793555	2.33795128686942	-0.42448621692416216	1.641390130692621	9.358098550258372	0.10685931491630676	0.4275818152329765	17.364197279609765
GSM1087435	-9.717788289515788	-1.8589225594508756	6.130158872713894	1.1171381636781677	0.6506192762887785	-5.625373210998792	-0.8382084726664136	-0.20006840091563632	-2.175421312585309	-2.097092806314377	-0.11843918441210424	1.7439319501669597	-1.0888385012721449	-0.5796265356177295	-0.020943849760393183	0.29208112536123176	11.413948296818793	0.08761210178940662	0.3248545237561652	13.539625794747206
GSM1087436	-15.567412466406042	-5.151754363504689	8.435749537031139	1.3828974858851615	-0.4594309212501544	3.9478101180275122	-4.348253574398751	-1.0128105206954083	0.6715675184450342	3.5850294389041357	-0.15701947451998566	-0.08531695371378338	-1.377890367039283	-1.3542855998856798	-1.7181650172533351	1.6795539775879875	12.972007012809346	0.07708907334173211	0.3662283633866959	20.013235432432904
GSM1087438	9.720722724242338	-5.701546940640088	10.503293260360703	3.7419370128001725	1.108092766265975	-0.5023085714476613	-1.5332532887685506	-0.5173032699807557	-0.4138726235424981	-1.8941338590301937	0.005732930133356721	3.2170614288730808	0.3475917720149201	0.6319700513717575	-1.2233165266035968	-0.295704722180281	11.765174120652565	0.08499661711291776	0.47274486485493955	16.481283416043095
GSM1087439	-15.976595185576432	10.760655986134951	2.047848551448767	1.9173081591304653	-3.2588795922804787	1.3711096292840514	-1.480684710134538	0.9924049257620241	0.28988855619709847	-0.3544505427071442	2.398155087154897	-1.2214020245624082	-0.9957348529500218	-1.163271700621327	1.0910122001450482	-0.5863396431506143	9.354879597117632	0.10689608451059134	0.3717080018583807	20.147506789605462
GSM1087441	6.813689026035524	-0.40720789485064707	-6.175392778121912	0.7990493861303507	1.1496414347861472	1.6291903734050406	-0.7958935771558733	2.5128378208562006	-1.4596833817871515	0.8788778758806152	0.22058531737699527	2.8815052720139014	-0.8731226419205881	-0.083425046746953	0.2139356821037915	-1.820591958657962	8.164079130848478	0.12248778876007162	0.3103606381255788	10.567607503739335
GSM1087442	10.154914474116424	-1.971296135352054	-5.341472379562504	-3.7651317327309153	0.6019399808594628	-0.5287359206736746	-1.8671934947452966	1.6610039946378339	1.661115569297251	-0.42816721497525184	2.1812892710882124	-0.4161570979727403	0.5196914128805464	-1.3906528357321166	-1.2968908548163083	-0.3359977810369471	7.628909676972808	0.1310803302624333	0.26932145725541534	12.97982035287576
GSM1087444	-6.960114299562976	-6.15580092401084	-2.73964265992207	0.115728277925942	1.642454572616219	-3.756459647678506	-1.396538184320417	2.2223061030017206	1.412724236169275	3.566308051412221	-1.287996658580155	1.7810703939770636	0.04841415700206841	0.4861999164997646	-2.8248172861309224	0.23610302254762663	10.220582802923413	0.0978417786228267	0.4546101032530089	12.05708431144879
GSM1087445	2.967279632245907	-2.5071507871533094	4.416308105019181	-3.701121970744073	1.576784089138976	-0.518459644774182	2.2984451364768534	0.21046699750280773	1.4309374182131065	0.5256291193462481	1.4990023777360735	2.247086539963007	-0.8680608954043924	0.9394553587804092	-0.6246455698540128	0.6916962440396517	9.11901542914207	0.10966096151171571	0.3414535978892278	8.276462726274875
GSM1087446	9.589082707085698	-2.909944995576096	-5.720930006981672	-2.912321393838114	-0.4509815967954366	-2.9293472618389864	0.8494132351949565	-2.233706077104023	2.265923756137416	0.4475935075544482	1.248136445638776	0.665998270039227	-3.020691701283322	-0.09018367078178935	2.476377663408668	0.269266810333991	9.456315693105179	0.10574943058732882	0.3150255744653276	13.37154290444527
GSM1087447	-18.712858787326716	1.3176371128141542	-5.219422719337723	-3.649572343509432	-7.813978499594031	-0.7857414719065828	1.462462147975741	-0.24951250076331138	-3.87538048512482	0.12060002284403613	0.14724329042190892	0.9193193583633017	2.8093803622994744	2.0191002622397876	1.0810490698696298	-0.2254248689406808	11.306808647425624	0.0884422856335855	0.3595981811589462	22.032578590249486
GSM1087448	3.9160056241578043	-12.476826663246793	6.602126333670492	-4.2998681057883035	-2.3559119743773955	-5.7944647669752865	3.8828703199375405	-1.1195358849852728	-0.14158522722943515	0.9467330897862792	0.7458212624729036	1.1358984488351145	-0.8677921690769801	-5.158662043720828	1.5818161528218724	1.1098701351881113	14.774839580148614	0.06768262995853616	0.4197988930545281	17.955531268159497
GSM1087449	4.84086221269529	-0.6439028424172331	-5.176189867977687	-1.8051035370638864	2.7757895578713336	-2.739298261654954	-1.5591660335407354	2.5200264619492847	0.5891835483290048	0.21859414015985382	1.0499049415382857	-0.5256124169291773	0.012859822223533232	0.4984113317985812	-0.21604703177886828	0.29054627684233986	6.996698227176549	0.14292455777436003	0.3572724286850077	8.946695201417414
GSM1087451	7.835576577473336	5.592855143418325	2.2402576492530013	1.7164469872828734	1.8624058457154071	-4.098186883832241	1.0960645570755674	-1.1283959681725715	-0.9531109217893096	1.0106383047786665	-1.541226066490629	0.4333363259771893	1.517719160434043	2.2416153989851897	-0.7964523161766854	-0.7027742216423771	8.753412497615425	0.11424116026433147	0.3124598563785242	11.6760039016934
GSM1087452	15.948418421441616	2.3024707212212094	-7.51267437688718	2.280703519524718	-2.996925095423107	0.9578744792903735	-2.398764093835022	2.191635722913551	-1.927707131774081	0.17676919888633055	2.1499928461431868	1.6286271087152653	1.9377736953385278	-0.49741559562309806	-0.5847225163980709	1.275140756034562	10.615035302004438	0.09420599852466582	0.366056464583067	18.940543747245467
GSM1087453	-15.558571701149354	10.525077869349296	0.24868483996479587	-0.4810013531768404	-4.593220392507592	-1.0624254331745693	2.3713708887673697	0.05413965671920357	-0.3303992138047649	-0.3424237346753074	-0.21952286327856485	-0.37865588905873293	1.2740095990835356	-0.3858702486696728	-0.3438281906125306	-1.4755700430231973	9.466244154284002	0.10563851763186762	0.4383937733219181	19.633590748129855
GSM1087454	11.399968310859279	-0.2735143865659744	10.003935674198909	4.429497830912521	-1.4599215090156916	1.3846375018906032	-2.7971411090651594	0.003368800090708645	2.2816033725043687	-0.3691136736958318	0.40567606248539667	0.7149477340077247	2.419289481700696	1.475279441618649	0.6820905090615101	-0.9562984059947431	10.447181320631854	0.09571959835951459	0.37531822669909204	16.6442998196784
GSM1087455	0.3080817017996904	11.038486075361034	7.864339521123122	-3.141312782681798	1.553865185596526	0.9540638140727813	0.4159164627331346	-0.7851131417034087	-0.9958836615906574	1.7696968145128642	1.6584143197735586	-3.9228362628380844	-1.7042846696849554	0.35874852805771607	1.8988153208178824	-0.856377560930613	12.120427085556624	0.08250534349499723	0.5885965899193311	15.080041696678917
GSM1087456	0.062284015087307146	0.366294298546169	-5.456430330921982	2.8409904942364284	3.194471340031691	-3.085734819705394	-0.4401984808652043	2.3005985111154588	1.1483842647315634	0.6959230137353671	0.9893181172600383	0.3022993684256461	-0.13038263624976018	-0.04455136130669523	0.9246336880630621	2.2601052685792378	9.04026770348792	0.11061619332512343	0.4477879484922562	8.488232014475587
GSM1087457	6.419990294709698	13.184689111805667	-2.5019939085269125	-0.551684969300515	-2.9614669121415904	-2.199248920238187	3.714412511669973	2.8426125565551246	1.855068680912681	-1.955597886333999	-0.4893006810225833	-0.5280722468005618	1.1680318297175227	-2.4317445153885684	0.5926904719401632	1.7217000282677053	11.791772632554066	0.08480489161054303	0.33274975450256566	16.597531497353867
GSM1087458	-7.677922748187345	6.473492787173099	-0.5685763162908308	-0.19557634833458756	1.7161785180871825	0.9895929042913291	2.2265348993240752	-1.2611319039647668	1.5750808210335814	-0.9566197111972023	-0.18170418924052073	-0.7103088422393593	-2.072903184113653	0.5593801075987854	-2.0132769044432215	1.6255217190116826	10.000674715627463	0.09999325329892583	0.44009378733582605	11.26630393182617
GSM1087459	-10.167601491808897	7.581990455625782	-0.20641358663155698	-3.9967460898554124	-1.5163124204832186	-1.5702895463855155	2.185564690549095	-0.5518097261469072	3.338867985641622	-2.658845192228859	-0.4198642355647746	0.3161787552502541	-0.25932187410066443	0.4010927909111845	0.21018954547233146	-0.6449295899946589	9.690718077751646	0.10319152739524416	0.43778243963955954	14.34961581691802
GSM1087460	4.2001405312822016	-2.69857594050013	4.100193423455235	1.522082521521663	-1.5381390918412559	0.6076881614142798	2.761471020590128	0.4975590430333604	4.782658714329403	-1.2859602913473327	1.1710050331696635	-0.8672919258875365	2.2879582295031975	2.0659446354116686	0.8111194395958331	2.8911071744180172	10.81861480958994	0.09243327520205988	0.37734656087534707	9.991522392726766
GSM1087463	6.817670672887606	1.4033713073239298	-5.440975704600764	4.8472501529927605	4.126833310378443	-2.1475645697323698	1.1091388460970506	-1.2700144932652015	-2.774185132429777	2.444318845037901	-1.7884191027323784	0.4933054644567059	-2.1319848361552736	1.4498552672553044	-1.0157757279650697	-0.12889582231264815	9.873380648790326	0.10128243157751823	0.33140502065754296	12.281876594126786
GSM1087464	7.278396921452399	10.45672862686179	1.1233861428240226	2.1455799988720914	-0.32013902673900446	-3.2022146362707344	-1.5634345250295782	2.065204582154625	-0.13733929670605424	-1.5831416559260032	-2.2456601454600027	-0.5526325156034421	0.2296222538949543	-2.6021236330649695	0.31509306846857466	0.4939963311455414	9.074966676968979	0.11019324209065723	0.30438157544936656	14.1524023367929
GSM1087466	8.891690341268276	-5.02121491650355	4.546953580724802	9.50603068865288	-6.532362308683426	-8.006962636905886	0.13634495902980404	2.0473566989875156	2.7165218325428304	0.8061100888810128	2.4757214809107078	-2.556319255985307	-1.5864808107739634	2.5774903705046053	-4.469133532818359	-3.3885198593610246	16.470644825205092	0.06071407711188304	0.38068810608067194	19.68797853409891
GSM1087467	-18.163665808215267	6.572553469722503	1.6121064409110661	1.6766749141156063	-5.170223319489537	-1.662479725094911	-0.9775521662637023	3.241351617542595	-0.002052652754833791	-1.0087155242401276	0.9953671769159599	1.3215844897617819	0.9154947719128816	-1.156093399834549	0.2186956686603135	-0.34433736796759795	10.502593300810663	0.09521457904332237	0.39598420207979057	20.629597389505605
GSM1087468	-7.229169665953674	-1.7422933006043824	-1.5749922476670846	-3.5921275067769822	2.0338876135037554	-0.6671770832024847	-1.401752282464189	1.4577569169007691	0.026356385313290435	1.5717816884266411	-1.294817127913061	-1.2789516857058085	3.3195117710863338	0.8733046794216854	1.1377078251259267	0.5174817779997501	8.326180140042784	0.12010309447793685	0.2745697391810043	9.923693691168275
GSM1087469	-2.0794935553563834	-2.5332996563899055	-2.6225663376705217	5.688269445830535	3.890684931566079	-2.2749367826119093	-1.5640412988453969	-0.6013050025288227	-0.2054319231641487	1.4333350700320613	-0.30334209011837837	-2.0569107995544305	0.8064458324918736	-0.10998171690797337	2.504976903399421	0.3606572475044959	9.973225673024682	0.10026846205883752	0.32683793842627723	9.305036675176583
GSM1087471	-12.720042830634377	-3.6251776835442384	0.0770238081321419	-6.167110615221895	-3.5752283662047883	2.8199290267097403	-0.13642011343993501	3.7370588496288777	3.058673154118242	-1.3151560393583506	-1.5970225209451572	-0.5714011734819981	-2.009117485912903	0.9862254115521574	0.7966310818149559	-0.2819012869891857	10.775289281903737	0.09280493301273403	0.38419556841394464	16.351894260076932
GSM1087473	-10.151387410860984	6.995584669171504	4.758975247180667	1.5229581083639234	-1.116108438137006	-1.144713800156133	1.0708325290297498	0.055049692321264616	-0.3115732801093918	3.460896810762151	-0.35243894352260885	-0.7770096766278928	2.339493156920985	0.7701081202546255	1.4001514108070834	0.45786729979049406	9.385905553478251	0.10654272987323116	0.2865922728786163	14.202151302232933
GSM1087474	-6.324497601281972	0.49022935690880975	3.6934553127989314	1.1745852019247482	5.206164940469841	-0.05193336911302889	3.6131896587859966	-1.5857402123307065	0.7744267856782954	-1.3242928273337107	-1.0501721005389937	1.1460784503164123	1.2973430422565069	-1.4666839903087245	0.34965543534140614	-1.1995554516562918	10.01240236448631	0.0998761299832366	0.39734763343257606	10.397245691263647
GSM1087480	-7.243584664060231	-3.2017583197997728	-1.0702944455296088	-3.07660475195658	1.9366736585396056	0.5626920520958111	-2.072148681257222	1.115073813386923	1.097010842417875	-1.2144739662858213	0.4664278319623051	1.7942533341664673	-1.2908271694180904	-0.730977450717967	1.057113115176347	0.4262601545409889	8.332185926883069	0.1200165249281665	0.35044736950556704	9.620361090966252
GSM1087481	9.413836584470781	4.471792354340589	4.506105221263602	-3.4133160751205622	4.140878491673951	1.6021058637484995	-3.9704443748450693	-0.18570962249786008	-3.691075548815548	0.3242285819795321	-0.11433745440084071	1.3942322185400942	-1.0513818910635009	-0.3553056065085911	-0.337241505057625	-0.1511296627674005	9.777561146365477	0.10227499322483077	0.38740910644314885	13.89747562861804
GSM1087483	14.73036873378511	5.377808135509953	2.84784186998869	4.122346735654289	-1.6823696167643882	3.731102355852715	-1.4003138882811335	-3.518314143164549	0.02367468967833878	1.066398589008951	-0.46924969521838567	-0.5320433431781382	1.2269499342578585	-0.6490426735499588	-0.759175089474447	2.189017402002976	10.735855887727276	0.09314581067943169	0.4218890077377462	17.636192145332465
GSM1087484	7.995760706376276	10.000673805745071	-1.4502903771031612	5.236060468995119	2.7758794846224095	1.2379244286840836	-2.6422354109700255	1.1446423881573775	-0.9376302323333765	0.8379649223304819	-0.34404699212473855	0.3322152605949118	-0.45175698584766577	-0.7352167668542419	-1.1416143125864695	-0.42334283054799865	9.569699154575618	0.10449649292493793	0.3322117092268405	14.663973426690236
GSM1087485	-5.1175173128826215	1.3953643653605803	-7.207401278085387	7.824966166163296	2.907853821498364	-2.9376429399173123	0.6093239357466589	1.7981375346647261	-0.39529990814209665	-0.25051710186232823	-3.4933907416594407	-0.07833946719873783	-1.0990123013882787	-0.3762984682459275	0.07528746586437107	0.691568676467943	11.81619198346351	0.08462963376013122	0.3974129174455821	13.276482545499078
