null_rep	spectrum_cosine	distance_wasserstein	anisotropy_wasserstein
1	0.576155390769963	0.18078947658585048	0.08831487869309351
2	0.5853621664166525	0.17889349523628584	0.0950413791876195
3	0.5718043680560829	0.18484584159834694	0.09237859171136353
4	0.5846601526247833	0.17707700893308484	0.09053893944138393
5	0.5872191109648822	0.17900205575358002	0.08521298295131956
6	0.5798503487368698	0.17562872299021934	0.08498559999381554
7	0.5806673064000629	0.17768280183932092	0.0892119109516669
8	0.5791510598939675	0.17619387009834797	0.08104197331710734
9	0.5864963282565909	0.1834111483950158	0.08867296570439925
10	0.5790498513661843	0.18092904287699874	0.08636198042791761
11	0.5807726810258589	0.18195934268896036	0.08871294868296419
12	0.5752316084952276	0.17896728382762056	0.08861976703232813
13	0.5870184192687966	0.17851671820046655	0.08591583172457476
14	0.5768420054926451	0.17524931946039018	0.08323626399926817
15	0.5789225583889566	0.1716444609807879	0.08541648791812059
16	0.5845098075664324	0.18010026203329085	0.0882333310993571
17	0.578347764058562	0.18324192095634156	0.08860246280218106
18	0.5786588143851161	0.17948674719506152	0.07976879525573544
19	0.5727838489667548	0.18182252905341081	0.08484629647567207
20	0.5761793989705336	0.18176427703860132	0.08485271023476318
21	0.5851811362396759	0.1794976530588485	0.08939144808092993
22	0.576959770534788	0.16819904715754622	0.08995155705713005
23	0.5810892259185582	0.1817742922155611	0.08555912950840479
24	0.5902641188220802	0.17453374301885927	0.08743658638004406
25	0.5786168398676226	0.18789374354033608	0.09064478936885173
26	0.5902723588464686	0.18380812842915217	0.09086405138014544
27	0.5819781561126928	0.18515509283168918	0.08375293483495744
28	0.5854919534818377	0.17853809495885925	0.08998926354483988
29	0.5828876837346022	0.183416818272157	0.08763915081200184
30	0.5944353938702158	0.18285860054021738	0.0959646349923977
31	0.5817898501536951	0.18582094206364816	0.08771855174655278
32	0.5864766828182137	0.18243351017343712	0.08784196014016549
33	0.5720093838184978	0.1821957818163441	0.08640203159972341
34	0.5868879481593929	0.18312737034040852	0.09172000131850129
35	0.5813454417708542	0.18235285559052972	0.08958248460551295
36	0.5821742842828217	0.17920361987319694	0.08795083208889115
37	0.5839295105066037	0.18011812689543946	0.08686399796055581
38	0.5719668285668651	0.1865076448242351	0.09073388849955864
39	0.5798155762779245	0.17992509171450322	0.08746918796547001
40	0.5871332923072782	0.17372774319839177	0.08879178358391975
41	0.5888453507730652	0.18218590438647633	0.08956084712384042
42	0.5733257218915113	0.18147849717906522	0.08436574747269984
43	0.5744662090649504	0.1857341431784826	0.09043607281469464
44	0.5704352681400012	0.17340041677228907	0.08784507385181961
45	0.5804461349109176	0.17922211801908702	0.0905008059848255
46	0.5774291855014909	0.1769987093448424	0.08988480272552297
47	0.589343365526545	0.17970921098959236	0.09052316987291731
48	0.5734326063046271	0.18455650578538751	0.0839901235401066
49	0.5807612865122379	0.18368120332088092	0.08732249679278418
50	0.581859068720811	0.17273129433367226	0.08906250799308708
51	0.5772943778919053	0.18026115571278764	0.08698386646776357
52	0.5812658892537573	0.17650162362333616	0.08761652849709693
53	0.5739019651249312	0.1830106309540855	0.08792831490131374
54	0.5865005738047522	0.178878845634931	0.08861839842937697
55	0.582377953106274	0.18678192697374116	0.08860333660815949
56	0.5837099414978743	0.17446669900402587	0.0837333028274861
57	0.5754695356844182	0.18208912157955948	0.09152359002092066
58	0.5912531239922794	0.1799298435605522	0.09271741949430774
59	0.5959017555895868	0.17982592700883784	0.08662889677257059
60	0.5792650171677596	0.1771089568346387	0.09028387888608526
61	0.5793907724639344	0.1772593972436233	0.08834302539155853
62	0.586263017345113	0.18316646633208364	0.08445293455318624
63	0.5731390676693374	0.18779118876865955	0.09084697609127128
64	0.5804153983190279	0.1795436816200456	0.08857771483038997
65	0.5817850993295847	0.1811401951360488	0.08901136651027704
66	0.582481883562445	0.18053209979652665	0.09462985925295882
67	0.5791376501844981	0.18505863629875693	0.09560086403783896
68	0.5876597945762988	0.17946011489276945	0.09197656982914948
69	0.5763972899873042	0.17689124825896096	0.0868506495782483
70	0.5802524466164956	0.18363581542019505	0.08725590079135186
71	0.5806134412663325	0.1761701003203122	0.08478183823614288
72	0.5745174702409611	0.18372142687013324	0.0890176322908539
73	0.5867324373889404	0.18206985562738554	0.08758090029327982
74	0.5848913069716608	0.18304807603192277	0.09297967711632235
75	0.5942321544974355	0.18326659174789378	0.08979351763193716
76	0.5946075611754846	0.17383674188986917	0.08458001484863399
77	0.5802057010542865	0.17712903214528006	0.08820156998132342
78	0.571486585750462	0.18184123275870803	0.08669464690020587
79	0.5729166961970205	0.17935469756219669	0.07822869377230375
80	0.5885759381593952	0.1803147420146771	0.08810066538749302
81	0.5744719878411233	0.18496977073006976	0.08487189067557903
82	0.5840535352416307	0.19083849891848417	0.09057483031313757
83	0.5851453390267033	0.18100101672992955	0.0885071560718144
84	0.5799299581782613	0.17859093267424372	0.08145470482198278
85	0.5893344228527005	0.18584282136401153	0.08983480959689458
86	0.5784570748158233	0.18009512984239545	0.08865513273824711
87	0.5839063646431008	0.18115103025914484	0.08764559436898357
88	0.5801334140755182	0.18024234300724587	0.09120603995331199
89	0.57994325022598	0.17788752168497557	0.09029008908066723
90	0.5721881651748334	0.18262658333629414	0.08641856893902965
91	0.5916261431586287	0.1754971706268714	0.08503820995145084
92	0.5703352032613465	0.176376274431654	0.08802914654487799
93	0.5877128985875658	0.17908834119587586	0.09217138191577672
94	0.5682477181577159	0.18192105175115225	0.07961351126477031
95	0.5821596120454742	0.178627273633613	0.08960800499590484
96	0.5832560421558727	0.18108735090148154	0.092497352878825
97	0.5829221258584847	0.17710227600815145	0.08447787240640592
98	0.582224482502957	0.17923542490810776	0.082354795184446
99	0.5786957532868562	0.18339000119826163	0.0897265397803167
100	0.5712451337353944	0.18684750348030443	0.08508787005601316
101	0.579507972093707	0.1823197656211832	0.08854510865116683
102	0.5791321769754613	0.17667873579334337	0.0779742528448796
103	0.5876714194906609	0.17694180018571115	0.08402805433033152
104	0.5753872159710596	0.17972430428611863	0.08474068006056269
105	0.5830290382040255	0.18261311479611836	0.0860737426501907
106	0.5853349878497581	0.1889866181125769	0.09168364399031827
107	0.5791127316298522	0.17617185081421927	0.0824484932933538
108	0.5831611905841854	0.18863632106209124	0.09283145619790502
109	0.575946121851011	0.1830012155430333	0.08921057576049488
110	0.5885012179056318	0.17979895749963576	0.08830846474052684
111	0.5775771189762391	0.17415068886643156	0.08394648808981002
112	0.5841558306650688	0.17963355691594518	0.08549187740624115
113	0.5763275293366293	0.1835586102366496	0.09046573169285968
114	0.5848991611077059	0.18274153966642698	0.09044137966002173
115	0.5801670118011243	0.18248851018660384	0.0872931185386244
116	0.5774445018757742	0.17949591938650272	0.0892631293806866
117	0.5747965670610903	0.1804732873503278	0.09084960189574962
118	0.5762165667521364	0.18197903982318708	0.09052566603371641
119	0.5920709374104388	0.17472198349596235	0.08131789849866045
120	0.5718275511894432	0.1758361889664731	0.08989130006978127
121	0.5764319228550849	0.1837005845236362	0.08747194222208662
122	0.581323709435853	0.18639673642658794	0.09133647742521023
123	0.581100344492661	0.18575683360667075	0.08585601698783026
124	0.5797482772026558	0.17989325569396583	0.08844194686174627
125	0.58234954371285	0.18157340480180106	0.09100627905918487
126	0.5787407725635708	0.17712450793028012	0.0914590705308824
127	0.580897736681933	0.16732054258737863	0.08367164798488862
128	0.5716731404943178	0.18607497175701646	0.08649670566835369
129	0.5703013964721061	0.1814314421412992	0.0918603195686079
130	0.5800320278420512	0.17682437238030302	0.0904740943224313
131	0.5728565369573609	0.1868174969099977	0.0887952347585733
132	0.5905428761245917	0.17855843942924818	0.08765995989191466
133	0.577744590484822	0.171777363803401	0.08384720964555815
134	0.5861159493699195	0.1797054353561819	0.09239656721843961
135	0.5780611250890206	0.18073270606541736	0.09258905561691258
136	0.5791109787733602	0.1798807093966781	0.08067714987661231
137	0.5775762151357986	0.18423388768416837	0.09171063674069287
138	0.576136835550577	0.17642666798102694	0.08944269216077318
139	0.5791805397919311	0.17983517741433117	0.09196876860543758
140	0.5827896902004611	0.18562349320867472	0.09277452925632534
141	0.5782910574682315	0.18272678976413342	0.08575624743254183
142	0.5770760921250966	0.17236219108092954	0.08378240454392873
143	0.5807986685346954	0.17999692769178618	0.09023954055156261
144	0.5874327661203753	0.1814845587641311	0.09168714876261193
145	0.5936873258066878	0.18283403391692427	0.08387065380450738
146	0.5801161698452459	0.1743749029635576	0.08248304048300857
147	0.5849618616833892	0.18320271274155678	0.08918419478727399
148	0.5905853217059183	0.18191207773047555	0.07955800017163545
149	0.5742058270234153	0.1707028966216667	0.08350649930001541
150	0.5786796541779929	0.1806914116349436	0.08951741624326008
151	0.587759805971749	0.17802021756927777	0.08664715490608631
152	0.5801954797864877	0.18326888744615438	0.08547963452184978
153	0.5751943604875739	0.1793128132498056	0.08542349409750304
154	0.5683541892836227	0.17590821292925385	0.08763414744665883
155	0.5756570093491492	0.17711395766589325	0.0921816547690058
156	0.5805626894531806	0.1838285100435274	0.09124274985186921
157	0.5801659692393044	0.18237206340914372	0.09010387037252766
158	0.5771111142126802	0.17591242485428993	0.08759844765832617
159	0.5808502507915476	0.18278038334697075	0.08666950709040193
160	0.5764108259970147	0.17367366462601835	0.08879873801615219
161	0.5824510942433607	0.1820396363899662	0.09123490766809551
162	0.5799736640042716	0.1738223374461447	0.08031397898592717
163	0.591090107416946	0.17222766699615674	0.0800781389436467
164	0.5776512034932371	0.1766270737926603	0.08965333321114817
165	0.5781340695141517	0.17622807305501703	0.0912600981147475
166	0.5850256534528407	0.18539633975828473	0.08858506245622205
167	0.579403467161322	0.17311756129592387	0.0917507115224008
168	0.5857590537885049	0.17965234181916645	0.08819701851483669
169	0.5809065692457807	0.18269727781406236	0.09105960654483322
170	0.5710876347786825	0.1851883677193915	0.08661726370315032
171	0.5770001662972316	0.187332400152133	0.09003056384978755
172	0.5768490249237781	0.1836045005957318	0.0938652170168513
173	0.5804793046465714	0.17807574803647094	0.08400546440565895
174	0.5759499465840616	0.1841599272833751	0.08370210860327641
175	0.5822687997081242	0.18410996562178955	0.09071062051438751
176	0.571520747443616	0.1777516960515219	0.09301787427162815
177	0.581872790881005	0.1828907601203493	0.09018801909462429
178	0.5865359702855207	0.18387155735267358	0.0941390981309451
179	0.5832858189303819	0.18167331326980785	0.08630332307812333
180	0.5795110577092996	0.17462426880617446	0.0932979569086372
181	0.5801340460696486	0.1805610847647032	0.08685679490228895
182	0.5798379383436947	0.18144339642498467	0.08163266261349313
183	0.5946257217135884	0.1732327798389231	0.07925210378954413
184	0.5781128173670897	0.17608883657024182	0.08275538647965075
185	0.5816538509116161	0.17259061648830237	0.08965392456093157
186	0.569856450734032	0.17650912459043233	0.07977777476870351
187	0.5775635766678993	0.18217219975519908	0.09161929271381543
188	0.5827258204516674	0.17834131952405888	0.0890166758429645
189	0.5754516183123626	0.1858547231849983	0.08160393277956134
190	0.5836933515921902	0.18152813936897	0.08630077038303048
191	0.5788424858253193	0.1736293741537906	0.083723922719879
192	0.5825060004882334	0.17416863114826373	0.08473440338170694
193	0.5797064219029812	0.17480397476737952	0.09125439456379086
194	0.5737978970976718	0.1878778036745348	0.08653787879993437
195	0.5914323081265495	0.17833249399798548	0.08086702739992169
196	0.5770624271093063	0.18659375003881998	0.08605499454667045
197	0.5780829728600332	0.1776262929078698	0.08875793971211177
198	0.5863162019101651	0.18120428057499355	0.08618865189616316
199	0.5824316705623489	0.18039458623537505	0.09061640631861291
200	0.5770692796624731	0.18009778053460082	0.08559702285209508
201	0.5770631417871493	0.17540305212951232	0.08412004304062697
202	0.5842893382730786	0.1846710063794845	0.08884482220693134
203	0.5702981240562248	0.17697498307664036	0.08963604291341072
204	0.5807932520189372	0.17910160372634748	0.09042908429863432
205	0.5773883615365759	0.1787027831427775	0.08357825945722326
206	0.582443289985596	0.18005500825586274	0.09491506715269615
207	0.5772655035336093	0.17122627399935153	0.07881407887870846
208	0.5799887947769179	0.1752506705129863	0.08925700296660863
209	0.5799272883438166	0.1864191805840968	0.09291235084406242
210	0.5836861195970782	0.18313067949327858	0.08850066061895452
211	0.5804386492281339	0.17700674452427154	0.08889957435314984
212	0.5794876649164582	0.1829560871613938	0.08786986753760317
213	0.5834411778468794	0.17264565793272488	0.07263717148147138
214	0.5770878534598562	0.1816436645576834	0.08686766000859802
215	0.599040937082876	0.17714388147418333	0.08381429422951273
216	0.5805995154246935	0.18313874641700553	0.08832246177464402
217	0.5729200237187475	0.17334174206174188	0.08841776078996288
218	0.5860893938000122	0.18011980224057023	0.08589204446340894
219	0.5835090947015621	0.17438373453069217	0.0783114841953641
220	0.5765915524146588	0.17767872740987775	0.08516750309365682
221	0.5765709105208718	0.17589674340985562	0.08618813945065402
222	0.5961560476736536	0.17684981626640525	0.08985796366265988
223	0.5844265712967203	0.17778084243229308	0.08617463844302904
224	0.5848334756720671	0.1794547381273819	0.0833793070195722
225	0.5798665492335935	0.1742523575139453	0.09004629302223276
226	0.5818689832302142	0.17818179161531414	0.08174188919874605
227	0.5817015921072025	0.18002108728368618	0.08856455043211374
228	0.5848853832335186	0.17858060322594582	0.08504981812830348
229	0.5813128401928787	0.1868919005537524	0.09027198968012756
230	0.5894998202567607	0.18194100772549862	0.08612302821642177
231	0.5758067109097846	0.18299972753243138	0.08957515834477033
232	0.5869764011962225	0.1836365241273596	0.08240476421510327
233	0.5814550562761966	0.17637889462237724	0.0897837662449889
234	0.5722348747468469	0.17444247345319897	0.08404246835045613
235	0.5756884265461416	0.18773513914980297	0.09100009425866123
236	0.5697869491590544	0.18008194999691077	0.09144015426564799
237	0.5831457035979546	0.17839688262275402	0.08622136349307391
238	0.5827563014533836	0.17809178276873266	0.0923489512685752
239	0.5799863402828503	0.18276339415629048	0.09914940210741616
240	0.587095714040482	0.17311909472314865	0.08042865617564857
241	0.5792944276304024	0.18060414723503385	0.09058345374939288
242	0.588796495332982	0.17200213268698544	0.09205552230451597
243	0.5826593558584857	0.17638141470698804	0.08615269256959296
244	0.5843572392971882	0.18318842284091424	0.09416429387746278
245	0.5790148594695131	0.17977965275588992	0.08946880357191617
246	0.5849312339833509	0.1697479367013044	0.08969308701793462
247	0.5810489697671078	0.17614826234830244	0.0804381863185491
248	0.5832102125706863	0.18331787793546386	0.09003470955538537
249	0.5853679440137672	0.1843946067010172	0.0842384167369269
250	0.5821699282762016	0.17426866948826952	0.08411874244439511
251	0.5826488708593927	0.18334684206438748	0.0904404533776638
252	0.5780834441238233	0.18691519967546089	0.08989320683440556
253	0.5870388947118905	0.17953982432191276	0.08894380704972095
254	0.5770086498141901	0.1758871770108812	0.08806871788096168
255	0.5888929473046693	0.19034858867573148	0.09212629138244596
256	0.5785757505715337	0.1755562995020082	0.08200187734069839
257	0.5789634403065781	0.18038422758109102	0.08937401459794789
258	0.5875756595754414	0.18279346870553537	0.09074872081586476
259	0.5864934400368572	0.18109115065821152	0.09242808225529706
260	0.576615053740256	0.18248319282376407	0.08524764105216247
261	0.5891324135803979	0.17444015878433594	0.0870567365291592
262	0.5813455058808795	0.18321098831529486	0.08582741679553027
263	0.5707316597439358	0.18014368847682788	0.0886231644284546
264	0.5878887565126022	0.17697366447040683	0.08309912279066907
265	0.5759215226158635	0.17845376895400292	0.08720381458291417
266	0.5781565416882146	0.17355789471237984	0.08655037150706543
267	0.5731891211062513	0.17859104968701817	0.08677275752844164
268	0.5806224146957969	0.1813454382041633	0.08531291464614273
269	0.5825606601712939	0.18554976358990144	0.0926731898445367
270	0.5740119568595224	0.18089334312179772	0.09200285346924811
271	0.5906605151334055	0.17996002692120114	0.08755271340480038
272	0.5779355172928373	0.1822740410861501	0.08683347630835127
273	0.5808498967241245	0.1834249181279694	0.09176857236050556
274	0.5727103021747777	0.17988420229748958	0.08932058876316595
275	0.5877772128608538	0.18110608016533955	0.09066668602085551
276	0.5831513332682504	0.18190004685640748	0.08498178300666234
277	0.5765514573417474	0.1762635719754242	0.08938298684160832
278	0.5974415727122687	0.1790763774634856	0.08626977971415373
279	0.5746920383629873	0.1764555283181707	0.09216341954419374
280	0.5847602817459143	0.17634330916352703	0.0883968403906791
281	0.5839370243265765	0.1815175289232513	0.08265094306529834
282	0.5850058606799913	0.17547346041304088	0.08685636903210323
283	0.574363768132866	0.17976760689346644	0.0846035711653514
284	0.5767396366017454	0.17391836331957472	0.0966288705407967
285	0.5724732586056469	0.1795310955266833	0.08853737683520416
286	0.5846076828694443	0.1763512563628008	0.07810375442249466
287	0.5778123719628916	0.17808055004190915	0.0844156680449244
288	0.5889270575411358	0.17708291518961178	0.07692468415315275
289	0.5892868508105231	0.18457353705597496	0.08721880028180778
290	0.5772149175604792	0.1843228318910453	0.09013713735709364
291	0.5816652608325055	0.18033515509713657	0.08883832479300327
292	0.5821758706161296	0.18714685467199182	0.08553275638599024
293	0.5717041770121863	0.18185530661359878	0.0862411516456242
294	0.5945474226132255	0.18415914605754055	0.08872248729943136
295	0.5827602589652848	0.17488154761684044	0.08279515823868275
296	0.5769926290002193	0.18064137366587096	0.08698393717618755
297	0.5790532549843876	0.1850673455755909	0.0888946106267691
298	0.5735394617614625	0.17872163235121138	0.09010274054538364
299	0.5750057079344784	0.1861870317725175	0.09052058375832611
300	0.5767061578214686	0.17790130199692905	0.08925599340429613
301	0.5961149449177132	0.17707605539846477	0.09280765817428645
302	0.5826203179918263	0.18042293822174196	0.08686682051193129
303	0.5738263796142715	0.1780763054668803	0.08680100687997398
304	0.578887952899572	0.18528350188804896	0.08704564140420334
305	0.58443117859086	0.1730418866159405	0.08038421462696847
306	0.5837524447882985	0.18165748325927955	0.09395280988324045
307	0.5822810568268388	0.1779410808043141	0.0815590315058237
308	0.5768677672446422	0.1760681181321434	0.0814006858463755
309	0.576171975470592	0.17864443179246867	0.08532918871758798
310	0.5921760484567351	0.18139943646669102	0.09521913714133233
311	0.5796131149909914	0.17885092395067648	0.08940375090798408
312	0.5851225017944146	0.1796884668160101	0.09213188130108349
313	0.5741751523220813	0.180039390341631	0.08427172074356307
314	0.5816880051297595	0.17844304657628532	0.0933573191030919
315	0.5804154078956807	0.17431982594323955	0.08843061963908962
316	0.5789006079163215	0.1850949589916829	0.08902791367286692
317	0.5790566298961433	0.1845221682098899	0.08698088211857036
318	0.5738544807657814	0.17559264995295087	0.09109223432165445
319	0.5798202673342485	0.17270199765569932	0.0847089146447348
320	0.5821301800302358	0.17156824909432652	0.08560623758443027
321	0.5840220370374986	0.17573466151915465	0.08645870854443707
322	0.5787805977140286	0.17838499616352407	0.08789537766177763
323	0.5880822034622524	0.18253453022032937	0.08754459617495869
324	0.5749425665208201	0.17903977830810633	0.0848238266821729
325	0.5767852847831424	0.18788207158530928	0.08929311283958022
326	0.5754372291748711	0.1881499369202754	0.0912574082378962
327	0.5933260815256497	0.178717162776603	0.08534411166474358
328	0.5751309631852239	0.18178781374508635	0.08683247915181931
329	0.587749760100665	0.17683043524407766	0.08543268998122623
330	0.5798078600745165	0.18095092862396783	0.08950503128566764
331	0.574818801182184	0.18491155592151914	0.0916374054812776
332	0.5760984288796134	0.17624167984943634	0.0811100650141378
333	0.5892062638262858	0.1819260765531691	0.08918930831956576
334	0.587577596345634	0.1869932574858343	0.09287982135672547
335	0.5827673074298064	0.1754402712713908	0.09043938771428564
336	0.5836522269022314	0.17334912389219273	0.09042406468574476
337	0.5738832359970505	0.17959835022751536	0.09281575237519048
338	0.570250507062466	0.1769342778127465	0.09024973751908254
339	0.5840090123265255	0.18614849888904278	0.08394559609828707
340	0.5862887617008686	0.1784516227527614	0.09803289967748535
341	0.5893559065461652	0.18086071155323125	0.0922721872697383
342	0.5774630178023136	0.17028074592462444	0.08828178518499219
343	0.5818610818950148	0.18135981203636564	0.08839866202306436
344	0.5674085827221913	0.18096674827073683	0.08404767579924687
345	0.5858491826197433	0.18138290814852417	0.0822155994815997
346	0.5870591132517387	0.17932234916105017	0.08800971085018269
347	0.5754710464109342	0.17819252084197462	0.08923138039334633
348	0.5852137714925485	0.1839455695261564	0.08909738542800522
349	0.5853163957452908	0.18103844769754923	0.08857091781684119
350	0.5860336598437244	0.17764362547266183	0.08599610078719638
351	0.5812389849675943	0.16839716803505336	0.07902240129387532
352	0.5769039837590427	0.17796661539529024	0.08552844614032214
353	0.582812648734721	0.17430240639908692	0.08564250103769505
354	0.5835895958391208	0.18938078102060008	0.08831305455440473
355	0.5773516333084732	0.17767268720981014	0.08974518052893951
356	0.5786305442392095	0.1702195722158999	0.08299747991104386
357	0.5804638443717813	0.1740644243235415	0.07626327701076055
358	0.5821949876159099	0.18043922575098217	0.08911224902662333
359	0.5736011285912542	0.1777095846460353	0.08158223147814017
360	0.5790645895800487	0.17576644618278475	0.08729166178454817
361	0.5891895632292268	0.18184777358013554	0.09110448076259277
362	0.5785725503757891	0.1750231970619062	0.091053367269968
363	0.5803877244663025	0.1851779059733812	0.09828272381811189
364	0.5784911426425677	0.18252628638442686	0.094667693299518
365	0.5867523436748797	0.17913438489951203	0.09093423373599804
366	0.5804862324166804	0.18604748755489	0.08906381715427149
367	0.5797939708791247	0.17989350354166103	0.08516198949833274
368	0.5827651348633355	0.18060060072825157	0.08763847777818035
369	0.5810450758751091	0.17785027292849334	0.08889501327102106
370	0.5916195856909165	0.18195505230355388	0.09391654928307656
371	0.5851009082645593	0.18269978280504062	0.08487905032903681
372	0.573132078466086	0.17355342085973807	0.08453869518780908
373	0.5805144018199078	0.1784088027352481	0.09159471155654078
374	0.6005519611428761	0.1723022198548861	0.09010826300738331
375	0.583087476055997	0.17979152253489408	0.08662317434070071
376	0.578747327062009	0.17818551924568837	0.08854632545827917
377	0.5737667567454863	0.18184443686904425	0.08744889738004795
378	0.5777147410751012	0.17455509245090367	0.08277463357644577
379	0.5699070291988818	0.18146624333829406	0.08937008675114705
380	0.5695660732616976	0.17249778416264258	0.09192224765580201
381	0.5747922752037012	0.17366159375035894	0.07923036279629501
382	0.5835841218159535	0.17680851350832796	0.0885772957290295
383	0.5946730926517926	0.17458193729367924	0.08408797531325055
384	0.5787723755825372	0.17514527720923237	0.0839296532853882
385	0.5733482324322133	0.1761962582227219	0.08898792728424951
386	0.5933033724418498	0.18516075146645583	0.09467706054522983
387	0.5820925302966758	0.1793798759206457	0.08940792832173299
388	0.5749598759067728	0.18088676819028507	0.08989003960109103
389	0.5796332173563	0.18039956069996482	0.09003443689892622
390	0.5773854792378168	0.17838478592562673	0.09002969936796014
391	0.5764447721567343	0.1822593522802123	0.094338778454898
392	0.5773511976433362	0.18236353263255956	0.08942827827776398
393	0.5878077194237671	0.1807217018544005	0.09339729602870446
394	0.5801077309367015	0.17883929687641367	0.08903632348119686
395	0.58860346395332	0.18194401155861042	0.08327125582162259
396	0.5817221997588194	0.17908471835972906	0.08099823032727653
397	0.5805112711419297	0.18172392559266812	0.09390605704358411
398	0.5902305602163296	0.17571787211196574	0.08748185566746093
399	0.5817704141255738	0.17454447467195547	0.08665116340520168
400	0.5868153320600278	0.1781847095377202	0.09175828885078853
401	0.5792837889947128	0.1850544716121368	0.09064639307048705
402	0.5838461885605618	0.17852018147257556	0.08477978302625479
403	0.5782351529462566	0.17916427943077332	0.08830047410137885
404	0.5739321623375272	0.17771615122530907	0.08884494800149625
405	0.5721104852154888	0.17918638968883074	0.09480971977049547
406	0.5809281890156746	0.178053923306127	0.0837652212527864
407	0.5948129906640813	0.18122452944174833	0.09001146511605884
408	0.5849125586849246	0.1837179875636853	0.08886340185770958
409	0.5750680603415059	0.1700759230072896	0.08706233998202667
410	0.5804878912660975	0.1829639655808551	0.08844188460489437
411	0.5815410687894674	0.1775990680109346	0.08620119678127229
412	0.5704617297666387	0.18087552913371285	0.09283832348480091
413	0.5788405078348351	0.17434903753594336	0.09022590686597878
414	0.5765636025222599	0.17195193893705865	0.08288007327414798
415	0.579033666850121	0.18474921181227566	0.08666674647630904
416	0.5807929664398958	0.18089281947400765	0.08227129466200579
417	0.577176420068446	0.1806139052854626	0.08260727561421925
418	0.5870772134731241	0.1795479306519806	0.08548628511177454
419	0.5809439584720147	0.1879197976705677	0.09340477546110479
420	0.5640011463207528	0.18437150362854954	0.09371856639383765
421	0.5821442750689454	0.18146360497183975	0.09186192320895024
422	0.576763625795094	0.1717360397537029	0.08403504811077359
423	0.5775587639845345	0.1773066838065226	0.08817418809804814
424	0.577090156084128	0.18323565893368626	0.0908716847867844
425	0.5859255531597193	0.17220433553017298	0.08345662582966357
426	0.5850919453171691	0.18065976092469932	0.09199886186939128
427	0.5867064377935882	0.1847786599096236	0.0878857286649291
428	0.5816490506338847	0.18286437290065574	0.08559943209736914
429	0.579512315768888	0.18120150555114878	0.08513104059670583
430	0.5679820668855432	0.18565898614049384	0.09493533821409875
431	0.5901544536763458	0.18158795361692073	0.08701851297444167
432	0.5864467760447963	0.18748094842124213	0.0921834170451091
433	0.5849753505575093	0.18335890992170525	0.0916737579891368
434	0.5821954458930776	0.18065891076924187	0.08738747537666124
435	0.5855941684427365	0.18450128654282263	0.0863255705084473
436	0.589871274240062	0.1819568132920317	0.0878535414838549
437	0.5879093737395756	0.17876130458987732	0.07930952310881204
438	0.5898032550460872	0.16925451178170034	0.0876244149520522
439	0.581599836577559	0.16849811965621583	0.08834966054319472
440	0.5844665855719942	0.18213136400185664	0.08830416147262549
441	0.5870635212813037	0.1807580961930775	0.09181546014674935
442	0.5790280409974348	0.1827873490369159	0.0929236934350005
443	0.5798934327698297	0.1832497441570902	0.08412671819818925
444	0.5757004186235628	0.17644621673865463	0.08603559735630346
445	0.5763487402745417	0.17948041573920703	0.0857040062298758
446	0.5827783555931998	0.18214116756372764	0.08515107775261409
447	0.582305611930401	0.1746650587573976	0.08807316207137517
448	0.5786404412077135	0.17360012718909315	0.08511229611189913
449	0.5960563271996131	0.17330549878429974	0.08669906034015251
450	0.5784650750346375	0.17814323050162856	0.0938194774358427
451	0.5848506900415654	0.17720522251774307	0.08904126154117764
452	0.583709126958259	0.18553445413829445	0.0797427577782789
453	0.5791473012197299	0.17565645439077177	0.0833293085621181
454	0.5851104268493912	0.18494101268326837	0.08605193127830306
455	0.5860147741831304	0.1823463320293297	0.09122502433680808
456	0.5780701369941978	0.18619574146415982	0.09570764365620033
457	0.5820098894911188	0.1752107390470005	0.0895078815886776
458	0.5753310865978295	0.17804165860627547	0.0890757067247024
459	0.577544980786624	0.1763767443694601	0.08506154353889804
460	0.5778215323317619	0.173026905414214	0.08853881761506718
461	0.5782697334768497	0.18476818446067186	0.09061995177593807
462	0.5881350540130044	0.17870352968147707	0.09185778222022142
463	0.5847187757760217	0.18042480161784252	0.08735775046547968
464	0.5810193260278187	0.18250224036492668	0.08992865093190858
465	0.5858932095357458	0.17376259767667124	0.08901276476141737
466	0.584165386891099	0.18495239893202112	0.08980675940716194
467	0.5716932798673947	0.1799925860396674	0.09105687282235654
468	0.5777264760938083	0.17881012875822694	0.08870260165414869
469	0.5765846691175595	0.18781305946360558	0.09485014262581025
470	0.573397903598008	0.1787230813142026	0.08905476071349969
471	0.5779367206182559	0.18145065787605943	0.08643969298074952
472	0.5750937917112643	0.17671238932794672	0.08858931870113076
473	0.5892352824507502	0.17485703548899473	0.09278837599799569
474	0.5795146203449636	0.1811092909058067	0.09018348422452252
475	0.5684992483164295	0.182235767384093	0.08881050795460675
476	0.5855355381323564	0.17817535247529132	0.09139008745442427
477	0.5741135364295749	0.18501276700427344	0.08552499808936248
478	0.574438851710817	0.176814564898498	0.09065360877496662
479	0.5828751511474884	0.17223517930705629	0.08815393086203901
480	0.585731463648199	0.1805436528905333	0.08824425577815781
481	0.5815532539028667	0.18546012165061881	0.08864836509484163
482	0.5766218768171191	0.17364253535704097	0.08278483935422798
483	0.5769017879480232	0.18428238921326345	0.0916432545367415
484	0.5769792386827425	0.1757582886244149	0.08737818326489764
485	0.5763313876876265	0.18119550782186838	0.08461195374011812
486	0.5827716661700474	0.17998764717067922	0.0829675397497021
487	0.5947279132581941	0.1801276528881911	0.08876454094263109
488	0.5811354088940494	0.17939021997082494	0.0881793531918024
489	0.5830582545473867	0.17585830340889916	0.08749239638021046
490	0.5760683629575484	0.17898193795271303	0.0877792789039552
491	0.5811362499251864	0.17497874990051146	0.08302418173678652
492	0.5802347626880202	0.17229506610370318	0.08353558124322903
493	0.5779928910885372	0.17308471093295646	0.09059681374312345
494	0.5859463124290822	0.1847624344417806	0.09326337992979579
495	0.5725530007349895	0.17835022438822865	0.08854171545360011
496	0.5693660537095172	0.17980153257742165	0.0814671343237219
497	0.5785546150395121	0.180807346604592	0.09160098118899652
498	0.5817652396702641	0.17760679425880255	0.08364243675774363
499	0.5843193083784625	0.1823092962195889	0.08732440205479101
500	0.5830172771079564	0.18537240411828437	0.09020565524150584
501	0.5876649437932046	0.1872147017297546	0.0886765823149047
502	0.5808827877726872	0.18241315533877145	0.09352909740082314
503	0.5913813619251062	0.17966338120903932	0.08806957839317335
504	0.5894756371246764	0.18134130245997535	0.09022061618812921
505	0.5760154429424034	0.1784009557649334	0.08249299119003534
506	0.5833640193802135	0.18207630134084615	0.08119295637476608
507	0.5750419595437068	0.18032571048541615	0.08781600092209936
508	0.5724909873267802	0.1788733857697189	0.09013754023785873
509	0.5844646631172769	0.1823788189005383	0.08553186308801183
510	0.5727868477128747	0.17939338592410597	0.08489558791764237
511	0.578269125311512	0.18531663669765605	0.0870147343773189
512	0.580442338309154	0.18586429361113138	0.08833009634985255
513	0.5880104103222006	0.16199131805456446	0.08055789323565203
514	0.5752087897603322	0.181698137630881	0.09268708734939805
515	0.5824914734030271	0.17786122841228866	0.08549285692218364
516	0.5784585660452713	0.17967294002368608	0.0863069472652824
517	0.5756108161797981	0.18004641462497745	0.0836437522962666
518	0.5909791566386491	0.17740990375338	0.0826858410892187
519	0.5694023821090893	0.18018286046820942	0.08875808655565584
520	0.578855215660119	0.18107115424394096	0.09002844665201207
521	0.57542057497448	0.18425153224958304	0.08690645936848404
522	0.5875992430848743	0.17518916582325467	0.09042975620654999
523	0.5855528132431441	0.17790383652215194	0.08316180514520685
524	0.5884086751810166	0.1689173582897912	0.0873932356093657
525	0.5839065957026777	0.1726087000640038	0.08780987454022732
526	0.5913715950472124	0.17635900973854263	0.0797959660637456
527	0.5853358610721964	0.18288694983689952	0.09572661633148667
528	0.5973143768649883	0.18272849656900086	0.08105423067313856
529	0.5978575900496433	0.1827911466642293	0.08368378062244845
530	0.5841675363720992	0.18021446562146265	0.08935732621461552
531	0.5893969189505472	0.18196194264609472	0.09597711122503823
532	0.5753286439202571	0.1756550920141891	0.08514959571267913
533	0.5788729072578402	0.17249757852884287	0.08918374969122955
534	0.5869137683705786	0.17620141095462902	0.08767056943083747
535	0.5894721230282228	0.18049070834797842	0.09056334915968751
536	0.579999120617741	0.18232213305364434	0.0909074894232317
537	0.5864154595188477	0.1886700627498122	0.08822914868253684
538	0.5793525654056054	0.1776641948166444	0.08932689380036897
539	0.5775519968421684	0.18573029213887293	0.09088773847708999
540	0.586515958323856	0.17876569770798303	0.08967397128152108
541	0.5800295091400045	0.17502241511093372	0.09239648678856133
542	0.5815221384477907	0.18012698263873717	0.09445040464525456
543	0.5800102325515979	0.1795871262842604	0.09261286798979673
544	0.5711086333960816	0.1777278587481977	0.08514563942300876
545	0.5761069553258562	0.18122881939505678	0.09087022073192591
546	0.5815962762666229	0.17846281150979845	0.08831271661285858
547	0.5919812412095965	0.18263181578510662	0.0868371363405193
548	0.5870565387539523	0.17836358645831743	0.0870506569383596
549	0.5832426618534071	0.18256410298155015	0.09163301377441443
550	0.5738352928334438	0.1840588665300011	0.08985243786396911
551	0.5870628191353975	0.17143011010879738	0.08659707190152835
552	0.584984320770243	0.17887695415529017	0.0859758830799267
553	0.5806132133692107	0.17947679523719332	0.08534211662946833
554	0.5762862896711765	0.1843489835716829	0.08691148612733383
555	0.5789057460943461	0.1749121890850561	0.08766434914959133
556	0.5874391112017541	0.18560795113723125	0.08988901889749291
557	0.5765704261851535	0.18250842990188498	0.0940252948032306
558	0.5872738029891836	0.1755850330823725	0.08530178376523093
559	0.5841110888344813	0.1765150071940478	0.08486598682617304
560	0.5782197195166269	0.17972327539114205	0.08558491446013682
561	0.5850305887058913	0.1817158336440626	0.09300579357002808
562	0.5827488998956964	0.18245668765520218	0.0814521205910213
563	0.5874240035318149	0.1752630334794943	0.0878119571990551
564	0.5745766224983706	0.17731742093817188	0.08946159578630512
565	0.5855980031212259	0.1715097538102045	0.08250053264591149
566	0.5734358382898433	0.18356571390094062	0.08650361911934011
567	0.5788392164690462	0.17556571432345375	0.08164677824026594
568	0.5761974439720662	0.17754300224217423	0.0873123272037799
569	0.5702726702250175	0.17770312337804417	0.08537066475044804
570	0.5824337724563153	0.17931797488604342	0.08726077500475952
571	0.5698806134228297	0.17681314120379474	0.09443931282607874
572	0.5823738408038557	0.17751359508795597	0.0849654881177337
573	0.5804412075416735	0.18724446059697275	0.09486248676108858
574	0.5769870583386962	0.18198124060057155	0.09247852614755495
575	0.5847480551007365	0.17800381771576887	0.09298831336609419
576	0.5844571976710611	0.17571979196139395	0.08649792416378306
577	0.5773441307545286	0.1777030525032124	0.0846093115045889
578	0.5745392633561127	0.18171525261605725	0.09163833730403387
579	0.5809844034261376	0.18485745958729746	0.09244178503043986
580	0.5823445690042575	0.180135522624598	0.0891257850040112
581	0.578148435986139	0.1753396554236796	0.0859720236795943
582	0.5863265507373425	0.17985704425032722	0.08728169533747182
583	0.5903253697605941	0.17930055084051408	0.08197707032382079
584	0.5672624089487509	0.181372305005298	0.09174928112603843
585	0.5886023153774118	0.1837284464960379	0.09047641023054304
586	0.5768239541630297	0.18580449906668284	0.09190582244550285
587	0.5766016436716773	0.1745496203950124	0.0801099031643747
588	0.5766955231030118	0.18376442857458639	0.08979193560993522
589	0.5734857380674269	0.17987442440145912	0.08138034671128865
590	0.5868342403646903	0.17458806298594798	0.08417344197740291
591	0.5802525205745828	0.16862700789501942	0.08298101293366868
592	0.5780000292646953	0.18318892576703913	0.09086032193894938
593	0.5743706526535154	0.17686887840233761	0.08540293721488731
594	0.5903992909303176	0.1749302813208076	0.08239611328987184
595	0.590347388680482	0.18116189169594216	0.09116461818977553
596	0.5834028887045952	0.18463645370054108	0.08954862962224827
597	0.578482338310754	0.17386488119860039	0.08773906320959256
598	0.5913415464225085	0.18240009693437959	0.0932893675305446
599	0.5786753609422911	0.18052763241728995	0.08756630944155087
600	0.5749716725068825	0.17448288151327823	0.0801314462650093
601	0.5846711368790515	0.18145059972185473	0.09183883285961057
602	0.572129242044379	0.18408117692562084	0.08682353307949733
603	0.5752046627490228	0.18043771488026572	0.08738487211875734
604	0.5745350339258405	0.17824389498969834	0.08890890215716019
605	0.5833374446788426	0.17635333833369082	0.089819551906341
606	0.5824630461136379	0.17564083022749488	0.07914033133580257
607	0.5865479273254278	0.18109944460341967	0.09187518484108557
608	0.5772289134262638	0.18324038606026533	0.09337042174657274
609	0.5937570896689003	0.17827249871202283	0.09251508598264119
610	0.5670983409938487	0.17223910537247653	0.09358979713195317
611	0.5726329564622538	0.1805910103372575	0.08427828647392485
612	0.5803152473674028	0.18282081358128988	0.09009005426750764
613	0.5896524372924853	0.17691623123982658	0.08627210208675927
614	0.5827850171355191	0.1833981763247489	0.0878346250002954
615	0.5702652946696162	0.18000912002700292	0.08389595670795828
616	0.5795022529482441	0.18346147581036476	0.09280181728262953
617	0.5747859117926432	0.18548628593420582	0.09128957929984834
618	0.5731227793969563	0.18181690980037465	0.08448097275375793
619	0.5853003742717521	0.1859415350046243	0.08598868253934805
620	0.5766870243301987	0.1818182352019856	0.08622212902347848
621	0.5876664809369126	0.18524422241876848	0.09270998799328524
622	0.5857858605434177	0.16980154260003463	0.08863519820683072
623	0.5807826098688543	0.1808623810993764	0.08704410332860664
624	0.5767126472669449	0.18409119193891052	0.0957905650050102
625	0.5839362993433458	0.18327404633230515	0.08897042909829508
626	0.578523581046312	0.18010480832673803	0.08404686958580317
627	0.5895886259803637	0.17373854313956796	0.08987474345564692
628	0.5767608841142308	0.1808876774726033	0.08522107284519367
629	0.5820557752677721	0.18466307845431004	0.08391352790958057
630	0.5822764208894862	0.18508964354251847	0.08895100905576475
631	0.5726817776464496	0.17070787232343398	0.08974930985088572
632	0.5809374829910748	0.18235590390702225	0.09171006418552895
633	0.5889033009790223	0.1773208367898005	0.08848407415767612
634	0.5916877485788772	0.17252918343497134	0.08659049798820687
635	0.5847842272807084	0.18243919853118593	0.08400653452570096
636	0.5826191900468256	0.1828133437123136	0.0894820282337672
637	0.5749813196636517	0.1764682602045825	0.08573930853723848
638	0.5889024495546987	0.18626338690369243	0.09013248193941505
639	0.5811242850852439	0.18053809561379636	0.08765081328876426
640	0.5821655494753352	0.17407587046193077	0.0867180792914486
641	0.5740791299004673	0.18419810380807655	0.09029179475432882
642	0.5785137717705057	0.17347862951098866	0.08535799322991959
643	0.5925050536129816	0.1731929107504203	0.08206274783822602
644	0.5794755387569284	0.18048437723619928	0.09729179737389686
645	0.579308118259408	0.18437463128333229	0.08874372561020528
646	0.5860772784222436	0.1774287960284841	0.08869726853512287
647	0.5835195899064892	0.1741999064239239	0.09254607500871811
648	0.5726420156220744	0.17847339670901516	0.0881493229381325
649	0.5924310169256278	0.1773373571276464	0.07341755559845511
650	0.576828084320605	0.17657579816439858	0.08003111000157036
651	0.5874134013629209	0.1795481109804967	0.08463968711532577
652	0.5943930862298653	0.18774093836980646	0.09515455793436065
653	0.584353590586037	0.17333512207881765	0.08826437429265195
654	0.5747524912227968	0.176895987599287	0.0874227705972909
655	0.5866872783445151	0.17955895706023148	0.08837485154845362
656	0.5706012734498178	0.1832230536959131	0.09396983746920244
657	0.576961248597654	0.181159504420172	0.08701855528913821
658	0.5849356707420548	0.1771872454699436	0.08498080114364073
659	0.5798918605087128	0.1831242192901956	0.08541089988702695
660	0.5729037540116686	0.17937781388162893	0.08337857976634672
661	0.5813729930915648	0.1744804965046646	0.08856626880759029
662	0.5885699531808113	0.18052247774143432	0.08755022973070922
663	0.5797239578043198	0.17441008179871936	0.07988454910494851
664	0.5799296880578764	0.18113860555922576	0.08614567712212001
665	0.5901168962740462	0.17931969514486906	0.08206548582244405
666	0.5815755224981154	0.17590908999435917	0.08213722905518961
667	0.5675248324206996	0.18014937804758382	0.09050814661094053
668	0.5768968674293151	0.17659024450851216	0.09290976871804323
669	0.5723777334839687	0.18188914409907234	0.08640032255097578
670	0.5782856709913607	0.17858055802970726	0.08953829063965495
671	0.5851529118284811	0.17243531670434722	0.09050599339357074
672	0.57239665638869	0.18217961812643824	0.08931519780022096
673	0.5774304426162353	0.1794265664949953	0.08880814551325307
674	0.5851434399640414	0.1762587403328827	0.08626736446736853
675	0.5869174820233581	0.17656069227779095	0.08353231195217467
676	0.5762463238114024	0.17877955406092724	0.09016574201070351
677	0.5791316426702271	0.1806661073168747	0.08631251031932981
678	0.589839860990104	0.17784630487301814	0.08807243297636852
679	0.5699102823912152	0.18603335842306218	0.0878634661724532
680	0.5806447709886934	0.18576698984794512	0.08935024925364704
681	0.5837279482996461	0.179118541755951	0.0853830972935462
682	0.580415096870982	0.18118807040127988	0.0911383651529173
683	0.5847154919428817	0.18245924642418482	0.08764591377381664
684	0.5886844594847322	0.18587694164741445	0.08536801829604125
685	0.584535431855886	0.17948952452594855	0.0905340906581939
686	0.5788400539987687	0.17754799789212053	0.08549672291947515
687	0.5796392754374786	0.18129649836505513	0.08678355675833208
688	0.5777079568898005	0.1745200883747412	0.08640779736723124
689	0.5793850521555923	0.18219350371802462	0.08930007408404066
690	0.5843541480754704	0.18054581923781166	0.08574863852794264
691	0.5820149891654777	0.17789804893934305	0.08168260448807534
692	0.5906352294942795	0.1747447205509613	0.08971677369074266
693	0.583714329471904	0.18201462347024444	0.08800417575681851
694	0.5837094138792281	0.1856780248140021	0.09090357534123965
695	0.5742191205262402	0.175457732964074	0.08904166290811608
696	0.5816534176249942	0.1753205481709617	0.08490532270775154
697	0.5866818256417096	0.18022549691532005	0.08364658367449002
698	0.5866316259474602	0.18026679257070685	0.0871885783256431
699	0.5815471093056612	0.18322339762509723	0.08285459121948016
700	0.5775540360804353	0.1854438842860277	0.09114718623778123
701	0.5807360770350039	0.18128880785991072	0.0900801616691552
702	0.5804762511214051	0.1751204341718334	0.0903617465672988
703	0.5829424168431224	0.17445345692213837	0.08770192220404853
704	0.5938337796356005	0.17096710085360595	0.08358784386837881
705	0.5890395396581426	0.18621840581340635	0.09050499276514469
706	0.588186238683099	0.18527199200876493	0.08051289953566848
707	0.571860729929406	0.18688030397274968	0.08657343405483418
708	0.5755208927492832	0.1797613259325039	0.09644168827365426
709	0.5788350370041007	0.1800551184168955	0.09066006569551785
710	0.593796568734582	0.18302404981126372	0.09411031499187103
711	0.5859123064615167	0.17798012272706362	0.08452069580700688
712	0.5857113245690366	0.17552951244384488	0.08372774916756479
713	0.572148501784037	0.18293363297805154	0.093278893443452
714	0.5851437904903605	0.1810246973124561	0.08798080607415382
715	0.575719000300758	0.17705273727893137	0.0872987685654356
716	0.58203483276153	0.17750728687436124	0.08559530465732477
717	0.5759093020914227	0.17653398069079435	0.08971557027266829
718	0.5736998534770891	0.18207314836545724	0.08937282234212421
719	0.5883914669768044	0.1729253926768185	0.08103474906944362
720	0.5807073184139913	0.18195555349119633	0.08091964158997118
721	0.5865939059189372	0.18340360608563336	0.09473943452032713
722	0.5781691753810289	0.17585806720953906	0.08694973714626118
723	0.5808657321565454	0.17663411155040157	0.08854271170812084
724	0.5893299815261059	0.17092840647300353	0.0893948991816003
725	0.5757520791316716	0.17837165217212517	0.09097115362958069
726	0.5810668809971196	0.17527337797830764	0.08832536272406569
727	0.6010695180209922	0.1663278726122899	0.08478270119059352
728	0.5794840121092636	0.1813272257210837	0.0851357435011641
729	0.576015313361054	0.18985050889010116	0.09346871694082277
730	0.5869847109678923	0.1814755609759982	0.09062604499332237
731	0.5830668604504107	0.17953413847834573	0.08670459705628066
732	0.5794485707668133	0.18122457636784328	0.08812831270824044
733	0.5724467126317159	0.18288614568352138	0.08603235951298287
734	0.5783993682982324	0.178156769160407	0.08663097266907432
735	0.5948505273123406	0.17444227378893432	0.08305268976327912
736	0.5843075495440163	0.17977546063272265	0.08734013915928507
737	0.5775628017377845	0.17868204417368455	0.09205660694730247
738	0.5854952026613854	0.18397409022925756	0.08921420550147557
739	0.5903483980073817	0.16914681160877096	0.08060266896196548
740	0.57408298211445	0.1849668792773467	0.0856135049480438
741	0.5736878150480722	0.18431235200435805	0.09183568735325257
742	0.5792909647961014	0.17457106095531558	0.08472072312802931
743	0.5824478487429803	0.17958708734629494	0.08923871866659339
744	0.5926962325271901	0.17643680188052885	0.0866894496341262
745	0.5942297108445298	0.18173803794386753	0.08423251021009194
746	0.575588619718648	0.17523773872329465	0.08819744130817929
747	0.5843211046413781	0.17969292177503518	0.091422628301098
748	0.5835479976010939	0.17995798778762437	0.08865180387298395
749	0.5759469563264141	0.17607949711200027	0.08905639592622643
750	0.5835805175451174	0.18322062939389774	0.08833790037076351
751	0.5790210763435749	0.18061226727719074	0.08817933086313468
752	0.5814319558649632	0.18102877331201148	0.09113423138974087
753	0.5887116949603168	0.17599427252040883	0.08733964499446398
754	0.5876675183822719	0.17583975216266787	0.08275703388851612
755	0.5833546130567664	0.17846526876202112	0.0884838250685121
756	0.5764635454061192	0.172636688062557	0.08392298778966707
757	0.5788743389181303	0.18442639417126042	0.0853862718314594
758	0.5785942974855894	0.17798087086455938	0.08925356239002356
759	0.5752345753256611	0.18309485793171162	0.08751638788954323
760	0.5827317350666338	0.18178064343009032	0.08621957486110245
761	0.5767462254965083	0.17933717574955316	0.08146481226583242
762	0.577682609083775	0.1807971401320129	0.08973837855363186
763	0.5835791258649554	0.1802046789773378	0.0840032406499648
764	0.5864689358132101	0.18364897992212706	0.09285787971920101
765	0.5916076974994138	0.17663330014828596	0.08990766233965106
766	0.5758065439826153	0.17879346760213014	0.08276453352522685
767	0.5797429869581036	0.17922546686668295	0.09054639109070838
768	0.5774071629330274	0.17395435223835348	0.0877396116698681
769	0.5783917435039687	0.17851897368979422	0.09106152332374531
770	0.5758059380232547	0.1778379401787462	0.08577671194076096
771	0.5771940836546388	0.1811821554350158	0.08408155091744036
772	0.5885253269904843	0.18032172593541418	0.08779199394009307
773	0.5810238435844298	0.17762007735533136	0.08936936205981888
774	0.594964657619183	0.18284304585423972	0.08610508947958707
775	0.5774907316216934	0.1877733325679716	0.08427453056419232
776	0.5746373254662254	0.18584213451096163	0.08915639684163565
777	0.5858403551552764	0.18295438665782696	0.08789336320002487
778	0.5817353823238118	0.18216580209622574	0.09425229745565818
779	0.5740328221505523	0.18743864846895145	0.09115502906255862
780	0.5745777820666473	0.1671590651368937	0.08091049461913442
781	0.5742102107598447	0.17756052661109836	0.08867233777528723
782	0.5766155640188421	0.18279564758967787	0.08847256858978877
783	0.5858341664726212	0.17749505155679834	0.08456997371254829
784	0.5776896217335368	0.17676400046952145	0.08893189128387059
785	0.583784081099074	0.17677589152212084	0.08482036889724665
786	0.5786126259140296	0.18516844330968957	0.08909680608353925
787	0.5807008585783412	0.18323066648686684	0.08087498514784501
788	0.5744961390127121	0.18564817288959706	0.08541328182397734
789	0.567703521784679	0.18542105435522338	0.09336999097785369
790	0.5912449803396032	0.17387496284299517	0.08911606945583396
791	0.5843886013710262	0.1817908067484526	0.0881536491974956
792	0.5811608364787252	0.17815659568850964	0.09025402309249295
793	0.5797767052902996	0.1747442833241182	0.08911279102950963
794	0.5789869371886501	0.17538188743000213	0.09008069586565101
795	0.5829720915471854	0.18165706962132921	0.09030562910651362
796	0.5723651481840711	0.18060933724701314	0.08847342394588617
797	0.5792757812270853	0.1758525070079538	0.08312673137004352
798	0.5830136974331008	0.1828282760463843	0.08656749905988917
799	0.58757857026442	0.18714151627929584	0.08807272624899601
800	0.5666124662186778	0.17933146852825985	0.0898591062376792
801	0.5832483726889763	0.17685419972183294	0.0898478641124192
802	0.5791665359840116	0.18345263718062144	0.09427352474199882
803	0.5872453808364304	0.18404617161605283	0.08947719054646636
804	0.5822480521366882	0.18189029397432854	0.09060913716647465
805	0.5705125885179448	0.18434204870338566	0.09314724758201057
806	0.5842664166964276	0.1832387195863152	0.09372019462553045
807	0.5819454391089278	0.17681300052706242	0.0873948826796782
808	0.573300214764068	0.1709612779854752	0.0836216858347268
809	0.5824600318228107	0.1783464921912755	0.08988685859399526
810	0.5918605778522634	0.17799393848275577	0.08464984271754288
811	0.5745997738910538	0.17748491030645216	0.08560203739806796
812	0.5837321427503316	0.17724631701929924	0.08566676996821071
813	0.5838493761569119	0.17324593782477174	0.08530916735196607
814	0.5863147103361962	0.1777155519538151	0.08029853903286384
815	0.5776805570523919	0.1719552629849348	0.09398534221544749
816	0.5804701866771033	0.18332147126624426	0.08940844704520902
817	0.5826528579389912	0.18397722480958087	0.08808397146554926
818	0.5792843821781819	0.1824413384303459	0.08677185788723499
819	0.5788749666989126	0.18006320999745026	0.09547780625141226
820	0.5845137754157049	0.18734768752234837	0.09427018764302038
821	0.5726237060700639	0.1799470607323283	0.09393321077720483
822	0.5793773967599524	0.17849385761077988	0.09086156256173052
823	0.5848188928448702	0.1761831208865615	0.08619319575698366
824	0.5754292157542494	0.18432154702788558	0.08765123698624486
825	0.5769407987360393	0.17960077339781533	0.089966362254269
826	0.5672769536328851	0.1764018582768577	0.08208072832751023
827	0.5835766117118041	0.1785387069996829	0.08529450234961171
828	0.5775130258733218	0.1761314992201997	0.09000579264786741
829	0.5734013287693018	0.1810620128394387	0.09263649881371899
830	0.5854962717627096	0.18657533876519597	0.0904536229636485
831	0.5833181801659179	0.17536134396129358	0.09193715151712592
832	0.5966631353613451	0.17600593432111022	0.09147825775407867
833	0.5868574775742784	0.17594655033874634	0.07977176295445661
834	0.5827747808832957	0.17872332185648412	0.09414198424570264
835	0.5808330335596511	0.18879209995922952	0.08869010388223963
836	0.5811866509791747	0.18646251799817648	0.08870470609675829
837	0.5783700160091946	0.1800615331427574	0.08901567729714735
838	0.586214444986315	0.17842435427486614	0.08649133584770853
839	0.5774196977870982	0.1773744269911337	0.08948066298432457
840	0.5816253006643367	0.17880495920868333	0.0872840122102756
841	0.5764142666426757	0.18114326378047496	0.08931321447993909
842	0.5925020868059387	0.17315731174563959	0.088382806812697
843	0.5880052304283343	0.1858589397063551	0.0889791696689056
844	0.5764080417685061	0.1726200666856105	0.08514267114247605
845	0.584746265082426	0.18797584765215447	0.08603353532513622
846	0.5778111404701618	0.1861725603133267	0.09008664200274032
847	0.5872587581987165	0.1803413176946752	0.09120744221775978
848	0.5809848598302171	0.1838653750752056	0.08818335427287066
849	0.5734576411566734	0.1796847439292796	0.08544478228693367
850	0.5858536219145897	0.16630234820470802	0.08765341609302744
851	0.5807803995700932	0.1801149087539112	0.07828317348238055
852	0.5848716728904504	0.1810035829819094	0.08601530583445759
853	0.5854341791474088	0.17855989399474406	0.08371870510207101
854	0.5846392629034304	0.17920933740008374	0.08791337118324723
855	0.5794573287917747	0.17604722225726666	0.08349039863811951
856	0.5909851022140823	0.1803958130574573	0.08660053719424085
857	0.576035823982901	0.17025231263686297	0.08408754053282529
858	0.5811595139153594	0.17971482118623608	0.09016175637644516
859	0.5793171769012319	0.18222029176183688	0.08466998100839172
860	0.580986457771168	0.18576650407226605	0.08534436921601535
861	0.5851891246631297	0.17580946756839116	0.08148077091654644
862	0.5802624248995352	0.18111970485285	0.09319560118282566
863	0.5793661158856317	0.17716315541443828	0.08213258426596216
864	0.5792867094071346	0.1754465112161104	0.09352133141676439
865	0.5776092257316072	0.18434687311593695	0.09059195895499454
866	0.5692663204444733	0.17737291724769655	0.08372579021967799
867	0.5763356249891889	0.18366427134533844	0.08982472272599942
868	0.586246874089634	0.1796606411247892	0.09126810183153375
869	0.5897971250580789	0.18612924667019295	0.0825621363609736
870	0.5782920133252673	0.18123191437006547	0.08736127299678745
871	0.5809049071441738	0.17894742355053042	0.08418106409719163
872	0.584244439450337	0.17465183354039807	0.08097802561391594
873	0.5807015202739362	0.18383040055317287	0.08712206116656014
874	0.5800814632889317	0.18185656240181772	0.08597756967171598
875	0.588620766012193	0.18135898345230522	0.08606930943454295
876	0.5812906494171314	0.17444014280953418	0.07716701670213384
877	0.5780553593515807	0.1745425846572146	0.09286005183410387
878	0.5794132964756169	0.1787986764479871	0.08485119621852644
879	0.585848478731679	0.1845746971711	0.09009482121595416
880	0.5732503120955016	0.17910306834558284	0.08978933496447576
881	0.579105540965415	0.1819085846581011	0.08645487209917772
882	0.5775638072092345	0.18317059241022166	0.09288328549309396
883	0.5888011528381981	0.17416960682449387	0.08105458164115012
884	0.5876950301550925	0.17714430812489956	0.08373830443930262
885	0.5816870046046416	0.18562996660140885	0.09154119527795214
886	0.5876074254679565	0.18249394951352715	0.09321038105608202
887	0.5808182066905173	0.18895071969836807	0.08518484954648967
888	0.5779113240816475	0.18008079720517806	0.08816951321875789
889	0.5783889276278182	0.18689343995974786	0.08679798015989272
890	0.5776506286765166	0.18523118487780102	0.08861892698749964
891	0.5854134170313683	0.17439323431411383	0.08096837354383021
892	0.5878974383045428	0.17876586157401725	0.08775763678010022
893	0.5790481005270005	0.1794183856178002	0.08553628795890406
894	0.5798429210759044	0.16869620363618082	0.08348155826169351
895	0.5799510304420389	0.17873476875271388	0.08599814829904706
896	0.5823101804709025	0.18126002207028985	0.0859218222132745
897	0.5826097600340987	0.185065423993087	0.08344066167050498
898	0.5808867807935865	0.17860499693152374	0.08756546024992112
899	0.5875075362091354	0.17926718767138772	0.08672074565480965
900	0.5900319150797833	0.18087165630200389	0.09132579021951605
901	0.5863289010053945	0.18041422883301506	0.08123619165149767
902	0.5770861007996909	0.17702258222465164	0.09217831069426996
903	0.5778163156656667	0.1746458992566142	0.08127366640952784
904	0.5865622609919254	0.17746729289452381	0.08835955695928074
905	0.5989642720494252	0.1819840806534673	0.0990518331699307
906	0.5864948818472285	0.1765688713700572	0.08437661891018738
907	0.5845285860134813	0.18383590704346484	0.09186296948169176
908	0.5800902467885484	0.18741917487090703	0.08818671568296779
909	0.591317039396691	0.18177049605212192	0.08531328246991776
910	0.5810814093137401	0.18131021353429397	0.0830381334625566
911	0.5862562959482257	0.17732721356722356	0.07798788486073668
912	0.5895710378600619	0.1744230994301466	0.08766845597154377
913	0.5939845263095392	0.18184815644116076	0.08882057346693989
914	0.5764159563149809	0.17317344098846443	0.08867405667218277
915	0.5756082974235498	0.18383530138683996	0.0900756137158015
916	0.5794774052147269	0.18159412159417038	0.07703736472429236
917	0.5781152642625481	0.18659051164314316	0.09096339722237216
918	0.5853494583208684	0.18004104745382288	0.09089922220997476
919	0.5681892131983105	0.18087295559425126	0.08328873406261897
920	0.587908226924433	0.17979181568364275	0.08578593290190972
921	0.5823387296859008	0.17096476608728076	0.08818228586601473
922	0.5815216915308916	0.18566979382559043	0.09167835259477926
923	0.5730055436496085	0.17819090145688965	0.0878871472073155
924	0.5807508401367959	0.1792056131541606	0.09044596725750448
925	0.5711617465106067	0.17792103028887046	0.08486760431472316
926	0.5836247084581503	0.1747367345535849	0.0842578888056873
927	0.5855986670239762	0.17577274662905465	0.09049509164819397
928	0.5739394056229422	0.1789192945162205	0.08602653753992105
929	0.5815321034510893	0.18455261266529477	0.08276290382521034
930	0.5828536666682624	0.17867423543065514	0.08353704484520282
931	0.5831189192793498	0.18124388212527262	0.08449088010894215
932	0.5796542831922814	0.1827836952797202	0.08333613291750488
933	0.574958143877012	0.18273399551557445	0.08496646572796088
934	0.5711707886052111	0.17944875475033595	0.08259940600777801
935	0.5826968685710189	0.17668446474681365	0.08958170708127232
936	0.5829971987306068	0.1859248182853278	0.08600309197613298
937	0.5898318725354241	0.1843496181749346	0.087231068207881
938	0.5841801685552716	0.17940443350953023	0.08776795336912237
939	0.5791127114808029	0.17575355070140813	0.09283379973485581
940	0.5840383409766028	0.17927725867786376	0.09378854383333404
941	0.59132811678266	0.18250157457878127	0.09510598715690276
942	0.5748512362419584	0.18371255083561416	0.08918530302613634
943	0.5836293192920418	0.1867152824390229	0.09036840793858943
944	0.576213221097807	0.17761952088182584	0.0918679177617841
945	0.5758911234038586	0.18029708557178406	0.09112303703802335
946	0.5901234960376762	0.17872231707407002	0.0890350220141075
947	0.566535623431137	0.17456643233697514	0.09007881040806351
948	0.589347250421199	0.1699852879412842	0.08570782204401754
949	0.5860227882424451	0.17798630990249983	0.08478849646190151
950	0.574696538189668	0.181121244571423	0.08924985608874633
951	0.578808466859021	0.1835380117041809	0.08375175905468706
952	0.5846026815806811	0.17874896099798573	0.08269969222866619
953	0.5807904060172735	0.1799871399799931	0.08340877044915165
954	0.5892191452143724	0.17142158305196611	0.08983963352915819
955	0.5857114176124352	0.17503473265675715	0.08830229461533763
956	0.5788311798362906	0.17297090702606477	0.08411618878583937
957	0.5777796017544273	0.177771409582911	0.08938868530257667
958	0.5735773072777534	0.1853411313282282	0.0873856697781842
959	0.5775560713850549	0.18419388193687689	0.08762580874938945
960	0.5836037356032325	0.17393155432171756	0.08867959429599787
961	0.5928263376497008	0.17625128773246287	0.0901658708904602
962	0.5690206980819483	0.17312697453681358	0.08769804787687131
963	0.5707951333550112	0.17538556457115834	0.08226020872469411
964	0.5779328727522696	0.17926772118936848	0.08864675561927671
965	0.5894273724711157	0.18371527635286433	0.0909524639415942
966	0.5761990295727176	0.1846273331962728	0.08979859737826627
967	0.5740730436006415	0.17505242057069606	0.08315554351059401
968	0.5924666051878682	0.18207361252951942	0.08766159112635401
969	0.5880996902576738	0.17863134398365593	0.09064618306860965
970	0.5752810649432555	0.17816949428233322	0.08951159642735723
971	0.5785362002370356	0.1775816571836341	0.08377589737189345
972	0.5849949595396814	0.17998382359655857	0.09000681905584976
973	0.5902780957354066	0.17795432307199646	0.08761102447693424
974	0.5766720757867481	0.1802479038890222	0.08656872394163212
975	0.5728797765171847	0.1789111917938958	0.09068777737789852
976	0.5800412182678188	0.17684087659532122	0.09169183055658897
977	0.5816670836560084	0.17853801777464595	0.09091581317812306
978	0.5837634413159175	0.18239387583043232	0.08983103986807045
979	0.5846710328784395	0.18025828215554723	0.09261000851718067
980	0.5679323684540848	0.18672547735633982	0.09011206530324324
981	0.5823350806943337	0.1825911536734189	0.0896193804493537
982	0.5748582915169527	0.1747977171308056	0.08576708578141068
983	0.5770927486988733	0.18149280389753372	0.08872998958950212
984	0.5775140835287293	0.18202546932451186	0.08784891323188333
985	0.5747675665074751	0.18032196784180188	0.09354996169603848
986	0.5832942239814808	0.1801061040233871	0.08518270232014878
987	0.5701763499291128	0.17954384620520605	0.08332050288593064
988	0.5840461358154496	0.18055175047738412	0.08536234425542706
989	0.5844854300616842	0.1804710543570911	0.08594305815745452
990	0.5896395980232074	0.18816412150423673	0.08836055312768917
991	0.5743880776698467	0.18047762586364405	0.08763595569659638
992	0.5869609112038975	0.17850562614172177	0.08275577452600534
993	0.5798274049481137	0.18023062924963187	0.08410136124716343
994	0.5834731801851373	0.18680112996858333	0.09062220717812242
995	0.5761815511153714	0.1783556545817904	0.087464961011006
996	0.5867814676205024	0.18376944627748104	0.086104260080593
997	0.5833066837384914	0.1756236417654534	0.0930095660842654
998	0.5830100104054519	0.18473002229064495	0.08766293144777217
999	0.5794146918216698	0.18160532463565462	0.08681521538633502
1000	0.5777144193303122	0.18363592797544204	0.08880205894072986
