null_rep	roc_auc
1	0.9129584775086503
2	0.9163300173010381
3	0.8349480968858133
4	0.9373853806228373
5	0.8469052768166091
6	0.8381012110726642
7	0.8013775951557092
8	0.9570891003460208
9	0.9061224048442906
10	0.9101081314878893
11	0.9005255190311418
12	0.7374113321799307
13	0.9290289792387543
14	0.9888235294117647
15	0.8653568339100345
16	0.8811699826989619
17	0.8058801903114187
18	0.9127551903114185
19	0.9259731833910034
20	0.9048421280276817
21	0.8032158304498269
22	0.9218339100346019
23	0.9208910034602077
24	0.8219615051903112
25	0.8509234429065745
26	0.8042647058823529
27	0.8806617647058823
28	0.8002378892733563
29	0.9129865916955018
30	0.8665397923875433
31	0.9258996539792388
32	0.7120220588235293
33	0.8547448096885814
34	0.8727054498269896
35	0.8694852941176471
36	0.8149005190311419
37	0.9724718858131487
38	0.825544982698962
39	0.864636678200692
40	0.7922404844290658
41	0.8942344290657438
42	0.8475951557093424
43	0.8569701557093424
44	0.8320090830449829
45	0.7363083910034603
46	0.776338667820069
47	0.9246993944636677
48	0.9098313148788928
49	0.9075086505190311
50	0.8286267301038063
51	0.872489186851211
52	0.8319312283737024
53	0.8874826989619374
54	0.8377249134948096
55	0.8419896193771624
56	0.7999762110726644
57	0.7690376297577857
58	0.854240916955017
59	0.9732071799307959
60	0.8852681660899654
61	0.8259407439446368
62	0.9113343425605536
63	0.9429584775086505
64	0.9465289792387541
65	0.9216803633217994
66	0.7968555363321799
67	0.8689078719723181
68	0.7732569204152249
69	0.8031033737024219
70	0.8083737024221455
71	0.9155990484429064
72	0.8841630622837369
73	0.9590073529411766
74	0.8730320069204152
75	0.8955082179930796
76	0.7207763840830449
77	0.8380860726643597
78	0.8131596020761246
79	0.8755276816608998
80	0.877902249134948
81	0.8387045847750865
82	0.8772037197231835
83	0.823587802768166
84	0.8503979238754324
85	0.9135878027681662
86	0.9289230103806229
87	0.8554757785467129
88	0.7512586505190312
89	0.9153741349480969
90	0.8948313148788927
91	0.9385294117647058
92	0.8183088235294117
93	0.9473226643598616
94	0.872469723183391
95	0.6560380622837368
96	0.892530276816609
97	0.7780579584775087
98	0.8558823529411765
99	0.798287197231834
100	0.9096799307958477
101	0.9537673010380624
102	0.9022794117647058
103	0.838587802768166
104	0.9560748269896192
105	0.9657158304498269
106	0.7429692906574394
107	0.8370588235294119
108	0.808226643598616
109	0.8950778546712803
110	0.8004606401384082
111	0.9179995674740483
112	0.8090030276816609
113	0.9445544982698963
114	0.8394377162629756
115	0.8203741349480969
116	0.9186224048442905
117	0.8508174740484429
118	0.9358693771626299
119	0.9469658304498267
120	0.8765419550173011
121	0.8957309688581317
122	0.9224891868512113
123	0.9128698096885813
124	0.879102508650519
125	0.9308369377162629
126	0.9338840830449827
127	0.8959969723183389
128	0.9642257785467127
129	0.8766046712802767
130	0.9086072664359861
131	0.8677292387543253
132	0.7205882352941175
133	0.924061418685121
134	0.7978092560553632
135	0.8929541522491349
136	0.8881379757785467
137	0.822238321799308
138	0.8855493079584775
139	0.7966089965397924
140	0.9578092560553635
141	0.9652141003460207
142	0.855211937716263
143	0.759212802768166
144	0.9851816608996541
145	0.9149589100346022
146	0.9224070069204154
147	0.8534147923875434
148	0.7537175605536333
149	0.8456509515570935
150	0.8377249134948097
151	0.8605709342560555
152	0.8271042387543253
153	0.8901730103806227
154	0.7427205882352942
155	0.8488667820069205
156	0.8596107266435986
157	0.9050908304498269
158	0.9118187716262973
159	0.8855752595155709
160	0.9396864186851213
161	0.8244831314878893
162	0.8566046712802766
163	0.9457634083044982
164	0.8661743079584775
165	0.9104779411764706
166	0.9230644463667821
167	0.8824221453287197
168	0.9270501730103805
169	0.9000756920415225
170	0.8852357266435987
171	0.8659212802768167
172	0.7903654844290655
173	0.891580882352941
174	0.8616738754325258
175	0.8400951557093426
176	0.7424113321799307
177	0.883075259515571
178	0.9387499999999999
179	0.879180363321799
180	0.836239186851211
181	0.7903265570934256
182	0.6938170415224915
183	0.9248053633217995
184	0.7442322664359861
185	0.8153481833910036
186	0.8609126297577852
187	0.7923853806228373
188	0.9277984429065745
189	0.9416306228373702
190	0.8829476643598615
191	0.8401275951557095
192	0.8174956747404845
193	0.9110207612456748
194	0.950194636678201
195	0.8602443771626297
196	0.8945480103806227
197	0.8279801038062282
198	0.9224567474048442
199	0.9279995674740483
200	0.8544896193771625
201	0.8546064013840831
202	0.8294615051903115
203	0.8674978373702422
204	0.7716003460207612
205	0.9251686851211073
206	0.846844723183391
207	0.9272880622837372
208	0.8721366782006921
209	0.9328373702422145
210	0.9780060553633217
211	0.8840635813148787
212	0.9435272491349481
213	0.924292820069204
214	0.9039186851211072
215	0.9281249999999999
216	0.8535402249134948
217	0.7831833910034603
218	0.830192474048443
219	0.953951124567474
220	0.74776384083045
221	0.8283953287197231
222	0.8958282871972318
223	0.9338321799307958
224	0.9464878892733561
225	0.8822664359861591
226	0.6675886678200692
227	0.7965419550173012
228	0.9204087370242213
229	0.8970609861591696
230	0.924344723183391
231	0.9067301038062284
232	0.863669982698962
233	0.7616760380622837
234	0.8723421280276819
235	0.8231509515570936
236	0.9079022491349481
237	0.9420977508650519
238	0.9610099480968856
239	0.8645134083044984
240	0.8583369377162628
241	0.8945480103806227
242	0.7806314878892734
243	0.9083282871972318
244	0.8641911764705883
245	0.7969831314878892
246	0.7093685121107266
247	0.822893598615917
248	0.9210510380622838
249	0.750525519031142
250	0.9208672145328718
251	0.7975173010380623
252	0.8413408304498272
253	0.9120371972318337
254	0.8887543252595154
255	0.8405017301038061
256	0.8553546712802768
257	0.8283585640138409
258	0.8535748269896195
259	0.8828698096885812
260	0.8975
261	0.7891284602076124
262	0.845211937716263
263	0.8686613321799307
264	0.9393425605536331
265	0.9094788062283736
266	0.7783650519031142
267	0.9088429930795847
268	0.9166976643598617
269	0.881976643598616
270	0.9536829584775086
271	0.7875064878892734
272	0.9458607266435984
273	0.9507504325259515
274	0.9022750865051904
275	0.8844831314878894
276	0.8437954152249135
277	0.8509385813148789
278	0.9730384948096885
279	0.7817668685121107
280	0.9569571799307959
281	0.879597750865052
282	0.7442711937716264
283	0.820715830449827
284	0.8980384948096884
285	0.9114684256055361
286	0.8618468858131487
287	0.909284169550173
288	0.9037824394463668
289	0.9502465397923875
290	0.7505730968858131
291	0.8661937716262976
292	0.9366695501730102
293	0.9184580449826989
294	0.9399545847750865
295	0.9013775951557093
296	0.9704822664359863
297	0.9031531141868512
298	0.7000302768166091
299	0.8043944636678201
300	0.9449826989619378
301	0.9464446366782008
302	0.8870177335640139
303	0.8538321799307957
304	0.8989900519031141
305	0.9084407439446366
306	0.8978784602076124
307	0.9215960207612456
308	0.8310834775086506
309	0.9460964532871973
310	0.8646972318339098
311	0.8628806228373702
312	0.9400843425605535
313	0.8708001730103806
314	0.7951816608996541
315	0.932268598615917
316	0.932478373702422
317	0.8008888408304499
318	0.8553460207612454
319	0.8036332179930795
320	0.8217538927335639
321	0.8300324394463668
322	0.9185099480968859
323	0.8810467128027681
324	0.9049913494809688
325	0.7935445501730104
326	0.8458650519031141
327	0.9089943771626297
328	0.9264770761245674
329	0.7476643598615915
330	0.8529865916955016
331	0.8964424740484429
332	0.8307136678200693
333	0.8238711072664359
334	0.8447556228373702
335	0.9274134948096885
336	0.8747642733564013
337	0.9153114186851209
338	0.8905471453287197
339	0.9863992214532871
340	0.9326319204152249
341	0.9230255190311419
342	0.8924178200692041
343	0.8153265570934255
344	0.8560272491349482
345	0.7287045847750865
346	0.8072642733564015
347	0.8907569204152249
348	0.8408737024221452
349	0.8804714532871971
350	0.851009948096886
351	0.9237975778546712
352	0.8264381487889273
353	0.7968382352941173
354	0.8727854671280276
355	0.9217409169550173
356	0.8280211937716263
357	0.7125324394463668
358	0.8395934256055362
359	0.8736937716262976
360	0.7511634948096885
361	0.8445804498269897
362	0.7984147923875433
363	0.8673140138408304
364	0.8169701557093425
365	0.8844463667820068
366	0.8628611591695503
367	0.9322296712802767
368	0.7536115916955015
369	0.9147015570934256
370	0.8721280276816608
371	0.7216284602076124
372	0.9457980103806227
373	0.9036267301038062
374	0.960707179930796
375	0.847580017301038
376	0.8788689446366783
377	0.8806314878892734
378	0.8692582179930796
379	0.8847815743944635
380	0.9449826989619377
381	0.8238062283737025
382	0.9481531141868511
383	0.9193923010380622
384	0.8346258650519031
385	0.9017452422145328
386	0.8783542387543253
387	0.9058693771626298
388	0.857640570934256
389	0.9554065743944636
390	0.7612197231833909
391	0.885300605536332
392	0.9577270761245674
393	0.8922729238754328
394	0.9038862456747404
395	0.8837435121107267
396	0.8836807958477508
397	0.9242495674740482
398	0.8826340830449828
399	0.8601232698961937
400	0.848940311418685
401	0.9155471453287197
402	0.940655276816609
403	0.784303633217993
404	0.8626102941176471
405	0.9416262975778548
406	0.839121972318339
407	0.8617192906574394
408	0.7195198961937715
409	0.6349459342560554
410	0.8048140138408304
411	0.7662521626297579
412	0.930209775086505
413	0.8681596020761246
414	0.969537197231834
415	0.7906379757785469
416	0.8434039792387543
417	0.9154238754325259
418	0.8827962802768167
419	0.9379152249134947
420	0.8633780276816609
421	0.8085532006920417
422	0.8843209342560553
423	0.8727703287197233
424	0.869997837370242
425	0.8306379757785468
426	0.9620025951557093
427	0.8136375432525952
428	0.8414792387543253
429	0.8472577854671279
430	0.8519961072664359
431	0.7573313148788928
432	0.9049999999999998
433	0.8301643598615916
434	0.8600648788927336
435	0.8170523356401383
436	0.9203784602076124
437	0.8438927335640137
438	0.882753027681661
439	0.8760402249134949
440	0.8298161764705881
441	0.8816500865051903
442	0.9595307093425606
443	0.8839943771626299
444	0.7656012110726642
445	0.7087435121107268
446	0.9141998269896194
447	0.8712608131487889
448	0.7242690311418685
449	0.7748529411764704
450	0.8112153979238755
451	0.7829822664359861
452	0.8022534602076125
453	0.8159104671280275
454	0.9037305363321799
455	0.8058088235294117
456	0.8859904844290657
457	0.901360294117647
458	0.9091803633217992
459	0.7843620242214533
460	0.7291068339100348
461	0.8479887543252594
462	0.8391846885813149
463	0.6503006055363322
464	0.9587737889273356
465	0.8565938581314879
466	0.8854346885813149
467	0.9506898788927336
468	0.8463343425605536
469	0.9406336505190309
470	0.7779541522491351
471	0.8690981833910034
472	0.7040203287197232
473	0.8335618512110726
474	0.7482331314878893
475	0.888628892733564
476	0.9488581314878892
477	0.8708888408304499
478	0.9654519896193773
479	0.9396907439446367
480	0.8949329584775088
481	0.9670977508650519
482	0.9502833044982701
483	0.9422988754325259
484	0.8025086505190312
485	0.8081855536332179
486	0.8885510380622837
487	0.9692365916955016
488	0.9247491349480969
489	0.833538062283737
490	0.7486051038062285
491	0.8156596020761246
492	0.8857266435986157
493	0.8614814013840831
494	0.8547621107266434
495	0.9107417820069205
496	0.866613321799308
497	0.8424632352941177
498	0.8902054498269897
499	0.882874134948097
500	0.8833607266435983
