gsm	parsed_label	matched_line	evidence_lines
GSM4830213	UNRESOLVED		!Sample_title = 6UN4FA93
GSM4830214	UNRESOLVED		!Sample_title = DEV10
GSM4830215	UNRESOLVED		!Sample_title = DEV11
GSM4830216	UNRESOLVED		!Sample_title = DEV13
GSM4830217	UNRESOLVED		!Sample_title = DEV14
GSM4830218	UNRESOLVED		!Sample_title = DEV16
GSM4830219	UNRESOLVED		!Sample_title = DEV18
GSM4830220	UNRESOLVED		!Sample_title = DEV19
GSM4830221	UNRESOLVED		!Sample_title = DEV3
GSM4830222	UNRESOLVED		!Sample_title = DEV4
GSM4830223	UNRESOLVED		!Sample_title = DEV5
GSM4830224	UNRESOLVED		!Sample_title = DEV7
GSM4830225	UNRESOLVED		!Sample_title = E0023
GSM4830226	UNRESOLVED		!Sample_title = E0044
GSM4830227	UNRESOLVED		!Sample_title = E0126
GSM4830228	UNRESOLVED		!Sample_title = E0129
GSM4830229	UNRESOLVED		!Sample_title = E0145
GSM4830230	UNRESOLVED		!Sample_title = E0146
GSM4830231	UNRESOLVED		!Sample_title = E0220
GSM4830232	UNRESOLVED		!Sample_title = E0221
GSM4830233	UNRESOLVED		!Sample_title = E0222
GSM4830234	UNRESOLVED		!Sample_title = E0223
GSM4830235	UNRESOLVED		!Sample_title = E0228
GSM4830236	UNRESOLVED		!Sample_title = E0229
GSM4830237	UNRESOLVED		!Sample_title = E0278
GSM4830238	UNRESOLVED		!Sample_title = E0324
GSM4830239	UNRESOLVED		!Sample_title = E0326
GSM4830240	UNRESOLVED		!Sample_title = E0345
GSM4830241	UNRESOLVED		!Sample_title = E0349
GSM4830242	UNRESOLVED		!Sample_title = E0356
GSM4830243	UNRESOLVED		!Sample_title = ILS32144
GSM4830244	UNRESOLVED		!Sample_title = NP14766
GSM4830245	UNRESOLVED		!Sample_title = NP15272
GSM4830246	UNRESOLVED		!Sample_title = NP16361
GSM4830247	UNRESOLVED		!Sample_title = NP16960
GSM4830248	UNRESOLVED		!Sample_title = NP16980
GSM4830249	UNRESOLVED		!Sample_title = R07-1114
GSM4830250	UNRESOLVED		!Sample_title = R09-0660
GSM4830251	UNRESOLVED		!Sample_title = RA98-0715
GSM4830252	UNRESOLVED		!Sample_title = RA98-0727
GSM4830253	UNRESOLVED		!Sample_title = RA99-1655
GSM4830254	UNRESOLVED		!Sample_title = DEV1
GSM4830255	UNRESOLVED		!Sample_title = DEV2
GSM4830256	UNRESOLVED		!Sample_title = DEV8
GSM4830257	UNRESOLVED		!Sample_title = DEV9
GSM4830258	UNRESOLVED		!Sample_title = DEV12
GSM4830259	UNRESOLVED		!Sample_title = DEV15
GSM4830260	UNRESOLVED		!Sample_title = DEV17
GSM4830261	UNRESOLVED		!Sample_title = DEV21
GSM4830262	UNRESOLVED		!Sample_title = DEV22
GSM4830263	UNRESOLVED		!Sample_title = E0061
GSM4830264	UNRESOLVED		!Sample_title = E0071
GSM4830265	UNRESOLVED		!Sample_title = E0110
GSM4830266	UNRESOLVED		!Sample_title = E0111
GSM4830267	UNRESOLVED		!Sample_title = E0124
GSM4830268	UNRESOLVED		!Sample_title = E0128
GSM4830269	UNRESOLVED		!Sample_title = E0130
GSM4830270	UNRESOLVED		!Sample_title = E0132
GSM4830271	UNRESOLVED		!Sample_title = E0133
GSM4830272	UNRESOLVED		!Sample_title = E0134
GSM4830273	UNRESOLVED		!Sample_title = E0135
GSM4830274	UNRESOLVED		!Sample_title = E0137
GSM4830275	UNRESOLVED		!Sample_title = E0141
GSM4830276	UNRESOLVED		!Sample_title = E0142
GSM4830277	UNRESOLVED		!Sample_title = E0144
GSM4830278	UNRESOLVED		!Sample_title = E0194
GSM4830279	UNRESOLVED		!Sample_title = E0196
GSM4830280	UNRESOLVED		!Sample_title = E0210
GSM4830281	UNRESOLVED		!Sample_title = E0211
GSM4830282	UNRESOLVED		!Sample_title = E0212
GSM4830283	UNRESOLVED		!Sample_title = E0224
GSM4830284	UNRESOLVED		!Sample_title = E0227
GSM4830285	UNRESOLVED		!Sample_title = E0230
GSM4830286	UNRESOLVED		!Sample_title = E0231
GSM4830287	UNRESOLVED		!Sample_title = E0235
GSM4830288	UNRESOLVED		!Sample_title = E0321
GSM4830289	UNRESOLVED		!Sample_title = E0325
GSM4830290	UNRESOLVED		!Sample_title = E0355
GSM4830291	UNRESOLVED		!Sample_title = E0369
GSM4830292	UNRESOLVED		!Sample_title = E0490
GSM4830293	UNRESOLVED		!Sample_title = E0523
GSM4830294	UNRESOLVED		!Sample_title = E0545
GSM4830295	UNRESOLVED		!Sample_title = E0612
GSM4830296	UNRESOLVED		!Sample_title = E0615
GSM4830297	UNRESOLVED		!Sample_title = E0626
GSM4830298	UNRESOLVED		!Sample_title = E0887
GSM4830299	UNRESOLVED		!Sample_title = E0941
GSM4830300	UNRESOLVED		!Sample_title = E1188
GSM4830301	UNRESOLVED		!Sample_title = EE3
GSM4830302	UNRESOLVED		!Sample_title = EE5
GSM4830303	UNRESOLVED		!Sample_title = EE6
GSM4830304	UNRESOLVED		!Sample_title = EE12
GSM4830305	UNRESOLVED		!Sample_title = EE13
GSM4830306	UNRESOLVED		!Sample_title = EE24
GSM4830307	UNRESOLVED		!Sample_title = EE28
GSM4830308	UNRESOLVED		!Sample_title = EE31
GSM4830309	UNRESOLVED		!Sample_title = EE33
GSM4830310	UNRESOLVED		!Sample_title = EE36
GSM4830311	UNRESOLVED		!Sample_title = ILS26043
GSM4830312	UNRESOLVED		!Sample_title = ILS26049
GSM4830313	UNRESOLVED		!Sample_title = ILS30444_FP
GSM4830314	UNRESOLVED		!Sample_title = ILS32212
GSM4830315	UNRESOLVED		!Sample_title = ILS33494PD1_10
GSM4830316	UNRESOLVED		!Sample_title = ILS35098PD1_10
GSM4830317	UNRESOLVED		!Sample_title = ILS4453
GSM4830318	UNRESOLVED		!Sample_title = NP14830
GSM4830319	UNRESOLVED		!Sample_title = NP16371_FP
GSM4830320	UNRESOLVED		!Sample_title = OCI-Ly3.3
GSM4830321	UNRESOLVED		!Sample_title = OCI-Ly10
GSM4830322	UNRESOLVED		!Sample_title = OCI-Ly19
GSM4830323	UNRESOLVED		!Sample_title = R10-0432
GSM4830324	UNRESOLVED		!Sample_title = R12-0224
GSM4830325	UNRESOLVED		!Sample_title = R12-0780
GSM4830326	UNRESOLVED		!Sample_title = R13-0237
GSM4830327	UNRESOLVED		!Sample_title = RA01-1606
GSM4830328	UNRESOLVED		!Sample_title = RA01-1996
GSM4830329	UNRESOLVED		!Sample_title = RA02-2048
GSM4830330	UNRESOLVED		!Sample_title = RA02-2130
GSM4830331	UNRESOLVED		!Sample_title = RA98-0735
GSM4830332	UNRESOLVED		!Sample_title = UH1402-38
GSM4830333	ABC	!Sample_title = ABC Samp 1	!Sample_title = ABC Samp 1
GSM4830334	ABC	!Sample_title = ABC Samp 2	!Sample_title = ABC Samp 2
GSM4830335	ABC	!Sample_title = ABC Samp 3	!Sample_title = ABC Samp 3
GSM4830336	ABC	!Sample_title = ABC Samp 4	!Sample_title = ABC Samp 4
GSM4830337	ABC	!Sample_title = ABC Samp 5	!Sample_title = ABC Samp 5
GSM4830338	ABC	!Sample_title = ABC Samp 6	!Sample_title = ABC Samp 6
GSM4830339	ABC	!Sample_title = ABC Samp 7	!Sample_title = ABC Samp 7
GSM4830340	ABC	!Sample_title = ABC Samp 8	!Sample_title = ABC Samp 8
GSM4830341	ABC	!Sample_title = ABC Samp 9	!Sample_title = ABC Samp 9
GSM4830342	ABC	!Sample_title = ABC Samp 10	!Sample_title = ABC Samp 10
GSM4830343	ABC	!Sample_title = ABC Samp 11	!Sample_title = ABC Samp 11
GSM4830344	ABC	!Sample_title = ABC Samp 12	!Sample_title = ABC Samp 12
GSM4830345	ABC	!Sample_title = ABC Samp 13	!Sample_title = ABC Samp 13
GSM4830346	UNRESOLVED		!Sample_title = DLBCL CNTL 1
GSM4830347	UNRESOLVED		!Sample_title = DLBCL CNTL 2
GSM4830348	UNRESOLVED		!Sample_title = DLBCL CNTL 3(b)
GSM4830349	UNRESOLVED		!Sample_title = DLBCL CNTL 4
GSM4830350	UNRESOLVED		!Sample_title = DLBCL CNTL 5
GSM4830351	UNRESOLVED		!Sample_title = DLBCL CNTL 6
GSM4830352	UNRESOLVED		!Sample_title = DLBCL CNTL 7
GSM4830353	UNRESOLVED		!Sample_title = DLBCL CNTL 8
GSM4830354	UNRESOLVED		!Sample_title = DLBCL CNTL 9
GSM4830355	UNRESOLVED		!Sample_title = DLBCL CNTL 10
GSM4830356	UNRESOLVED		!Sample_title = EXT DLBCL CNTL 1
GSM4830357	UNRESOLVED		!Sample_title = EXT DLBCL CNTL 2
GSM4830358	UNRESOLVED		!Sample_title = EXT DLBCL CNTL 3
GSM4830359	UNRESOLVED		!Sample_title = EXT DLBCL CNTL 4
GSM4830360	UNRESOLVED		!Sample_title = EXT DLBCL CNTL 5
GSM4830361	UNRESOLVED		!Sample_title = EXT DLBCL CNTL 6
GSM4830362	UNRESOLVED		!Sample_title = EXT DLBCL CNTL 7
GSM4830363	UNRESOLVED		!Sample_title = EXT DLBCL CNTL 8
GSM4830364	UNRESOLVED		!Sample_title = EXT DLBCL CNTL 9
GSM4830365	UNRESOLVED		!Sample_title = GBC Samp 4
GSM4830366	UNRESOLVED		!Sample_title = GBC Samp 5
GSM4830367	GCB	!Sample_title = GCB samp 1	!Sample_title = GCB samp 1
GSM4830368	GCB	!Sample_title = GCB Samp 3	!Sample_title = GCB Samp 3
GSM4830369	GCB	!Sample_title = GCB Samp 6	!Sample_title = GCB Samp 6
GSM4830370	GCB	!Sample_title = GCB Samp 7	!Sample_title = GCB Samp 7
GSM4830371	GCB	!Sample_title = GCB Samp 8	!Sample_title = GCB Samp 8
GSM4830372	GCB	!Sample_title = GCB Samp 9	!Sample_title = GCB Samp 9
GSM4830373	GCB	!Sample_title = GCB Samp 10	!Sample_title = GCB Samp 10
GSM4830374	GCB	!Sample_title = GCB Samp 11	!Sample_title = GCB Samp 11
GSM4830375	GCB	!Sample_title = GCB Samp 12	!Sample_title = GCB Samp 12
GSM4830376	GCB	!Sample_title = GCB Samp 13	!Sample_title = GCB Samp 13
GSM4830377	GCB	!Sample_title = GCB Samp 14	!Sample_title = GCB Samp 14
GSM4830378	GCB	!Sample_title = GCB Samp 15	!Sample_title = GCB Samp 15
GSM4830379	GCB	!Sample_title = GCB Samp 16	!Sample_title = GCB Samp 16
GSM4830380	GCB	!Sample_title = GCB Samp 17	!Sample_title = GCB Samp 17
GSM4830381	GCB	!Sample_title = GCB Samp 18	!Sample_title = GCB Samp 18
GSM4830382	GCB	!Sample_title = GCB Samp 19	!Sample_title = GCB Samp 19
GSM4830383	GCB	!Sample_title = GCB Samp 20	!Sample_title = GCB Samp 20
GSM4830384	GCB	!Sample_title = GCB Samp 21	!Sample_title = GCB Samp 21
GSM4830385	UNRESOLVED		!Sample_title = Ref DLBCL No1
GSM4830386	UNRESOLVED		!Sample_title = Ref DLBCL No2
GSM4830387	UNRESOLVED		!Sample_title = Unknown Samp 1
GSM4830388	UNRESOLVED		!Sample_title = Unknown Samp 2
GSM4830389	UNRESOLVED		!Sample_title = Unknown Samp 3
GSM4830390	UNRESOLVED		!Sample_title = Unknown Samp 4
GSM4830391	UNRESOLVED		!Sample_title = Unknown Samp 5
GSM4830392	UNRESOLVED		!Sample_title = Unknown Samp 6
