version,n_qubits,dimension,seed,family,g_minus,g_plus,E_abs,prominence,S_group,A_group,C2_group,C_group,n_channels_mean,identity_residual_maxabs,n_groups,n_pairs
v32.22,7,128,25042000,dephasing,0,63,2.0980661030920427,-0.07233851692870197,0.9202306511684861,0.07943874073873342,0.9996693919072196,0.999834682288637,63.0,0.0,64,32
v32.22,7,128,25042000,dephasing,1,62,2.0976398146123945,0.4131252977235888,0.9188132286996122,-0.07781301332722448,0.8410002153723878,0.9170606388742174,63.0,1.1102230246251565e-16,64,32
v32.22,7,128,25042000,dephasing,2,61,2.0971667283216426,0.2884246312137305,0.8665223959091476,0.09307490522540263,0.9595973011345502,0.9795903741536818,63.0,0.0,64,32
v32.22,7,128,25042000,dephasing,3,60,2.0969376644350497,-0.03423923012499319,0.8676722148285545,-0.09748604424660634,0.7701861705819482,0.8776025128621432,63.0,0.0,64,32
v32.22,7,128,25042000,dephasing,4,59,2.0381137162440677,0.0714436988184558,0.6887752599548818,0.27713001103486123,0.965905270989743,0.9828047980091179,63.0,0.0,64,32
v32.22,7,128,25042000,dephasing,5,58,2.0379642265731976,-0.14681096276119182,0.7012764035302217,-0.23803115198300076,0.46324525154722096,0.6806212247257801,63.0,5.551115123125783e-17,64,32
v32.22,7,128,25042000,dephasing,6,57,2.0366296135815745,0.2748198296629076,0.8089938496060375,0.07220614165849643,0.8811999912645339,0.938722531563259,63.0,0.0,64,32
v32.22,7,128,25042000,dephasing,7,56,2.0363504080632153,-0.036327066087050885,0.8184636460397731,-0.07937231681599625,0.7390913292237768,0.8597042103094394,63.0,1.1102230246251565e-16,64,32
v32.22,7,128,25042000,dephasing,8,55,1.8565574598257302,-0.032638360782476894,0.7405274232533097,0.11141617269320132,0.8519435959465109,0.923007906762727,63.0,0.0,64,32
v32.22,7,128,25042000,dephasing,9,54,1.8552180676020753,0.3011705214936425,0.8049322111250723,-0.11175224494383629,0.693179966181236,0.8325743006970825,63.0,0.0,64,32
v32.22,7,128,25042000,dephasing,10,53,1.8536427808345262,-0.07536110828154863,0.8980120908621826,0.011068426576860912,0.9090805174390435,0.9534571398018075,63.0,0.0,64,32
v32.22,7,128,25042000,dephasing,11,52,1.8536402694348955,0.030170095285613485,0.8611152823622781,0.016809575217534744,0.8779248575798129,0.9369764445170501,63.0,0.0,64,32
v32.22,7,128,25042000,dephasing,12,51,1.7422616306906118,0.06416934439191752,0.8420036009391054,0.11433654156195963,0.9563401425010651,0.9779264504557923,63.0,1.1102230246251565e-16,64,32
v32.22,7,128,25042000,dephasing,13,50,1.7411228540011197,0.22897554487843985,0.8720158756163036,-0.043239542369929634,0.8287763332463739,0.910371535828298,63.0,1.1102230246251565e-16,64,32
v32.22,7,128,25042000,dephasing,14,49,1.7400676354555347,0.08072035787174914,0.8939197964977361,-0.055870040741558866,0.8380497557561772,0.9154505752667247,63.0,1.1102230246251565e-16,64,32
v32.22,7,128,25042000,dephasing,15,48,1.7399330414130698,0.015332818970536288,0.9167707841391874,-0.003380429235541941,0.9133903549036456,0.955714578157959,63.0,1.1102230246251565e-16,64,32
v32.22,7,128,25042000,dephasing,16,47,1.187003999726917,-0.02143080837038136,0.8661854159905917,0.09458749947749526,0.960772915468087,0.9801902445281155,63.0,0.0,64,32
v32.22,7,128,25042000,dephasing,17,46,1.1863384354628868,-0.011115375788270265,0.8429789572677343,-0.07935099515963477,0.7636279621080996,0.8738580903717146,63.0,1.1102230246251565e-16,64,32
v32.22,7,128,25042000,dephasing,18,45,1.1859999699190285,0.3479348228634852,0.8512632741725417,-0.10802081746066611,0.7432424567118756,0.8621151064166985,63.0,0.0,64,32
v32.22,7,128,25042000,dephasing,19,44,1.1844231536594192,-0.09451496159000128,0.8261640202019416,0.09626591811658473,0.9224299383185264,0.9604321622678649,63.0,1.1102230246251565e-16,64,32
v32.22,7,128,25042000,dephasing,20,43,1.0264210895801482,-0.07805247951891625,0.8328067668389236,0.15031914293547582,0.9831259097743994,0.9915270595270709,63.0,1.1102230246251565e-16,64,32
v32.22,7,128,25042000,dephasing,21,42,1.0259437245221597,0.4440302127394451,0.7961336213000467,-0.1168913077079743,0.6792423135920724,0.8241615822107169,63.0,1.1102230246251565e-16,64,32
v32.22,7,128,25042000,dephasing,22,41,1.0253020854033252,0.30465438863327465,0.82362465097997,-0.15424889231860975,0.6693757586613602,0.818153872240033,63.0,1.1102230246251565e-16,64,32
v32.22,7,128,25042000,dephasing,23,40,1.0237811204480316,-0.1720708010214887,0.7853901716935648,0.12147481923464926,0.9068649909282142,0.9522945925123245,63.0,0.0,64,32
v32.22,7,128,25042000,dephasing,24,39,0.8165379469680274,0.016709945197154907,0.8981237766562242,0.05580981969361536,0.9539335963498395,0.9766952423094113,63.0,0.0,64,32
v32.22,7,128,25042000,dephasing,25,38,0.8154220945917409,0.31733242800253014,0.8797452602479638,-0.07590269134086537,0.8038425689070985,0.8965726790991897,63.0,0.0,64,32
v32.22,7,128,25042000,dephasing,26,37,0.8142369874516016,0.21718696982211955,0.8880165157512474,-0.05636080842260837,0.831655707328639,0.9119515926454863,63.0,0.0,64,32
v32.22,7,128,25042000,dephasing,27,36,0.8135878456465597,-0.027010824586823967,0.8671537030585937,0.07801103486933669,0.9451647379279304,0.972195833115906,63.0,0.0,64,32
v32.22,7,128,25042000,dephasing,28,35,0.7078165636373035,-0.040960122699644275,0.9335402242624,0.025616021546664695,0.9591562458090647,0.9793652259545795,63.0,0.0,64,32
v32.22,7,128,25042000,dephasing,29,34,0.7077989386742052,0.027048988924784356,0.9340682004694862,0.02309629489680942,0.9571644953662958,0.9783478396594413,63.0,1.1102230246251565e-16,64,32
v32.22,7,128,25042000,dephasing,30,33,0.7070209773868784,0.11693035455293671,0.9192555719303002,-0.03367576240923239,0.8855798095210677,0.9410525009376829,63.0,1.1102230246251565e-16,64,32
v32.22,7,128,25042000,dephasing,31,32,0.706423268832712,-0.06357457706909825,0.9190574083751442,-0.005060853230427427,0.9139965551447167,0.9560316705761984,63.0,0.0,64,32
v32.22,7,128,25042000,transverse,0,63,2.0980661030920427,-0.07233851692870197,0.8929266142999672,0.10599748581690478,0.998924100116872,0.999461905285475,63.0,0.0,64,32
v32.22,7,128,25042000,transverse,1,62,2.0976398146123945,0.4131252977235888,0.6475154605384948,0.35235018625121517,0.99986564678971,0.9999328211217988,63.0,0.0,64,32
v32.22,7,128,25042000,transverse,2,61,2.0971667283216426,0.2884246312137305,0.8594779748451362,-0.1050624544560402,0.754415520389096,0.8685709608609833,63.0,1.1102230246251565e-16,64,32
v32.22,7,128,25042000,transverse,3,60,2.0969376644350497,-0.03423923012499319,0.7055933696414441,0.1459191882592983,0.8515125579007424,0.9227743796051143,63.0,1.1102230246251565e-16,64,32
v32.22,7,128,25042000,transverse,4,59,2.0381137162440677,0.0714436988184558,0.8754549572008231,0.007137531932186001,0.8825924891330091,0.9394639371105121,63.0,0.0,64,32
v32.22,7,128,25042000,transverse,5,58,2.0379642265731976,-0.14681096276119182,0.6514366674956249,0.28986517071469586,0.9413018382103208,0.9702071109826156,63.0,1.1102230246251565e-16,64,32
v32.22,7,128,25042000,transverse,6,57,2.0366296135815745,0.2748198296629076,0.8946106977957764,0.005640111305202982,0.9002508091009795,0.9488154765326768,63.0,1.1102230246251565e-16,64,32
v32.22,7,128,25042000,transverse,7,56,2.0363504080632153,-0.036327066087050885,0.6131984773269478,0.2923486659233242,0.905547143250272,0.9516024080784293,63.0,1.1102230246251565e-16,64,32
v32.22,7,128,25042000,transverse,8,55,1.8565574598257302,-0.032638360782476894,0.9144920251742312,0.011668481797218844,0.92616050697145,0.9623723081288987,63.0,0.0,64,32
v32.22,7,128,25042000,transverse,9,54,1.8552180676020753,0.3011705214936425,0.9391947076500895,0.005830041339986726,0.9450247489900763,0.9721238223116265,63.0,0.0,64,32
v32.22,7,128,25042000,transverse,10,53,1.8536427808345262,-0.07536110828154863,0.916745992690578,-0.011595770391841023,0.905150222298737,0.95139381935503,63.0,0.0,64,32
v32.22,7,128,25042000,transverse,11,52,1.8536402694348955,0.030170095285613485,0.9397495938198996,-0.008230376018823106,0.9315192178010766,0.9651524263084609,63.0,0.0,64,32
v32.22,7,128,25042000,transverse,12,51,1.7422616306906118,0.06416934439191752,0.8846366589476191,0.0017540703747352233,0.8863907293223544,0.941483250424627,63.0,0.0,64,32
v32.22,7,128,25042000,transverse,13,50,1.7411228540011197,0.22897554487843985,0.9145784442430618,-0.061449558963438504,0.8531288852796233,0.9236497580319317,63.0,0.0,64,32
v32.22,7,128,25042000,transverse,14,49,1.7400676354555347,0.08072035787174914,0.9412028477690746,0.025684545800868416,0.9668873935699431,0.9833043177877527,63.0,0.0,64,32
v32.22,7,128,25042000,transverse,15,48,1.7399330414130698,0.015332818970536288,0.9190480307071349,0.049275194426372335,0.9683232251335072,0.984034146480652,63.0,0.0,64,32
v32.22,7,128,25042000,transverse,16,47,1.187003999726917,-0.02143080837038136,0.6609680841894571,0.22866122443086612,0.8896293086203233,0.9432016248546838,63.0,1.1102230246251565e-16,64,32
v32.22,7,128,25042000,transverse,17,46,1.1863384354628868,-0.011115375788270265,0.6343357086418043,-0.1255578125617616,0.5087778960800428,0.7132865813436431,63.0,0.0,64,32
v32.22,7,128,25042000,transverse,18,45,1.1859999699190285,0.3479348228634852,0.6622445396508003,-0.19831585684886505,0.46392868280193533,0.681119358740498,63.0,5.551115123125783e-17,64,32
v32.22,7,128,25042000,transverse,19,44,1.1844231536594192,-0.09451496159000128,0.6883005401830834,0.07931446451328104,0.7676150046963645,0.8761332881723363,63.0,0.0,64,32
v32.22,7,128,25042000,transverse,20,43,1.0264210895801482,-0.07805247951891625,0.7272776087221853,0.14844868988551357,0.8757262986076988,0.9358023811017425,63.0,1.1102230246251565e-16,64,32
v32.22,7,128,25042000,transverse,21,42,1.0259437245221597,0.4440302127394451,0.7834864767751415,-0.1322845517977299,0.6512019249774117,0.8069707096160754,63.0,0.0,64,32
v32.22,7,128,25042000,transverse,22,41,1.0253020854033252,0.30465438863327465,0.8820855673259655,-0.017487092714204337,0.8645984746117612,0.9298354861117016,63.0,0.0,64,32
v32.22,7,128,25042000,transverse,23,40,1.0237811204480316,-0.1720708010214887,0.8463531445210203,0.03380883635986716,0.8801619808808875,0.9381651684231602,63.0,1.1102230246251565e-16,64,32
v32.22,7,128,25042000,transverse,24,39,0.8165379469680274,0.016709945197154907,0.9387126284169874,0.02664018896877147,0.9653528173857588,0.9825234874629297,63.0,0.0,64,32
v32.22,7,128,25042000,transverse,25,38,0.8154220945917409,0.31733242800253014,0.8666058110624513,0.11336268428923793,0.9799684953516892,0.9899334998942986,63.0,0.0,64,32
v32.22,7,128,25042000,transverse,26,37,0.8142369874516016,0.21718696982211955,0.9609881939281957,-0.003923882007619435,0.9570643119205764,0.97829663180719,63.0,1.1102230246251565e-16,64,32
v32.22,7,128,25042000,transverse,27,36,0.8135878456465597,-0.027010824586823967,0.8043184637275638,0.13943156695635983,0.9437500306839237,0.9714679720743515,63.0,0.0,64,32
v32.22,7,128,25042000,transverse,28,35,0.7078165636373035,-0.040960122699644275,0.9341359311660942,-0.02948861397247493,0.9046473171936193,0.9511294486786515,63.0,0.0,64,32
v32.22,7,128,25042000,transverse,29,34,0.7077989386742052,0.027048988924784356,0.9329814688419524,-0.041452908847516706,0.8915285599944357,0.9442078508301419,63.0,0.0,64,32
v32.22,7,128,25042000,transverse,30,33,0.7070209773868784,0.11693035455293671,0.931349887347839,0.0357845534880169,0.9671344408358558,0.9834299078699775,63.0,0.0,64,32
v32.22,7,128,25042000,transverse,31,32,0.706423268832712,-0.06357457706909825,0.9324291905698363,0.041395263437049204,0.9738244540068856,0.9868254140268742,63.0,0.0,64,32
v32.22,7,128,25042001,dephasing,0,31,3.6782806385458073,0.11550495964166158,0.3062387681151949,0.5545349882040433,0.8607737563192381,0.9277789372039216,31.0,1.1102230246251565e-16,32,16
v32.22,7,128,25042001,dephasing,1,30,3.499096127772208,-0.26268413312014177,0.28352535516779265,-0.26222725108097167,0.02129810408682102,0.1459386997571961,31.0,2.7755575615628914e-17,32,16
v32.22,7,128,25042001,dephasing,2,29,3.1799862658526488,0.0030063598249557844,0.1592852094476624,0.43387530124505885,0.5931605106927212,0.7701691442097127,31.0,0.0,32,16
v32.22,7,128,25042001,dephasing,3,28,2.8889925306486415,-0.0059561363886124485,0.144591106436472,0.0301371962025384,0.1747283026390104,0.41800514666569644,31.0,0.0,32,16
v32.22,7,128,25042001,dephasing,4,27,2.545195295042845,0.054551324525722644,0.5148013898452042,0.17920567053233777,0.6940070603775419,0.8330708615583322,31.0,0.0,32,16
v32.22,7,128,25042001,dephasing,5,26,2.4057483403157898,-0.11581005569812569,0.41513231667964995,-0.19831298842026723,0.2168193282593827,0.4656386241060579,31.0,2.7755575615628914e-17,32,16
v32.22,7,128,25042001,dephasing,6,25,2.372663945713441,0.23024176755824804,0.510044215867146,-0.045677821949026906,0.46436639391811907,0.6814443439622337,31.0,5.551115123125783e-17,32,16
v32.22,7,128,25042001,dephasing,7,24,2.275073926389859,0.0884467930118206,0.5735371747202116,-0.04177894353728781,0.5317582311829239,0.7292175472264253,31.0,0.0,32,16
v32.22,7,128,25042001,dephasing,8,23,1.5804666365618336,-0.09514458028862596,0.2052187051725422,0.052216244656639224,0.2574349498291814,0.5073804783682374,31.0,5.551115123125783e-17,32,16
v32.22,7,128,25042001,dephasing,9,22,1.4363300874810376,0.13096376075491828,0.21975973786139352,-0.08380707936900886,0.13595265849238464,0.3687175863616823,31.0,2.7755575615628914e-17,32,16
v32.22,7,128,25042001,dephasing,10,21,1.0040982108669263,0.04413250919610964,0.09293147822585786,0.14166410927758627,0.23459558750344411,0.48435068649011337,31.0,2.7755575615628914e-17,32,16
v32.22,7,128,25042001,dephasing,11,20,0.6851683344712558,0.17092694594947655,0.10877823735912576,0.02429896353741099,0.13307720089653674,0.36479747929027245,31.0,2.7755575615628914e-17,32,16
v32.22,7,128,25042001,dephasing,12,19,0.44893372912591056,-0.07464119101635834,0.14624263315786257,0.0838861119879769,0.23012874514583942,0.4797173596461144,31.0,2.7755575615628914e-17,32,16
v32.22,7,128,25042001,dephasing,13,18,0.3450868410947083,-0.13880989001039767,0.116361535444345,-0.09766686833793192,0.018694667106413085,0.1367284429312829,31.0,6.938893903907228e-18,32,16
v32.22,7,128,25042001,dephasing,14,17,0.2987586874263509,0.03468755080582302,0.11621606691280499,-0.04408604016388688,0.07213002674891811,0.26857033855010515,31.0,1.3877787807814457e-17,32,16
v32.22,7,128,25042001,dephasing,15,16,0.12769703761434129,0.06130987820170912,0.16170683143757691,-0.025160143698588145,0.13654668773898876,0.36952224254973987,31.0,0.0,32,16
v32.22,7,128,25042001,transverse,0,31,3.6782806385458073,0.11550495964166158,0.0720874686516936,0.6670404695743897,0.7391279382260831,0.8597255016725298,31.0,0.0,32,16
v32.22,7,128,25042001,transverse,1,30,3.499096127772208,-0.26268413312014177,0.08962887120204494,0.6305096739000964,0.7201385451021413,0.8486097719812925,31.0,0.0,32,16
v32.22,7,128,25042001,transverse,2,29,3.1799862658526488,0.0030063598249557844,0.0760578921054566,0.21554359863573797,0.29160149074119457,0.5400013803141568,31.0,5.551115123125783e-17,32,16
v32.22,7,128,25042001,transverse,3,28,2.8889925306486415,-0.0059561363886124485,0.08928973928708281,0.37770571166641154,0.4669954509534944,0.6833706541500699,31.0,5.551115123125783e-17,32,16
v32.22,7,128,25042001,transverse,4,27,2.545195295042845,0.054551324525722644,0.20658181290353372,0.0870883797895417,0.2936701926930754,0.5419134549843503,31.0,0.0,32,16
v32.22,7,128,25042001,transverse,5,26,2.4057483403157898,-0.11581005569812569,0.5685220831337864,0.06711070580492288,0.6356327889387092,0.7972658207515918,31.0,0.0,32,16
v32.22,7,128,25042001,transverse,6,25,2.372663945713441,0.23024176755824804,0.5252398570342014,0.05987224009183875,0.5851120971260402,0.7649262037125151,31.0,1.1102230246251565e-16,32,16
v32.22,7,128,25042001,transverse,7,24,2.275073926389859,0.0884467930118206,0.18200779973158834,0.07398830039475772,0.25599610012634605,0.5059605717112214,31.0,0.0,32,16
v32.22,7,128,25042001,transverse,8,23,1.5804666365618336,-0.09514458028862596,0.07369502282412012,-0.015403919266705795,0.05829110355741432,0.24143550599987218,31.0,0.0,32,16
v32.22,7,128,25042001,transverse,9,22,1.4363300874810376,0.13096376075491828,0.07628748999747773,-0.025194891694719154,0.05109259830275856,0.2260367189258386,31.0,0.0,32,16
v32.22,7,128,25042001,transverse,10,21,1.0040982108669263,0.04413250919610964,0.07562343134854901,-0.013524935012563839,0.06209849633598517,0.24919569887135928,31.0,0.0,32,16
v32.22,7,128,25042001,transverse,11,20,0.6851683344712558,0.17092694594947655,0.08869619264328785,0.07311294207903218,0.16180913472232003,0.40225506177339776,31.0,0.0,32,16
v32.22,7,128,25042001,transverse,12,19,0.44893372912591056,-0.07464119101635834,0.0860799418571051,-0.019969298790942433,0.06611064306616266,0.2571199001753125,31.0,1.3877787807814457e-17,32,16
v32.22,7,128,25042001,transverse,13,18,0.3450868410947083,-0.13880989001039767,0.09687477225769678,-0.0430185457225738,0.05385622653512298,0.23206944334643237,31.0,6.938893903907228e-18,32,16
v32.22,7,128,25042001,transverse,14,17,0.2987586874263509,0.03468755080582302,0.09587575514111571,-0.00022437715138240216,0.0956513779897333,0.30927556966196557,31.0,1.3877787807814457e-17,32,16
v32.22,7,128,25042001,transverse,15,16,0.12769703761434129,0.06130987820170912,0.06833885589829838,-0.03601926025411979,0.03231959564417859,0.17977651583056833,31.0,0.0,32,16
v32.22,7,128,25042002,dephasing,0,31,3.0342922091641844,-0.12768098079322632,0.09267684859054875,0.8040126093573217,0.8966894579478704,0.9469368817127519,31.0,0.0,32,16
v32.22,7,128,25042002,dephasing,1,30,2.840230556704221,0.23828597645591604,0.10426533259372534,0.7937645149319705,0.8980298475256959,0.9476443676431026,31.0,0.0,32,16
v32.22,7,128,25042002,dephasing,2,29,2.7577206645434806,0.24871376116799138,0.22033840473993155,0.5700524878475374,0.790390892587469,0.8890393087976869,31.0,0.0,32,16
v32.22,7,128,25042002,dephasing,3,28,2.587108864846369,0.37154564385518557,0.15355469872982377,0.6739887952475256,0.8275434939773494,0.9096941760709196,31.0,1.1102230246251565e-16,32,16
v32.22,7,128,25042002,dephasing,4,27,2.4708632790637015,-0.10464754400134674,0.15108310836016875,-0.08239152681806318,0.06869158154210556,0.2620907887395235,31.0,0.0,32,16
v32.22,7,128,25042002,dephasing,5,26,2.1947173479088753,-0.08190179034462296,0.12408277686489338,-0.054081570501381446,0.07000120636351194,0.2645774109093819,31.0,0.0,32,16
v32.22,7,128,25042002,dephasing,6,25,2.075782947170281,0.013321784467145006,0.0966249362874728,-0.020611532527229977,0.07601340376024282,0.2757052842443228,31.0,1.3877787807814457e-17,32,16
v32.22,7,128,25042002,dephasing,7,24,1.8859163417272264,0.2148101310084947,0.11757830180414064,0.0718616927224766,0.18943999452661725,0.4352470499918607,31.0,0.0,32,16
v32.22,7,128,25042002,dephasing,8,23,1.728937641909826,-0.22877316154208122,0.10340087960695601,-0.10193018608488948,0.0014706935220665375,0.038349622189358494,31.0,3.686287386450715e-18,32,16
v32.22,7,128,25042002,dephasing,9,22,1.6199411521954947,0.12477551831266018,0.12954629142856805,-0.06384320297553,0.06570308845303804,0.2563261368901698,31.0,0.0,32,16
v32.22,7,128,25042002,dephasing,10,21,1.3953701575939048,-0.32579007864722664,0.07453947382458445,-0.03311083959074314,0.04142863423384131,0.20354025212188698,31.0,6.938893903907228e-18,32,16
v32.22,7,128,25042002,dephasing,11,20,1.3607234449890906,-0.16403476614260779,0.1636460444901414,-0.15271672163303276,0.01092932285710863,0.10454340178657202,31.0,1.9081958235744878e-17,32,16
v32.22,7,128,25042002,dephasing,12,19,1.2178009652118447,-0.036401914514941416,0.19144205669467973,-0.16042043848784204,0.03102161820683769,0.17612954949933213,31.0,1.0408340855860843e-17,32,16
v32.22,7,128,25042002,dephasing,13,18,1.0930694050222003,0.07688015152563227,0.22026864336193597,-0.18209111264978262,0.03817753071215334,0.19539071296290758,31.0,6.938893903907228e-18,32,16
v32.22,7,128,25042002,dephasing,14,17,0.9468343300329315,0.15004239975280698,0.21583502963363407,0.12805992218392354,0.34389495181755764,0.5864255722745706,31.0,5.551115123125783e-17,32,16
v32.22,7,128,25042002,dephasing,15,16,0.5759517099162059,0.05414637232281272,0.0750818321565185,-0.013299815631332392,0.061782016525186105,0.2485598851890347,31.0,6.938893903907228e-18,32,16
v32.22,7,128,25042002,transverse,0,31,3.0342922091641844,-0.12768098079322632,0.13466733629967204,0.7193280118113966,0.8539953481110687,0.924118210353329,31.0,1.1102230246251565e-16,32,16
v32.22,7,128,25042002,transverse,1,30,2.840230556704221,0.23828597645591604,0.10666758216202747,0.7707780184552292,0.8774456006172567,0.9367205472840098,31.0,1.1102230246251565e-16,32,16
v32.22,7,128,25042002,transverse,2,29,2.7577206645434806,0.24871376116799138,0.16839801799507415,0.2747497635354853,0.44314778153055945,0.6656925432015314,31.0,5.551115123125783e-17,32,16
v32.22,7,128,25042002,transverse,3,28,2.587108864846369,0.37154564385518557,0.13098348138829147,0.44704874471414385,0.5780322261024353,0.7602840986077801,31.0,0.0,32,16
v32.22,7,128,25042002,transverse,4,27,2.4708632790637015,-0.10464754400134674,0.15210871478962504,0.2217711794837141,0.3738798942733391,0.6114571644680302,31.0,5.551115123125783e-17,32,16
v32.22,7,128,25042002,transverse,5,26,2.1947173479088753,-0.08190179034462296,0.12864560029786432,0.24054013610738828,0.36918573640525265,0.6076061020335655,31.0,0.0,32,16
v32.22,7,128,25042002,transverse,6,25,2.075782947170281,0.013321784467145006,0.2981448807111665,0.08395867640103208,0.38210355711219857,0.6181445935172548,31.0,0.0,32,16
v32.22,7,128,25042002,transverse,7,24,1.8859163417272264,0.2148101310084947,0.1699351531798413,0.1362398439262284,0.30617499710606966,0.5533305932004327,31.0,5.551115123125783e-17,32,16
v32.22,7,128,25042002,transverse,8,23,1.728937641909826,-0.22877316154208122,0.1363652913884137,-0.13467983585747,0.0016854555309436755,0.04056605367635181,31.0,1.8648277366750676e-17,32,16
v32.22,7,128,25042002,transverse,9,22,1.6199411521954947,0.12477551831266018,0.2928567078276826,-0.1687292075083417,0.12412750031934089,0.3522827311917677,31.0,1.3877787807814457e-17,32,16
v32.22,7,128,25042002,transverse,10,21,1.3953701575939048,-0.32579007864722664,0.11738461246673662,-0.10911710874953752,0.008267503717199106,0.0909164776049744,31.0,5.204170427930421e-18,32,16
v32.22,7,128,25042002,transverse,11,20,1.3607234449890906,-0.16403476614260779,0.14279590839476408,0.1001447052607476,0.24294061365551167,0.49288891846962335,31.0,0.0,32,16
v32.22,7,128,25042002,transverse,12,19,1.2178009652118447,-0.036401914514941416,0.19612151925973992,-0.17874623573685902,0.017375283522880904,0.13178285087951835,31.0,1.734723475976807e-17,32,16
v32.22,7,128,25042002,transverse,13,18,1.0930694050222003,0.07688015152563227,0.12554854690565398,0.019506962069209634,0.1450555089748636,0.3808610543980547,31.0,0.0,32,16
v32.22,7,128,25042002,transverse,14,17,0.9468343300329315,0.15004239975280698,0.1638191993485494,-0.0076185698750336935,0.15620062947351573,0.3952219365120795,31.0,2.7755575615628914e-17,32,16
v32.22,7,128,25042002,transverse,15,16,0.5759517099162059,0.05414637232281272,0.145767008105548,-0.045697899513368764,0.10006910859217924,0.31633504562490344,31.0,0.0,32,16
v32.22,7,128,25042003,dephasing,0,63,4.4249515290480534,0.13703200692084738,0.10878619127300457,0.8000416043053047,0.9088277955783092,0.9533185075641737,63.0,0.0,64,32
v32.22,7,128,25042003,dephasing,1,62,4.002000674289045,-0.030099238624467964,0.38771895789555133,0.20491626872820023,0.5926352266237516,0.7698273315343247,63.0,0.0,64,32
v32.22,7,128,25042003,dephasing,2,61,3.977969196346131,0.41880679565246426,0.05479006585798413,0.6608879934624041,0.7156780593203883,0.8459368527944309,63.0,1.1102230246251565e-16,64,32
v32.22,7,128,25042003,dephasing,3,60,3.8716161382782386,-0.8023745113005102,0.44298718946601673,0.3136901647646711,0.7566773542306878,0.8698695960655045,63.0,1.1102230246251565e-16,64,32
v32.22,7,128,25042003,dephasing,4,59,3.8709838313377163,-0.34792618811549003,0.2949141426247375,0.0030742472106866274,0.2979883898354241,0.54588197036574,63.0,0.0,64,32
v32.22,7,128,25042003,dephasing,5,58,3.536084328503113,0.36358441981056094,0.08373485360521127,0.6023774586862026,0.6861123122914139,0.8283120253786456,63.0,1.1102230246251565e-16,64,32
v32.22,7,128,25042003,dephasing,6,57,3.4455789535710237,0.05415920671241921,0.08352702399736031,0.4744568568238956,0.5579838808212559,0.7469808620640186,63.0,0.0,64,32
v32.22,7,128,25042003,dephasing,7,56,3.1398920298126316,-0.09133670365096788,0.05343203652290236,0.40434760459266994,0.45777964111557234,0.6761084750767277,63.0,0.0,64,32
v32.22,7,128,25042003,dephasing,8,55,2.9967355632436177,-0.08575542794812457,0.09022457302950326,-0.05225627958519434,0.03796829344430891,0.19257612611015784,63.0,3.469446951953614e-18,64,32
v32.22,7,128,25042003,dephasing,9,54,2.9042941595546066,0.06423778684800241,0.07396059224900714,0.2602281785284842,0.3341887707774913,0.5780840724647811,63.0,5.551115123125783e-17,64,32
v32.22,7,128,25042003,dephasing,10,53,2.7196516723763904,0.0070083506259863634,0.15704026742771926,0.2908606391165651,0.44790090654428444,0.6692496534762105,63.0,0.0,64,32
v32.22,7,128,25042003,dephasing,11,52,2.652610559240667,0.09630832836558467,0.04984462989318862,0.03105137212511363,0.08089600201830224,0.2841624301364805,63.0,0.0,64,32
v32.22,7,128,25042003,dephasing,12,51,2.4685998835920127,-0.12230585494381532,0.1331401713942571,-0.11339287070071792,0.019747300693539183,0.1402197029892369,63.0,1.0408340855860843e-17,64,32
v32.22,7,128,25042003,dephasing,13,50,2.3792946027420214,0.33787476721533616,0.14340535813454813,0.20733294875773794,0.3507383068922861,0.5919550371302087,63.0,0.0,64,32
v32.22,7,128,25042003,dephasing,14,49,2.3201975415477616,0.05076597036873293,0.08069522955369846,-0.032132801254338456,0.04856242829935999,0.22031652205343577,63.0,6.938893903907228e-18,64,32
v32.22,7,128,25042003,dephasing,15,48,2.2521386397000382,0.04747702662568776,0.13317835427126967,-0.10202019803199619,0.031158156239273472,0.16934542271170322,63.0,5.204170427930421e-18,64,32
v32.22,7,128,25042003,dephasing,16,47,2.0516709312799097,-0.06764185845583007,0.0738472721857059,-0.06941232659995752,0.004434945585748373,0.06521707945963928,63.0,6.938893903907228e-18,64,32
v32.22,7,128,25042003,dephasing,17,46,1.9566474160812481,-0.19664042455576103,0.18481214860991252,0.09327387391022582,0.27808602252013837,0.5273280548161654,63.0,5.551115123125783e-17,64,32
v32.22,7,128,25042003,dephasing,18,45,1.9376157113604864,-0.14683997003559643,0.1609309982807211,-0.032953518775157925,0.12797747950556318,0.35773906908004854,63.0,2.7755575615628914e-17,64,32
v32.22,7,128,25042003,dephasing,19,44,1.6656301253115415,-0.04985252776185927,0.06935994411672451,-0.029958631781719428,0.03940131233500508,0.19841654820069193,63.0,6.938893903907228e-18,64,32
v32.22,7,128,25042003,dephasing,20,43,1.3960326863279788,0.19735346148331412,0.3386399311399997,0.17624046429181872,0.5148803954318184,0.7175495093887145,63.0,1.1102230246251565e-16,64,32
v32.22,7,128,25042003,dephasing,21,42,1.3643134393159164,0.10320240818424255,0.33460439353337823,-0.044029782895873296,0.29057461063750495,0.5390434191319216,63.0,5.551115123125783e-17,64,32
v32.22,7,128,25042003,dephasing,22,41,1.2430832099517413,0.12032407089727583,0.10313186204477709,0.02652511894192716,0.12965698098670425,0.3600788185148953,63.0,0.0,64,32
v32.22,7,128,25042003,dephasing,23,40,1.1689134422040246,0.06800626356918453,0.11021135675882784,-0.053393116465585796,0.05681824029324206,0.23819619517427593,63.0,6.938893903907228e-18,64,32
v32.22,7,128,25042003,dephasing,24,39,1.0261381186520777,0.08355948519398888,0.24324839965410994,0.09393733534480636,0.3371857349989163,0.5806004331515802,63.0,0.0,64,32
v32.22,7,128,25042003,dephasing,25,38,1.0033075031037657,-0.17354629276050793,0.2741788989939542,-0.11640485108845847,0.15777404790549576,0.39667134237228246,63.0,0.0,64,32
v32.22,7,128,25042003,dephasing,26,37,0.7762042147615027,0.30216827084491743,0.25506434347760004,0.13297194251948052,0.38803628599708057,0.6228872876801541,63.0,5.551115123125783e-17,64,32
v32.22,7,128,25042003,dephasing,27,36,0.7060663136526939,-0.2381030200676894,0.28017207328438554,-0.17101592355403392,0.1091561497303516,0.33038787681445525,63.0,1.3877787807814457e-17,64,32
v32.22,7,128,25042003,dephasing,28,35,0.6797011326124694,-0.10806933542916548,0.28564940404151923,-0.10297847615578049,0.18267092788573874,0.42739675691313667,63.0,2.7755575615628914e-17,64,32
v32.22,7,128,25042003,dephasing,29,34,0.6206180054396364,-0.05398798141100254,0.33854097703293473,0.4339460834105996,0.7724870604435343,0.8789124300669919,63.0,0.0,64,32
v32.22,7,128,25042003,dephasing,30,33,0.21099732697634524,0.06065588059662391,0.050056212858107255,-0.023070184659395775,0.026986028198711487,0.16420053096632808,63.0,3.469446951953614e-18,64,32
v32.22,7,128,25042003,dephasing,31,32,0.06566798294493649,0.1772065057201027,0.04834239188727858,-0.0007599692196742035,0.04758242266760438,0.2180029303842293,63.0,0.0,64,32
v32.22,7,128,25042003,transverse,0,63,4.4249515290480534,0.13703200692084738,0.1589676871244855,0.7335739513104624,0.892541638434948,0.9447442185242247,63.0,1.1102230246251565e-16,64,32
v32.22,7,128,25042003,transverse,1,62,4.002000674289045,-0.030099238624467964,0.6282636468880706,0.3383722823934687,0.9666359292815393,0.9831764487016251,63.0,0.0,64,32
v32.22,7,128,25042003,transverse,2,61,3.977969196346131,0.41880679565246426,0.6557804868783825,-0.14714542178459142,0.5086350650937912,0.7131865570058027,63.0,0.0,64,32
v32.22,7,128,25042003,transverse,3,60,3.8716161382782386,-0.8023745113005102,0.11830444892208465,-0.11279841129803464,0.005506037624050012,0.07420267935896932,63.0,6.071532165918825e-18,64,32
v32.22,7,128,25042003,transverse,4,59,3.8709838313377163,-0.34792618811549003,0.1550031336553483,0.12679371338499965,0.2817968470403479,0.5308454078546294,63.0,0.0,64,32
v32.22,7,128,25042003,transverse,5,58,3.536084328503113,0.36358441981056094,0.17854028906003258,0.2630658575247642,0.44160614658479674,0.6645345337789428,63.0,0.0,64,32
v32.22,7,128,25042003,transverse,6,57,3.4455789535710237,0.05415920671241921,0.1434734401253992,-0.10807795960524849,0.03539548052015071,0.18813686645671207,63.0,1.3877787807814457e-17,64,32
v32.22,7,128,25042003,transverse,7,56,3.1398920298126316,-0.09133670365096788,0.24372584551785703,-0.13630882151232174,0.1074170240055353,0.32774536458283476,63.0,2.7755575615628914e-17,64,32
v32.22,7,128,25042003,transverse,8,55,2.9967355632436177,-0.08575542794812457,0.2755569825901055,-0.14318824606574576,0.1323687365243598,0.36382514553609374,63.0,2.7755575615628914e-17,64,32
v32.22,7,128,25042003,transverse,9,54,2.9042941595546066,0.06423778684800241,0.04365183107994887,0.017020862154170896,0.060672693234119765,0.24631827628927533,63.0,6.938893903907228e-18,64,32
v32.22,7,128,25042003,transverse,10,53,2.7196516723763904,0.0070083506259863634,0.06888349939718211,0.0429087338486374,0.1117922332458195,0.33435345556135576,63.0,1.3877787807814457e-17,64,32
v32.22,7,128,25042003,transverse,11,52,2.652610559240667,0.09630832836558467,0.06855374498192315,-0.029598926865813106,0.03895481811611004,0.19736974974932212,63.0,6.938893903907228e-18,64,32
v32.22,7,128,25042003,transverse,12,51,2.4685998835920127,-0.12230585494381532,0.05936972330138428,0.26786765910475396,0.3272373824061382,0.5720466610392356,63.0,5.551115123125783e-17,64,32
v32.22,7,128,25042003,transverse,13,50,2.3792946027420214,0.33787476721533616,0.07313057405645296,0.11488648201829088,0.18801705607474384,0.43360933577904415,63.0,2.7755575615628914e-17,64,32
v32.22,7,128,25042003,transverse,14,49,2.3201975415477616,0.05076597036873293,0.10675778116900314,-0.08474179663305585,0.022015984535947282,0.1483778438175568,63.0,0.0,64,32
v32.22,7,128,25042003,transverse,15,48,2.2521386397000382,0.04747702662568776,0.13239850775003167,-0.11988069332065779,0.012517814429373875,0.1118830390603235,63.0,8.673617379884035e-18,64,32
v32.22,7,128,25042003,transverse,16,47,2.0516709312799097,-0.06764185845583007,0.09888941079004622,0.07360441627732138,0.1724938270673676,0.4153237617418098,63.0,0.0,64,32
v32.22,7,128,25042003,transverse,17,46,1.9566474160812481,-0.19664042455576103,0.054964237556788656,-0.030404063039898795,0.02456017451688987,0.15671686098467474,63.0,6.938893903907228e-18,64,32
v32.22,7,128,25042003,transverse,18,45,1.9376157113604864,-0.14683997003559643,0.10820556624554814,0.021135610178158362,0.12934117642370652,0.35964034315369364,63.0,2.7755575615628914e-17,64,32
v32.22,7,128,25042003,transverse,19,44,1.6656301253115415,-0.04985252776185927,0.04296264523085613,0.14751856807928743,0.19048121331014356,0.436441534813248,63.0,2.7755575615628914e-17,64,32
v32.22,7,128,25042003,transverse,20,43,1.3960326863279788,0.19735346148331412,0.26739807838517365,0.25053406689389834,0.5179321452790719,0.7196750275499852,63.0,0.0,64,32
v32.22,7,128,25042003,transverse,21,42,1.3643134393159164,0.10320240818424255,0.32022241977904087,0.01459580872923048,0.33481822850827136,0.5786347971806322,63.0,0.0,64,32
v32.22,7,128,25042003,transverse,22,41,1.2430832099517413,0.12032407089727583,0.31189967789353246,0.09449669561505847,0.4063963735085909,0.637492253685165,63.0,5.551115123125783e-17,64,32
v32.22,7,128,25042003,transverse,23,40,1.1689134422040246,0.06800626356918453,0.27452503533865935,-0.08112242386396504,0.19340261147469434,0.43977563765480954,63.0,2.7755575615628914e-17,64,32
v32.22,7,128,25042003,transverse,24,39,1.0261381186520777,0.08355948519398888,0.13729918388571535,0.1260408823987046,0.26334006628441997,0.5131667041853163,63.0,5.551115123125783e-17,64,32
v32.22,7,128,25042003,transverse,25,38,1.0033075031037657,-0.17354629276050793,0.11265924528280064,-0.025099113733524997,0.08756013154927564,0.2959056125680546,63.0,1.3877787807814457e-17,64,32
v32.22,7,128,25042003,transverse,26,37,0.7762042147615027,0.30216827084491743,0.11261366207472764,0.121613177251185,0.23422683932591265,0.4839698743991331,63.0,0.0,64,32
v32.22,7,128,25042003,transverse,27,36,0.7060663136526939,-0.2381030200676894,0.12138708473590445,-0.11235485051751322,0.009032234218391232,0.09503806720673161,63.0,1.0408340855860843e-17,64,32
v32.22,7,128,25042003,transverse,28,35,0.6797011326124694,-0.10806933542916548,0.1314715553179539,-0.08106842056099771,0.05040313475695621,0.22450642475652274,63.0,0.0,64,32
v32.22,7,128,25042003,transverse,29,34,0.6206180054396364,-0.05398798141100254,0.12198300944772253,0.02844356963688516,0.15042657908460771,0.3878486548701796,63.0,0.0,64,32
v32.22,7,128,25042003,transverse,30,33,0.21099732697634524,0.06065588059662391,0.13800494739150793,0.18062512631118197,0.3186300737026899,0.5644732710259095,63.0,5.551115123125783e-17,64,32
v32.22,7,128,25042003,transverse,31,32,0.06566798294493649,0.1772065057201027,0.214361188527948,-0.11660172664968242,0.09775946187826559,0.3126650953948419,63.0,1.3877787807814457e-17,64,32
v32.22,7,128,25042004,dephasing,0,31,2.7271662136066226,0.13622110336301194,0.2019898182882645,0.6614365917097464,0.8634264099980109,0.9292074095690428,31.0,0.0,32,16
v32.22,7,128,25042004,dephasing,1,30,2.6637668459149793,-0.16285945707270302,0.19681400819851547,0.014626521646550122,0.21144052984506562,0.45982663020432557,31.0,2.7755575615628914e-17,32,16
v32.22,7,128,25042004,dephasing,2,29,2.4807327434152233,0.10480825816166459,0.3359067260058819,-0.026758462553668025,0.3091482634522138,0.5560110281749939,31.0,0.0,32,16
v32.22,7,128,25042004,dephasing,3,28,2.4336191253635326,-0.012351872410116538,0.3286505154063728,-0.065656482963612,0.26299403244276076,0.5128294379642815,31.0,0.0,32,16
v32.22,7,128,25042004,dephasing,4,27,1.7031322694484357,0.1392264567598814,0.14966003867787606,0.35353822588662576,0.5031982645645018,0.7093646908075576,31.0,0.0,32,16
v32.22,7,128,25042004,dephasing,5,26,1.6617137285124723,-0.004033341417295555,0.13720938186028864,-0.053428289456106816,0.08378109240418183,0.289449637077302,31.0,1.3877787807814457e-17,32,16
v32.22,7,128,25042004,dephasing,6,25,1.4032537798667273,0.09825868503678739,0.3273756222944775,0.4075926599590405,0.734968282253518,0.8573029116091453,31.0,0.0,32,16
v32.22,7,128,25042004,dephasing,7,24,1.392053321985148,-0.10128496684215486,0.30934928208164,-0.18713124744200488,0.1222180346396351,0.34959696028374604,31.0,1.3877787807814457e-17,32,16
v32.22,7,128,25042004,dephasing,8,23,1.3234223290271454,0.12434586860925223,0.19851376858258907,-0.07684567980378769,0.12166808877880138,0.3488095308027024,31.0,0.0,32,16
v32.22,7,128,25042004,dephasing,9,22,1.282165383646774,0.03630151399733757,0.22249786808232164,0.022993510062956902,0.24549137814527852,0.49547086508217464,31.0,2.7755575615628914e-17,32,16
v32.22,7,128,25042004,dephasing,10,21,1.0811031454776785,0.06784900942943675,0.09584263122848627,-0.04212022166772534,0.053722409560760936,0.23178095167800336,31.0,6.938893903907228e-18,32,16
v32.22,7,128,25042004,dephasing,11,20,1.0357787081031644,-0.03903112820052951,0.10490819610529828,-0.02564251217288918,0.0792656839324091,0.2815416202489591,31.0,0.0,32,16
v32.22,7,128,25042004,dephasing,12,19,0.36195716784123044,0.2295815837868871,0.22544689078205993,0.23001687901978807,0.455463769801848,0.6748805596561869,31.0,0.0,32,16
v32.22,7,128,25042004,dephasing,13,18,0.3229030209672872,0.036572872607435664,0.2097133486199178,-0.1239702347747988,0.085743113845119,0.29281925115183083,31.0,1.3877787807814457e-17,32,16
v32.22,7,128,25042004,dephasing,14,17,0.061872451644572106,0.0032896643105683465,0.11754827457672044,0.00899616330087574,0.12654443787759617,0.35573085033153395,31.0,0.0,32,16
v32.22,7,128,25042004,dephasing,15,16,0.026746099690746997,-0.005053440459638903,0.11307175829812206,-0.10161858197230803,0.011453176325814043,0.10701951376180907,31.0,1.214306433183765e-17,32,16
v32.22,7,128,25042004,transverse,0,31,2.7271662136066226,0.13622110336301194,0.26878765836878094,0.5725844473033082,0.8413721056720892,0.9172633785735094,31.0,1.1102230246251565e-16,32,16
v32.22,7,128,25042004,transverse,1,30,2.6637668459149793,-0.16285945707270302,0.27215161606504734,-0.2509658259988986,0.021185790066148777,0.14555339249275084,31.0,5.204170427930421e-17,32,16
v32.22,7,128,25042004,transverse,2,29,2.4807327434152233,0.10480825816166459,0.30364857560014147,0.3158071001409637,0.6194556757411052,0.7870550652534454,31.0,1.1102230246251565e-16,32,16
v32.22,7,128,25042004,transverse,3,28,2.4336191253635326,-0.012351872410116538,0.3008619605790386,-0.19469161379429684,0.10617034678474173,0.3258379148974866,31.0,1.3877787807814457e-17,32,16
v32.22,7,128,25042004,transverse,4,27,1.7031322694484357,0.1392264567598814,0.12603605469230822,0.4964789136187738,0.622514968311082,0.7889961776276752,31.0,1.1102230246251565e-16,32,16
v32.22,7,128,25042004,transverse,5,26,1.6617137285124723,-0.004033341417295555,0.12124043289696715,-0.0680312380506525,0.05320919484631463,0.23067118338950496,31.0,6.938893903907228e-18,32,16
v32.22,7,128,25042004,transverse,6,25,1.4032537798667273,0.09825868503678739,0.4342756984603816,0.14531846395021747,0.5795941624105991,0.7613108185298558,31.0,1.1102230246251565e-16,32,16
v32.22,7,128,25042004,transverse,7,24,1.392053321985148,-0.10128496684215486,0.3737933221583857,-0.1556602756042641,0.21813304655412163,0.46704715667063174,31.0,2.7755575615628914e-17,32,16
v32.22,7,128,25042004,transverse,8,23,1.3234223290271454,0.12434586860925223,0.16906654458283338,0.014444972072088936,0.18351151665492232,0.4283824420478999,31.0,0.0,32,16
v32.22,7,128,25042004,transverse,9,22,1.282165383646774,0.03630151399733757,0.18291032206604904,-0.0692259600564337,0.11368436200961535,0.337171116808091,31.0,1.3877787807814457e-17,32,16
v32.22,7,128,25042004,transverse,10,21,1.0811031454776785,0.06784900942943675,0.14963583121761942,0.06783136025792752,0.21746719147554694,0.46633377689756395,31.0,2.7755575615628914e-17,32,16
v32.22,7,128,25042004,transverse,11,20,1.0357787081031644,-0.03903112820052951,0.15531227319439592,-0.07882256850457106,0.07648970468982486,0.2765677217063207,31.0,1.3877787807814457e-17,32,16
v32.22,7,128,25042004,transverse,12,19,0.36195716784123044,0.2295815837868871,0.13693143686264952,0.20497119559981364,0.34190263246246316,0.5847244072744553,31.0,0.0,32,16
v32.22,7,128,25042004,transverse,13,18,0.3229030209672872,0.036572872607435664,0.13886676159423939,-0.10225962228737535,0.036607139306864024,0.19132992266465804,31.0,1.3877787807814457e-17,32,16
v32.22,7,128,25042004,transverse,14,17,0.061872451644572106,0.0032896643105683465,0.14090613527378593,-0.013482726224068469,0.12742340904971744,0.3569641565335621,31.0,0.0,32,16
v32.22,7,128,25042004,transverse,15,16,0.026746099690746997,-0.005053440459638903,0.1351373581740436,-0.08885903226261056,0.04627832591143305,0.21512397800206523,31.0,6.938893903907228e-18,32,16
v32.22,7,128,25042005,dephasing,0,31,3.1224688139057455,0.3855922714656592,0.8405988506167208,0.15778540145326586,0.9983842520699866,0.9991917994409005,31.0,1.1102230246251565e-16,32,16
v32.22,7,128,25042005,dephasing,1,30,3.1221436153448887,0.7827995446107519,0.8402638771008124,0.08954537832734996,0.9298092554281623,0.9642661736245957,31.0,0.0,32,16
v32.22,7,128,25042005,dephasing,2,29,3.112268381793193,0.3857113034673416,0.8383043654966333,-0.14643911734099607,0.6918652481556372,0.8317842394294227,31.0,0.0,32,16
v32.22,7,128,25042005,dephasing,3,28,3.111933604903416,-0.10017648096302317,0.8381825993173048,-0.08440667416555514,0.7537759251517496,0.8682025519384108,31.0,0.0,32,16
v32.22,7,128,25042005,dephasing,4,27,1.8334763182323728,-0.020248467701259654,0.28934176418322677,0.22086889342585325,0.51021065760908,0.7142760071084852,31.0,1.1102230246251565e-16,32,16
v32.22,7,128,25042005,dephasing,5,26,1.832634907343648,0.06544112053228596,0.28843628445457575,0.013769620829012863,0.3022059052835886,0.5497224878199205,31.0,0.0,32,16
v32.22,7,128,25042005,dephasing,6,25,1.7993011022361445,-0.3290953026617432,0.2846950078794429,-0.18635906201815342,0.09833594586128949,0.31358318227632903,31.0,1.3877787807814457e-17,32,16
v32.22,7,128,25042005,dephasing,7,24,1.798445960594072,-0.3928937077796089,0.28423094903144897,-0.02202219219088726,0.2622087568405617,0.5120599021290431,31.0,5.551115123125783e-17,32,16
v32.22,7,128,25042005,dephasing,8,23,0.9156748197995862,0.3315702542877329,0.15976482055771357,0.4890857647500775,0.648850585307791,0.8055125872017956,31.0,0.0,32,16
v32.22,7,128,25042005,dephasing,9,22,0.9140373103656927,-0.052629143111276755,0.1625192696870837,-0.07914008141743668,0.08337918826964703,0.288753560067349,31.0,1.3877787807814457e-17,32,16
v32.22,7,128,25042005,dephasing,10,21,0.8818025901396154,-0.20563969082892275,0.16278971979342705,-0.0882289605350517,0.07456075925837533,0.27305776238428325,31.0,0.0,32,16
v32.22,7,128,25042005,dephasing,11,20,0.8799783356093146,-0.3270853021933421,0.1589547088727672,-0.11652552359762836,0.04242918527513882,0.2059764825920249,31.0,1.3877787807814457e-17,32,16
v32.22,7,128,25042005,dephasing,12,19,0.6446216049562823,0.01516833551081087,0.28561548316566066,0.06307501902505108,0.34869050219071174,0.5904969843124761,31.0,0.0,32,16
v32.22,7,128,25042005,dephasing,13,18,0.6435318854394055,-0.025076192712891854,0.27839676607346786,-0.17905882212905905,0.09933794394440881,0.3151774552322979,31.0,4.163336342344337e-17,32,16
v32.22,7,128,25042005,dephasing,14,17,0.6227597172645489,0.26073841039539175,0.28538710821601354,0.02805247374832896,0.31343958196434246,0.5598553547209555,31.0,0.0,32,16
v32.22,7,128,25042005,dephasing,15,16,0.6215065617335351,0.2609581449621859,0.2893802892370795,0.4340335333360711,0.7234138225731506,0.8505366645404002,31.0,1.1102230246251565e-16,32,16
v32.22,7,128,25042005,transverse,0,31,3.1224688139057455,0.3855922714656592,0.33821343155651096,0.5129957361054928,0.8512091676620037,0.9226099759172366,31.0,1.1102230246251565e-16,32,16
v32.22,7,128,25042005,transverse,1,30,3.1221436153448887,0.7827995446107519,0.3556759225833761,0.495598252159999,0.8512741747433751,0.9226452052351299,31.0,0.0,32,16
v32.22,7,128,25042005,transverse,2,29,3.112268381793193,0.3857113034673416,0.3560552282239384,-0.08986033141962058,0.26619489680431785,0.5159407880797156,31.0,0.0,32,16
v32.22,7,128,25042005,transverse,3,28,3.111933604903416,-0.10017648096302317,0.3387699694636905,-0.0939526191089762,0.24481735035471425,0.4947902084264747,31.0,2.7755575615628914e-17,32,16
v32.22,7,128,25042005,transverse,4,27,1.8334763182323728,-0.020248467701259654,0.09792308707622349,0.30595705385612654,0.40388014093235003,0.6355156496360652,31.0,0.0,32,16
v32.22,7,128,25042005,transverse,5,26,1.832634907343648,0.06544112053228596,0.1026804954797236,0.29822840796554173,0.4009089034452653,0.6331736755782456,31.0,5.551115123125783e-17,32,16
v32.22,7,128,25042005,transverse,6,25,1.7993011022361445,-0.3290953026617432,0.1053234655569621,-0.0644185397691717,0.04090492578779041,0.20224966202144914,31.0,1.3877787807814457e-17,32,16
v32.22,7,128,25042005,transverse,7,24,1.798445960594072,-0.3928937077796089,0.1006444493174456,-0.05795016501642353,0.04269428430102208,0.20662595263185618,31.0,0.0,32,16
v32.22,7,128,25042005,transverse,8,23,0.9156748197995862,0.3315702542877329,0.13939837723666967,0.5326684410719476,0.6720668183086171,0.8197968152588891,31.0,1.1102230246251565e-16,32,16
v32.22,7,128,25042005,transverse,9,22,0.9140373103656927,-0.052629143111276755,0.14403148568535662,0.4056790942144396,0.5497105798997962,0.741424696041207,31.0,0.0,32,16
v32.22,7,128,25042005,transverse,10,21,0.8818025901396154,-0.20563969082892275,0.14455087764587843,-0.08108597434305764,0.06346490330282079,0.251922415244894,31.0,1.3877787807814457e-17,32,16
v32.22,7,128,25042005,transverse,11,20,0.8799783356093146,-0.3270853021933421,0.14259199358769387,-0.09761690272527958,0.044975090862414274,0.21207331482865607,31.0,2.0816681711721685e-17,32,16
v32.22,7,128,25042005,transverse,12,19,0.6446216049562823,0.01516833551081087,0.3012568588780115,0.07602544452811266,0.3772823034061242,0.6142331018482512,31.0,0.0,32,16
v32.22,7,128,25042005,transverse,13,18,0.6435318854394055,-0.025076192712891854,0.2923982472472121,-0.017741898386399214,0.2746563488608129,0.5240766631522652,31.0,0.0,32,16
v32.22,7,128,25042005,transverse,14,17,0.6227597172645489,0.26073841039539175,0.29617872855384664,0.25984679734297683,0.5560255258968235,0.7456711915427762,31.0,0.0,32,16
v32.22,7,128,25042005,transverse,15,16,0.6215065617335351,0.2609581449621859,0.3003267399789732,0.4005245515390341,0.7008512915180073,0.8371686159418587,31.0,0.0,32,16
v32.22,7,128,25042006,dephasing,0,31,3.148334377204328,0.562633392872297,0.17697437828611462,0.7028244572430669,0.8797988355291815,0.937975924813202,31.0,1.1102230246251565e-16,32,16
v32.22,7,128,25042006,dephasing,1,30,3.1455943689331383,0.5835573666572448,0.1844886157096709,0.6768637211008222,0.8613523368104932,0.9280906942807331,31.0,1.1102230246251565e-16,32,16
v32.22,7,128,25042006,dephasing,2,29,2.9003738193477466,-0.05183394906147132,0.2055588010757533,-0.07913447052135977,0.12642433055439356,0.3555619925616257,31.0,0.0,32,16
v32.22,7,128,25042006,dephasing,3,28,2.8985540961291263,-0.013904228103776783,0.20700239484780386,-0.056087780420395576,0.15091461442740828,0.3884773023323348,31.0,2.7755575615628914e-17,32,16
v32.22,7,128,25042006,dephasing,4,27,2.476300941499708,-0.11236409094304556,0.21123566517602416,-0.16716308492548793,0.04407258025053622,0.20993470473110495,31.0,1.3877787807814457e-17,32,16
v32.22,7,128,25042006,dephasing,5,26,2.466322612135669,-0.01288507710662029,0.2032479705774063,-0.15082078647764538,0.05242718409976092,0.22896983229185658,31.0,2.7755575615628914e-17,32,16
v32.22,7,128,25042006,dephasing,6,25,2.194005682342989,-0.04061231670531962,0.20316603833367972,-0.11542069209081057,0.08774534624286914,0.2962184096960706,31.0,0.0,32,16
v32.22,7,128,25042006,dephasing,7,24,2.1854290862475496,-0.041499656894011916,0.1975008501059669,-0.09822376215195441,0.09927708795401252,0.3150826684443505,31.0,1.3877787807814457e-17,32,16
v32.22,7,128,25042006,dephasing,8,23,1.0561886114913577,0.38921706865025507,0.31388101518108025,0.2604590014361692,0.5743400166172494,0.7578522393034473,31.0,1.1102230246251565e-16,32,16
v32.22,7,128,25042006,dephasing,9,22,1.0469730957961778,0.08501517229355793,0.2966059552003706,-0.22173460068769768,0.07487135451267289,0.27362630449697795,31.0,0.0,32,16
v32.22,7,128,25042006,dephasing,10,21,1.0007621393315247,0.1269203316931267,0.14968360025474658,-0.0396166307465777,0.1100669695081689,0.3317634240059758,31.0,1.3877787807814457e-17,32,16
v32.22,7,128,25042006,dephasing,11,20,0.9757340426286673,-0.3261902609698527,0.15898804945487238,-0.13058189460544678,0.028406154849425592,0.1685412556302628,31.0,1.0408340855860843e-17,32,16
v32.22,7,128,25042006,dephasing,12,19,0.6121855647890787,0.028247089736790076,0.16219380437140207,-0.10934468832505972,0.052849116046342334,0.22988935609623673,31.0,1.3877787807814457e-17,32,16
v32.22,7,128,25042006,dephasing,13,18,0.5370721885310284,0.267340427217747,0.32558702523143795,-0.04246599408911911,0.28312103114231885,0.5320911868677387,31.0,0.0,32,16
v32.22,7,128,25042006,dephasing,14,17,0.4512532592343908,0.2191613992413569,0.3362961597887702,-0.015366028252923257,0.32093013153584693,0.5665069562996089,31.0,0.0,32,16
v32.22,7,128,25042006,dephasing,15,16,0.30378308976541624,-0.046623007480397355,0.13819779525237808,-0.09644898438052768,0.04174881087185037,0.2043252575474955,31.0,2.0816681711721685e-17,32,16
v32.22,7,128,25042006,transverse,0,31,3.148334377204328,0.562633392872297,0.9767010682807513,0.014622518115109374,0.9913235863958607,0.9956523421334682,31.0,1.1102230246251565e-16,32,16
v32.22,7,128,25042006,transverse,1,30,3.1455943689331383,0.5835573666572448,0.9765011791232137,-0.014423864425021554,0.962077314698192,0.9808553994846498,31.0,0.0,32,16
v32.22,7,128,25042006,transverse,2,29,2.9003738193477466,-0.05183394906147132,0.98243313045226,0.00819567977708037,0.9906288102293405,0.995303375976059,31.0,1.1102230246251565e-16,32,16
v32.22,7,128,25042006,transverse,3,28,2.8985540961291263,-0.013904228103776783,0.9825981125183993,-0.008202444071393786,0.9743956684470055,0.987114820295494,31.0,0.0,32,16
v32.22,7,128,25042006,transverse,4,27,2.476300941499708,-0.11236409094304556,0.8838653826863161,0.01369367612293609,0.8975590588092522,0.947395935609422,31.0,0.0,32,16
v32.22,7,128,25042006,transverse,5,26,2.466322612135669,-0.01288507710662029,0.8837633628666728,-0.017091932509551645,0.8666714303571212,0.9309518947599393,31.0,0.0,32,16
v32.22,7,128,25042006,transverse,6,25,2.194005682342989,-0.04061231670531962,0.8844746144908208,-0.002667311611726399,0.8818073028790944,0.939045953550248,31.0,0.0,32,16
v32.22,7,128,25042006,transverse,7,24,2.1854290862475496,-0.041499656894011916,0.8852589829916386,-0.0012609218659586632,0.8839980611256799,0.9402117108001153,31.0,0.0,32,16
v32.22,7,128,25042006,transverse,8,23,1.0561886114913577,0.38921706865025507,0.2969499882043853,0.3038445529928573,0.6007945411972426,0.7751093736997654,31.0,0.0,32,16
v32.22,7,128,25042006,transverse,9,22,1.0469730957961778,0.08501517229355793,0.32691662843980984,0.3154601812999352,0.642376809739745,0.8014841294372241,31.0,0.0,32,16
v32.22,7,128,25042006,transverse,10,21,1.0007621393315247,0.1269203316931267,0.32014627990668887,0.1655301266522875,0.48567640655897637,0.6969048762628773,31.0,0.0,32,16
v32.22,7,128,25042006,transverse,11,20,0.9757340426286673,-0.3261902609698527,0.31717481604069797,0.13626179952633422,0.4534366155670322,0.6733770233435592,31.0,0.0,32,16
v32.22,7,128,25042006,transverse,12,19,0.6121855647890787,0.028247089736790076,0.2805077064621285,-0.06920758812679015,0.2113001183353384,0.45967392609907554,31.0,2.7755575615628914e-17,32,16
v32.22,7,128,25042006,transverse,13,18,0.5370721885310284,0.267340427217747,0.23739698443899718,-0.10450797646958804,0.13288900796940914,0.36453944638325375,31.0,2.7755575615628914e-17,32,16
v32.22,7,128,25042006,transverse,14,17,0.4512532592343908,0.2191613992413569,0.3174098468251332,-0.1809820759732208,0.1364277708519124,0.369361301237572,31.0,2.7755575615628914e-17,32,16
v32.22,7,128,25042006,transverse,15,16,0.30378308976541624,-0.046623007480397355,0.3884510936428888,0.05667257031731576,0.44512366396020453,0.6671758868246098,31.0,5.551115123125783e-17,32,16
v32.22,7,128,25042007,dephasing,0,63,3.562681311223291,-0.0878482534472999,0.07829229463345759,0.7509092738854216,0.8292015685188792,0.910605056277901,63.0,0.0,64,32
v32.22,7,128,25042007,dephasing,1,62,3.4782058707632064,0.11844698539885706,0.09734447345588015,0.6689434282806823,0.7662879017365625,0.8753787190334035,63.0,1.1102230246251565e-16,64,32
v32.22,7,128,25042007,dephasing,2,61,3.3767037924921017,0.10589971726401365,0.06734203661432672,0.32005180060350286,0.3873938372178296,0.6224097020595274,63.0,5.551115123125783e-17,64,32
v32.22,7,128,25042007,dephasing,3,60,3.295829393112479,0.2934254356192646,0.09734504438248442,0.5374153756689113,0.6347604200513957,0.796718532514084,63.0,1.1102230246251565e-16,64,32
v32.22,7,128,25042007,dephasing,4,59,2.9737941922141586,0.09638651738813764,0.07234861255672737,0.4051331486831214,0.47748176123984876,0.6910005508245625,63.0,0.0,64,32
v32.22,7,128,25042007,dephasing,5,58,2.875501605371344,0.004206552671266822,0.13270775911000665,0.556160678778058,0.6888684378880646,0.8299809864617771,63.0,0.0,64,32
v32.22,7,128,25042007,dephasing,6,57,2.811757336455175,0.24328489595557934,0.12575625459942896,0.27985550968916295,0.4056117642885919,0.6368765691157054,63.0,0.0,64,32
v32.22,7,128,25042007,dephasing,7,56,2.7574529030817168,-0.3370344695608335,0.12135591674580905,-0.011333582463191615,0.11002233428261743,0.331696147524534,63.0,1.3877787807814457e-17,64,32
v32.22,7,128,25042007,dephasing,8,55,2.7220686072416598,0.3124739107004714,0.2680348178518726,0.04767183932354305,0.3157066571754157,0.5618777955885209,63.0,0.0,64,32
v32.22,7,128,25042007,dephasing,9,54,2.680329933562743,-0.19056347735318896,0.13454278598020103,-0.12391608710301016,0.010626698877190852,0.10308588107588183,63.0,1.0408340855860843e-17,64,32
v32.22,7,128,25042007,dephasing,10,53,2.6614209254146797,-0.09203217272675568,0.20896521557847506,-0.2039427619604136,0.005022453618061419,0.07086927132447052,63.0,2.862293735361732e-17,64,32
v32.22,7,128,25042007,dephasing,11,52,2.6326297503664513,0.036121474424399974,0.2673808564218,0.43609718998222524,0.7034780464040252,0.8387359813457542,63.0,1.1102230246251565e-16,64,32
v32.22,7,128,25042007,dephasing,12,51,2.512119394755678,0.1579736094847168,0.105233651650744,-0.0691458873273133,0.03608776432343069,0.18996779812228884,63.0,6.938893903907228e-18,64,32
v32.22,7,128,25042007,dephasing,13,50,2.471271010500203,0.04755358028779669,0.27116927722618267,-0.17369419442619932,0.09747508279998336,0.31220999791804127,63.0,2.7755575615628914e-17,64,32
v32.22,7,128,25042007,dephasing,14,49,2.43644647669292,0.18056793716380984,0.3363148022893983,0.17168811350067412,0.5080029157900725,0.7127432327213443,63.0,0.0,64,32
v32.22,7,128,25042007,dephasing,15,48,2.4050351505892653,-0.12479806364782223,0.06912152718878439,0.07884789954330443,0.1479694267320888,0.38466794346824484,63.0,2.7755575615628914e-17,64,32
v32.22,7,128,25042007,dephasing,16,47,1.6269984419917036,-0.03656530340554606,0.520032307108095,0.15927223466974808,0.6793045417778432,0.8241993337644984,63.0,1.1102230246251565e-16,64,32
v32.22,7,128,25042007,dephasing,17,46,1.547344580796995,0.15582559892857048,0.5153009428303452,-0.17097293777935044,0.3443280050509948,0.5867946873063821,63.0,0.0,64,32
v32.22,7,128,25042007,dephasing,18,45,1.4827840388609697,0.2550080797513734,0.06605700769840088,0.09347726469543326,0.1595342723938341,0.3994174162374923,63.0,2.7755575615628914e-17,64,32
v32.22,7,128,25042007,dephasing,19,44,1.4241408101935946,-0.009624303670368456,0.0660919208684447,-0.05457382262278589,0.011518098245658808,0.10732240327936571,63.0,8.673617379884035e-18,64,32
v32.22,7,128,25042007,dephasing,20,43,1.0768831735510072,0.12372312608925717,0.10736343774391645,0.4714643541114239,0.5788277918553404,0.7608073289968627,63.0,1.1102230246251565e-16,64,32
v32.22,7,128,25042007,dephasing,21,42,1.0148068954073963,-0.040520239138744696,0.8777051047276603,0.045465511522512464,0.9231706162501728,0.9608176810665865,63.0,1.1102230246251565e-16,64,32
v32.22,7,128,25042007,dephasing,22,41,1.0142575933632765,-0.12226250595229607,0.8887715059632038,-0.011512259557800124,0.8772592464054035,0.9366211861822278,63.0,1.1102230246251565e-16,64,32
v32.22,7,128,25042007,dephasing,23,40,0.9711603160389939,-0.016922251607611266,0.09862739041200522,0.21406161559651304,0.31268900600851823,0.5591860209344635,63.0,0.0,64,32
v32.22,7,128,25042007,dephasing,24,39,0.8743378407815539,0.13666972890245233,0.3710894711087475,0.012197477107835478,0.383286948216583,0.6191017268725576,63.0,0.0,64,32
v32.22,7,128,25042007,dephasing,25,38,0.8696434793414882,0.03235354883200375,0.37933669065311776,-0.3580240212063767,0.02131266944674102,0.14598859355011617,63.0,3.469446951953614e-17,64,32
v32.22,7,128,25042007,dephasing,26,37,0.8551326887696349,-0.011315982408627578,0.5341875618542306,-0.06776796194526949,0.4664195999089611,0.6829491927727576,63.0,0.0,64,32
v32.22,7,128,25042007,dephasing,27,36,0.8135803308210463,-0.03667712791389041,0.15246571372677264,0.2831579594904492,0.43562367321722184,0.660017934011813,63.0,1.1102230246251565e-16,64,32
v32.22,7,128,25042007,dephasing,28,35,0.6026272030169486,0.34033597877973415,0.06675234265329885,-0.03931762610866756,0.02743471654463129,0.16563428553482304,63.0,6.938893903907228e-18,64,32
v32.22,7,128,25042007,dephasing,29,34,0.5027122408548748,0.003876454229426979,0.0680887765153104,-0.021044114641827857,0.047044661873482524,0.21689781435847277,63.0,1.3877787807814457e-17,64,32
v32.22,7,128,25042007,dephasing,30,33,0.48628181495039635,-0.1932061472957296,0.055679422105659286,0.016141247727824826,0.07182066983348412,0.26799378693074977,63.0,0.0,64,32
v32.22,7,128,25042007,dephasing,31,32,0.3238968556264258,0.2002839624708652,0.03783811539638365,0.007365812583116343,0.045203927979499986,0.21261215388472032,63.0,0.0,64,32
v32.22,7,128,25042007,transverse,0,63,3.562681311223291,-0.0878482534472999,0.8105488608210453,0.16769683632120094,0.9782456971422462,0.9890630400243688,63.0,0.0,64,32
v32.22,7,128,25042007,transverse,1,62,3.4782058707632064,0.11844698539885706,0.8004277443488172,-0.15041498957340668,0.6500127547754104,0.8062336849669645,63.0,1.1102230246251565e-16,64,32
v32.22,7,128,25042007,transverse,2,61,3.3767037924921017,0.10589971726401365,0.8101326610925765,0.12101527198350162,0.9311479330760781,0.9649600681251418,63.0,0.0,64,32
v32.22,7,128,25042007,transverse,3,60,3.295829393112479,0.2934254356192646,0.7957516038121761,-0.10824811485937687,0.6875034889527993,0.8291583015038801,63.0,0.0,64,32
v32.22,7,128,25042007,transverse,4,59,2.9737941922141586,0.09638651738813764,0.6861968368221987,0.23866749307778265,0.9248643298999814,0.9616986689706819,63.0,0.0,64,32
v32.22,7,128,25042007,transverse,5,58,2.875501605371344,0.004206552671266822,0.6631525348189182,-0.20260699204158428,0.46054554277733395,0.6786350586120157,63.0,0.0,64,32
v32.22,7,128,25042007,transverse,6,57,2.811757336455175,0.24328489595557934,0.6511821417535939,0.11541012256028227,0.7665922643138762,0.8755525480026176,63.0,1.1102230246251565e-16,64,32
v32.22,7,128,25042007,transverse,7,56,2.7574529030817168,-0.3370344695608335,0.1279412192357421,0.7167740823180487,0.8447153015537908,0.9190839469568549,63.0,0.0,64,32
v32.22,7,128,25042007,transverse,8,55,2.7220686072416598,0.3124739107004714,0.6445836534962102,-0.07858864930651333,0.5659950041896968,0.752326394718208,63.0,1.1102230246251565e-16,64,32
v32.22,7,128,25042007,transverse,9,54,2.680329933562743,-0.19056347735318896,0.20207537189599623,0.3246192034478138,0.52669457534381,0.7257372633011274,63.0,0.0,64,32
v32.22,7,128,25042007,transverse,10,53,2.6614209254146797,-0.09203217272675568,0.19807003071200305,-0.17755107612560636,0.020518954586396687,0.14324438762617084,63.0,1.0408340855860843e-17,64,32
v32.22,7,128,25042007,transverse,11,52,2.6326297503664513,0.036121474424399974,0.14063248590006006,-0.02068325623946532,0.11994922966059475,0.3463368730883195,63.0,0.0,64,32
v32.22,7,128,25042007,transverse,12,51,2.512119394755678,0.1579736094847168,0.2848256348056562,-0.021912756832015802,0.2629128779736404,0.5127503076290061,63.0,0.0,64,32
v32.22,7,128,25042007,transverse,13,50,2.471271010500203,0.04755358028779669,0.27976112227607874,-0.06457357775727524,0.21518754451880348,0.46388311514734343,63.0,0.0,64,32
v32.22,7,128,25042007,transverse,14,49,2.43644647669292,0.18056793716380984,0.2593530515565272,-0.17195583590911734,0.08739721564740988,0.29563020083782016,63.0,2.7755575615628914e-17,64,32
v32.22,7,128,25042007,transverse,15,48,2.4050351505892653,-0.12479806364782223,0.29886453061710716,0.14104134833549292,0.4399058789526,0.6632540078677249,63.0,5.551115123125783e-17,64,32
v32.22,7,128,25042007,transverse,16,47,1.6269984419917036,-0.03656530340554606,0.0628803293227003,0.12025834682893713,0.18313867615163743,0.4279470483034524,63.0,0.0,64,32
v32.22,7,128,25042007,transverse,17,46,1.547344580796995,0.15582559892857048,0.06662479682006162,0.0030391969510220286,0.06966399377108365,0.2639393751812784,63.0,1.3877787807814457e-17,64,32
v32.22,7,128,25042007,transverse,18,45,1.4827840388609697,0.2550080797513734,0.0945912321491387,0.10455357872614521,0.1991448108752839,0.44625644071014137,63.0,2.7755575615628914e-17,64,32
v32.22,7,128,25042007,transverse,19,44,1.4241408101935946,-0.009624303670368456,0.09486528924182995,-0.0690351515084644,0.025830137733365552,0.16071757132736156,63.0,1.0408340855860843e-17,64,32
v32.22,7,128,25042007,transverse,20,43,1.0768831735510072,0.12372312608925717,0.18354500661803447,0.07384916544596454,0.257394172063999,0.5073402921747877,63.0,0.0,64,32
v32.22,7,128,25042007,transverse,21,42,1.0148068954073963,-0.040520239138744696,0.0938378532210844,0.2375386614553279,0.3313765146764123,0.5756531200961325,63.0,5.551115123125783e-17,64,32
v32.22,7,128,25042007,transverse,22,41,1.0142575933632765,-0.12226250595229607,0.17674141864422488,-0.1480724802891274,0.028668938355097498,0.16931904309645002,63.0,1.0408340855860843e-17,64,32
v32.22,7,128,25042007,transverse,23,40,0.9711603160389939,-0.016922251607611266,0.10047572708306751,-0.07929459680382914,0.021181130279238375,0.14553738447298817,63.0,6.938893903907228e-18,64,32
v32.22,7,128,25042007,transverse,24,39,0.8743378407815539,0.13666972890245233,0.09818462739158632,0.31696078488035734,0.4151454122719437,0.6443177882628599,63.0,5.551115123125783e-17,64,32
v32.22,7,128,25042007,transverse,25,38,0.8696434793414882,0.03235354883200375,0.11053921109575024,-0.04518519557761368,0.06535401551813656,0.25564431446471986,63.0,1.3877787807814457e-17,64,32
v32.22,7,128,25042007,transverse,26,37,0.8551326887696349,-0.011315982408627578,0.08947297280600564,-0.011417930772070373,0.07805504203393525,0.279383324545212,63.0,1.3877787807814457e-17,64,32
v32.22,7,128,25042007,transverse,27,36,0.8135803308210463,-0.03667712791389041,0.09268224536971037,-0.05463479732408193,0.03804744804562846,0.19505755059886415,63.0,6.938893903907228e-18,64,32
v32.22,7,128,25042007,transverse,28,35,0.6026272030169486,0.34033597877973415,0.078980385601475,-0.01938053743988636,0.05959984816158864,0.24413080133729265,63.0,1.3877787807814457e-17,64,32
v32.22,7,128,25042007,transverse,29,34,0.5027122408548748,0.003876454229426979,0.06838466222817731,0.17186883415438703,0.24025349638256432,0.4901566039365014,63.0,2.7755575615628914e-17,64,32
v32.22,7,128,25042007,transverse,30,33,0.48628181495039635,-0.1932061472957296,0.07696324653791828,0.0005714710868451851,0.07753471762476347,0.2784505658546297,63.0,0.0,64,32
v32.22,7,128,25042007,transverse,31,32,0.3238968556264258,0.2002839624708652,0.08997496901807366,0.09910848517279887,0.18908345419087252,0.4348372732308864,63.0,0.0,64,32
v32.22,7,128,25042008,dephasing,0,63,3.6995102410599676,0.13522532750974386,0.3909087839666914,0.6060810894276049,0.9969898733942962,0.9984938023815152,63.0,1.1102230246251565e-16,64,32
v32.22,7,128,25042008,dephasing,1,62,3.6765033100328477,0.06698588744532272,0.3922934949715725,-0.35913018933993157,0.03316330563164095,0.18210795048992495,63.0,2.0816681711721685e-17,64,32
v32.22,7,128,25042008,dephasing,2,61,3.3947948772601295,-0.4691917559306249,0.17884459897817612,-0.13257802639226113,0.04626657258591495,0.21509665870467387,63.0,1.3877787807814457e-17,64,32
v32.22,7,128,25042008,dephasing,3,60,3.374155578181713,0.020746018097367314,0.17897551975660841,-0.17243101186833865,0.006544507888269782,0.0808981327860525,63.0,1.5612511283791264e-17,64,32
v32.22,7,128,25042008,dephasing,4,59,3.168636769036305,0.33828877101126603,0.35120955291328015,0.6080940981908479,0.9593036511041281,0.979440478591797,63.0,1.1102230246251565e-16,64,32
v32.22,7,128,25042008,dephasing,5,58,3.13812642958258,0.1111937757868674,0.3597790841069627,-0.30082429305041036,0.05895479105655234,0.24280607705852902,63.0,2.0816681711721685e-17,64,32
v32.22,7,128,25042008,dephasing,6,57,3.020894155824963,-0.08030270186720459,0.41878607568754933,-0.33915356045841405,0.07963251522913525,0.2821923372969848,63.0,1.3877787807814457e-17,64,32
v32.22,7,128,25042008,dephasing,7,56,2.9933602014329272,0.20470988203347337,0.45553976043036293,-0.2822731749697276,0.17326658546063534,0.41625303057231344,63.0,2.7755575615628914e-17,64,32
v32.22,7,128,25042008,dephasing,8,55,2.8839947934580175,-0.07381958051787899,0.5946244723747776,0.05241391476779823,0.6470383871425758,0.8043869635583211,63.0,0.0,64,32
v32.22,7,128,25042008,dephasing,9,54,2.8420763454425915,0.4677155457492559,0.6243143736287435,-0.10011635228367644,0.5241980213450671,0.7240152079515092,63.0,0.0,64,32
v32.22,7,128,25042008,dephasing,10,53,2.448171079570776,-0.16483584623561895,0.6284532077668176,0.2963922913734903,0.9248454991403079,0.9616888785570455,63.0,1.1102230246251565e-16,64,32
v32.22,7,128,25042008,dephasing,11,52,2.4452719307063377,-0.43250107876283833,0.6558947475785448,-0.2506576068756917,0.4052371407028531,0.6365823911347636,63.0,5.551115123125783e-17,64,32
v32.22,7,128,25042008,dephasing,12,51,2.266431497251796,0.19768852295745135,0.49592729093997984,-0.10324133594658969,0.39268595499339015,0.6266465949747035,63.0,0.0,64,32
v32.22,7,128,25042008,dephasing,13,50,2.2356217203738575,0.49179942341166566,0.47046021090578505,0.0709981818979438,0.5414583928037289,0.735838564362951,63.0,0.0,64,32
v32.22,7,128,25042008,dephasing,14,49,1.996232844069012,0.3875930676950375,0.2762572731996201,0.11678194893606714,0.39303922213568726,0.6269284027189128,63.0,0.0,64,32
v32.22,7,128,25042008,dephasing,15,48,1.9165660018494366,0.36622775864877793,0.2754758152184419,-0.14639186568218857,0.12908394953625332,0.3592825483324417,63.0,2.7755575615628914e-17,64,32
v32.22,7,128,25042008,dephasing,16,47,1.4947212310529396,0.018184429475485486,0.28156956783528964,0.6018242117935435,0.883393779628833,0.9398903019123206,63.0,1.1102230246251565e-16,64,32
v32.22,7,128,25042008,dephasing,17,46,1.4371939657884836,-0.24165973268236773,0.25181911846315297,-0.2370974471662041,0.01472167129694883,0.1213328945379151,63.0,2.2551405187698492e-17,64,32
v32.22,7,128,25042008,dephasing,18,45,1.358391550384914,-0.3547340930621831,0.8604739547490228,0.004085772502618904,0.8645597272516417,0.9298170396651385,63.0,0.0,64,32
v32.22,7,128,25042008,dephasing,19,44,1.3554217738309209,-0.5831356771294016,0.825784765558317,0.027369353391696445,0.8531541189500134,0.9236634229793954,63.0,0.0,64,32
v32.22,7,128,25042008,dephasing,20,43,0.9686492770057982,0.2651287529256112,0.7961731695660678,0.13044455081127682,0.9266177203773446,0.9626098484730689,63.0,0.0,64,32
v32.22,7,128,25042008,dephasing,21,42,0.9571348713258228,0.6054832695723901,0.7916571264327876,-0.12814307336702946,0.6635140530657582,0.8145637194632218,63.0,1.1102230246251565e-16,64,32
v32.22,7,128,25042008,dephasing,22,41,0.927235349966152,-0.32396201401381675,0.29876221257355523,-0.17512758230330253,0.12363463027025268,0.35161716435670864,63.0,4.163336342344337e-17,64,32
v32.22,7,128,25042008,dephasing,23,40,0.9244949215862853,-0.5062099841614558,0.3065828411328987,-0.10985688853682243,0.19672595259607623,0.44353799453493975,63.0,2.7755575615628914e-17,64,32
v32.22,7,128,25042008,dephasing,24,39,0.8532027868569698,0.08292845433834706,0.616359569402072,0.008044267622264538,0.6244038370243365,0.7901922785147527,63.0,0.0,64,32
v32.22,7,128,25042008,dephasing,25,38,0.8285024506929071,0.023839073304571967,0.6014494091589753,-0.015979313244752817,0.5854700959142225,0.7651601766389979,63.0,1.1102230246251565e-16,64,32
v32.22,7,128,25042008,dephasing,26,37,0.4858883294157925,0.00457967573732207,0.3845910257486184,0.17838404926401247,0.562975075012631,0.750316649830344,63.0,1.1102230246251565e-16,64,32
v32.22,7,128,25042008,dephasing,27,36,0.47075444410617,0.260691614216784,0.38808821884365685,-0.2462684029108509,0.14181981593280596,0.37658971830469024,63.0,0.0,64,32
v32.22,7,128,25042008,dephasing,28,35,0.4294594398315418,0.3881395050668724,0.5200360483828402,-0.23491796117499905,0.28511808720784115,0.5339644999509248,63.0,5.551115123125783e-17,64,32
v32.22,7,128,25042008,dephasing,29,34,0.41225054635000247,0.22701053997645046,0.5314628734374612,0.20354752933123105,0.7350104027686923,0.8573274769705519,63.0,1.1102230246251565e-16,64,32
v32.22,7,128,25042008,dephasing,30,33,0.06595049779382828,-0.5072887848376827,0.474275188046428,-0.12578486417594914,0.34849032387047885,0.5903306902664631,63.0,5.551115123125783e-17,64,32
v32.22,7,128,25042008,dephasing,31,32,0.05859352296139568,-0.39345788542535365,0.478005139933049,0.12934350029091513,0.6073486402239641,0.7793257600156459,63.0,0.0,64,32
v32.22,7,128,25042008,transverse,0,63,3.6995102410599676,0.13522532750974386,0.20107633871253397,0.6501854822278338,0.8512618209403677,0.9226385104364373,63.0,0.0,64,32
v32.22,7,128,25042008,transverse,1,62,3.6765033100328477,0.06698588744532272,0.177301395965636,0.6423992310402651,0.8197006270059011,0.9053731976405648,63.0,0.0,64,32
v32.22,7,128,25042008,transverse,2,61,3.3947948772601295,-0.4691917559306249,0.10763714531991583,0.6995066643711334,0.8071438096910493,0.8984118263308032,63.0,0.0,64,32
v32.22,7,128,25042008,transverse,3,60,3.374155578181713,0.020746018097367314,0.13503737571401064,0.6405768267193868,0.7756142024333974,0.8806896175346894,63.0,0.0,64,32
v32.22,7,128,25042008,transverse,4,59,3.168636769036305,0.33828877101126603,0.1735067287607151,0.5797456067264086,0.7532523354871237,0.8679011092786573,63.0,1.1102230246251565e-16,64,32
v32.22,7,128,25042008,transverse,5,58,3.13812642958258,0.1111937757868674,0.15817444203893646,0.5951250764184205,0.753299518457357,0.8679282910801773,63.0,1.1102230246251565e-16,64,32
v32.22,7,128,25042008,transverse,6,57,3.020894155824963,-0.08030270186720459,0.21813151000965875,0.5364262945829222,0.7545578045925809,0.8686528677167773,63.0,0.0,64,32
v32.22,7,128,25042008,transverse,7,56,2.9933602014329272,0.20470988203347337,0.12586011988745877,0.6830601129363207,0.8089202328237795,0.8993999292994077,63.0,1.1102230246251565e-16,64,32
v32.22,7,128,25042008,transverse,8,55,2.8839947934580175,-0.07381958051787899,0.2039019896160333,-0.15293058493733794,0.05097140467869537,0.22576847583020834,63.0,1.3877787807814457e-17,64,32
v32.22,7,128,25042008,transverse,9,54,2.8420763454425915,0.4677155457492559,0.10583045086197168,0.32163950462021906,0.4274699554821907,0.653811865510401,63.0,5.551115123125783e-17,64,32
v32.22,7,128,25042008,transverse,10,53,2.448171079570776,-0.16483584623561895,0.1434374645522339,0.4916416598975839,0.6350791244498177,0.7969185180743499,63.0,0.0,64,32
v32.22,7,128,25042008,transverse,11,52,2.4452719307063377,-0.43250107876283833,0.15077937927962462,0.012151381070854303,0.16293076035047893,0.40364682626087733,63.0,2.7755575615628914e-17,64,32
v32.22,7,128,25042008,transverse,12,51,2.266431497251796,0.19768852295745135,0.07486891406822338,0.18893374809114089,0.26380266215936427,0.5136172331214796,63.0,0.0,64,32
v32.22,7,128,25042008,transverse,13,50,2.2356217203738575,0.49179942341166566,0.08177547588064435,0.17049339241828415,0.2522688682989285,0.5022637437631035,63.0,0.0,64,32
v32.22,7,128,25042008,transverse,14,49,1.996232844069012,0.3875930676950375,0.11540844887691401,0.2957121791570141,0.4111206280339281,0.6411868900982989,63.0,0.0,64,32
v32.22,7,128,25042008,transverse,15,48,1.9165660018494366,0.36622775864877793,0.10881967903086456,0.3495635838556844,0.458383262886549,0.6770400748010039,63.0,0.0,64,32
v32.22,7,128,25042008,transverse,16,47,1.4947212310529396,0.018184429475485486,0.07480346339991159,0.2322502347841171,0.30705369818402867,0.5541242624033247,63.0,0.0,64,32
v32.22,7,128,25042008,transverse,17,46,1.4371939657884836,-0.24165973268236773,0.08311932201462256,0.2277072921786356,0.3108266141932582,0.5575182635513012,63.0,0.0,64,32
v32.22,7,128,25042008,transverse,18,45,1.358391550384914,-0.3547340930621831,0.07954601966672388,0.22723683357587665,0.3067828532426006,0.5538798184106373,63.0,5.551115123125783e-17,64,32
v32.22,7,128,25042008,transverse,19,44,1.3554217738309209,-0.5831356771294016,0.07778004566411571,0.0667069843188202,0.1444870299829359,0.3801144958863525,63.0,2.7755575615628914e-17,64,32
v32.22,7,128,25042008,transverse,20,43,0.9686492770057982,0.2651287529256112,0.606739115247027,0.21513784303374736,0.8218769582807742,0.9065742982683627,63.0,1.1102230246251565e-16,64,32
v32.22,7,128,25042008,transverse,21,42,0.9571348713258228,0.6054832695723901,0.7198377005737384,0.12393266566328712,0.8437703662370255,0.9185697394520601,63.0,1.1102230246251565e-16,64,32
v32.22,7,128,25042008,transverse,22,41,0.927235349966152,-0.32396201401381675,0.5755262894544859,-0.2142773652895439,0.36124892416494203,0.6010398690311167,63.0,0.0,64,32
v32.22,7,128,25042008,transverse,23,40,0.9244949215862853,-0.5062099841614558,0.6691500067248304,-0.15690028750262366,0.5122497192222067,0.7157162281394818,63.0,0.0,64,32
v32.22,7,128,25042008,transverse,24,39,0.8532027868569698,0.08292845433834706,0.18519703182536898,0.01493448279960648,0.20013151462497547,0.4473606091566126,63.0,0.0,64,32
v32.22,7,128,25042008,transverse,25,38,0.8285024506929071,0.023839073304571967,0.21766720760682895,0.09695765987631022,0.31462486748313917,0.5609143138511792,63.0,0.0,64,32
v32.22,7,128,25042008,transverse,26,37,0.4858883294157925,0.00457967573732207,0.7187654270278527,-0.17687090425304558,0.5418945227748071,0.7361348536612073,63.0,0.0,64,32
v32.22,7,128,25042008,transverse,27,36,0.47075444410617,0.260691614216784,0.6524667317571817,-0.2182620902792775,0.43420464147790416,0.6589420623073808,63.0,5.551115123125783e-17,64,32
v32.22,7,128,25042008,transverse,28,35,0.4294594398315418,0.3881395050668724,0.7860006406287829,-0.05218926893818642,0.7338113716905965,0.856627907373205,63.0,0.0,64,32
v32.22,7,128,25042008,transverse,29,34,0.41225054635000247,0.22701053997645046,0.7872581849255922,-0.03138739933142118,0.755870785594171,0.8694082962533605,63.0,0.0,64,32
v32.22,7,128,25042008,transverse,30,33,0.06595049779382828,-0.5072887848376827,0.1516173956234419,-0.02605874188093949,0.1255586537425024,0.35434256552452514,63.0,0.0,64,32
v32.22,7,128,25042008,transverse,31,32,0.05859352296139568,-0.39345788542535365,0.12787388829261875,0.002847180806748028,0.13072106909936682,0.3615536877136877,63.0,2.7755575615628914e-17,64,32
v32.22,7,128,25042009,dephasing,0,31,2.1559920327865445,0.16224221142850848,0.15469270956472123,0.754621243249721,0.9093139528144422,0.9535795471875654,31.0,1.1102230246251565e-16,32,16
v32.22,7,128,25042009,dephasing,1,30,2.155392379162046,0.4135265650525723,0.15050784117065152,0.42186690350378464,0.5723747446744363,0.7565545219443448,31.0,1.1102230246251565e-16,32,16
v32.22,7,128,25042009,dephasing,2,29,2.099845932408085,0.6155586751188523,0.17423039585782402,0.6330707681627752,0.8073011640205991,0.8984993956706921,31.0,1.1102230246251565e-16,32,16
v32.22,7,128,25042009,dephasing,3,28,2.0990037715404823,0.22457540313358287,0.18661327745767448,0.32049647944177684,0.5071097568994513,0.7121163928034877,31.0,1.1102230246251565e-16,32,16
v32.22,7,128,25042009,dephasing,4,27,1.7955284373148774,-0.6798392297301799,0.16873389742024653,-0.1663151659692957,0.0024187314509508274,0.04918060035167147,31.0,2.211772431870429e-17,32,16
v32.22,7,128,25042009,dephasing,5,26,1.7944005197882196,-0.27432664052330336,0.16068466559067401,-0.10811739448445368,0.05256727110622034,0.22927553534169393,31.0,6.938893903907228e-18,32,16
v32.22,7,128,25042009,dephasing,6,25,1.7472144400744984,-0.27016474456325323,0.13394455692006432,-0.1324149759587256,0.0015295809613387157,0.039109857598036785,31.0,5.204170427930421e-18,32,16
v32.22,7,128,25042009,dephasing,7,24,1.7463037966361816,-0.17372573015706172,0.14049375533431213,-0.07722184294726947,0.06327191238704266,0.25153908719529583,31.0,1.3877787807814457e-17,32,16
v32.22,7,128,25042009,dephasing,8,23,0.6130037576050231,0.5315315252588882,0.2578394633728014,0.44358120792908806,0.7014206713018895,0.8375086096882165,31.0,0.0,32,16
v32.22,7,128,25042009,dephasing,9,22,0.6098715901838899,-0.14982397702493488,0.26121507065644,-0.23313444623518695,0.028080624421253097,0.16757274367048208,31.0,2.0816681711721685e-17,32,16
v32.22,7,128,25042009,dephasing,10,21,0.5374749860162206,0.054248986633065543,0.24246818636460307,0.3387641545622757,0.5812323409268788,0.7623859527344918,31.0,0.0,32,16
v32.22,7,128,25042009,dephasing,11,20,0.5330254373562123,-0.43336459861536947,0.2435515955849492,-0.21873427757442215,0.02481731801052707,0.15753513262293928,31.0,1.734723475976807e-17,32,16
v32.22,7,128,25042009,dephasing,12,19,0.2579713289381068,0.10998927213278875,0.17859170466502283,0.09350095113413559,0.2720926557991584,0.5216250145450834,31.0,0.0,32,16
v32.22,7,128,25042009,dephasing,13,18,0.2435657955717357,0.278047452331032,0.18245110154627103,0.04460488529112326,0.2270559868373943,0.47650392111439577,31.0,2.7755575615628914e-17,32,16
v32.22,7,128,25042009,dephasing,14,17,0.17842404345810578,0.2204858547517743,0.1700287098869205,0.15489852826994893,0.3249272381568694,0.5700238926193089,31.0,0.0,32,16
v32.22,7,128,25042009,dephasing,15,16,0.1659586368872389,-0.08209726574015858,0.18005521151126563,0.07615424995758807,0.2562094614688537,0.5061713755921543,31.0,0.0,32,16
v32.22,7,128,25042009,transverse,0,31,2.1559920327865445,0.16224221142850848,0.4201484091196034,0.5312439221835406,0.9513923313031438,0.975393423856827,31.0,0.0,32,16
v32.22,7,128,25042009,transverse,1,30,2.155392379162046,0.4135265650525723,0.4823881546340481,0.45482918837055303,0.9372173430046011,0.9680998621033892,31.0,0.0,32,16
v32.22,7,128,25042009,transverse,2,29,2.099845932408085,0.6155586751188523,0.5568982175320849,0.24487340772884067,0.8017716252609257,0.8954170119340629,31.0,0.0,32,16
v32.22,7,128,25042009,transverse,3,28,2.0990037715404823,0.22457540313358287,0.4980437657833487,0.27720323866545504,0.7752470044488038,0.8804811210064665,31.0,0.0,32,16
v32.22,7,128,25042009,transverse,4,27,1.7955284373148774,-0.6798392297301799,0.4351626329630383,-0.22415018782659227,0.21101244513644604,0.45936090945622055,31.0,0.0,32,16
v32.22,7,128,25042009,transverse,5,26,1.7944005197882196,-0.27432664052330336,0.48861244410348004,-0.2643414138886111,0.22427103021486894,0.473572624013328,31.0,2.7755575615628914e-17,32,16
v32.22,7,128,25042009,transverse,6,25,1.7472144400744984,-0.27016474456325323,0.399207550766697,-0.1802000688139992,0.21900748195269776,0.46798235218082507,31.0,2.7755575615628914e-17,32,16
v32.22,7,128,25042009,transverse,7,24,1.7463037966361816,-0.17372573015706172,0.3458156557468284,-0.11062246700767853,0.23519318873914982,0.4849672037768635,31.0,0.0,32,16
v32.22,7,128,25042009,transverse,8,23,0.6130037576050231,0.5315315252588882,0.1575821439729691,0.44011992116873777,0.5977020651417069,0.773111935712874,31.0,1.1102230246251565e-16,32,16
v32.22,7,128,25042009,transverse,9,22,0.6098715901838899,-0.14982397702493488,0.14523962230398252,0.09571851518925958,0.24095813749324207,0.49087486948635095,31.0,2.7755575615628914e-17,32,16
v32.22,7,128,25042009,transverse,10,21,0.5374749860162206,0.054248986633065543,0.16653684210823555,0.02791300398675146,0.194449846094987,0.44096467669756384,31.0,0.0,32,16
v32.22,7,128,25042009,transverse,11,20,0.5330254373562123,-0.43336459861536947,0.18763347919432924,-0.03377085071458728,0.15386262847974197,0.3922532708337076,31.0,0.0,32,16
v32.22,7,128,25042009,transverse,12,19,0.2579713289381068,0.10998927213278875,0.19736108933139584,0.1445644443911251,0.341925533722521,0.5847439898985889,31.0,0.0,32,16
v32.22,7,128,25042009,transverse,13,18,0.2435657955717357,0.278047452331032,0.17161269573056748,0.03854425451635741,0.21015695024692488,0.45842878426962336,31.0,0.0,32,16
v32.22,7,128,25042009,transverse,14,17,0.17842404345810578,0.2204858547517743,0.21182075166979158,0.15110537084955605,0.36292612251934764,0.6024335004955714,31.0,5.551115123125783e-17,32,16
v32.22,7,128,25042009,transverse,15,16,0.1659586368872389,-0.08209726574015858,0.25849785787802493,0.10611069777816004,0.364608555656185,0.6038282501309333,31.0,0.0,32,16
v32.22,7,128,25042010,dephasing,0,31,3.2436114705555172,0.2808677132016089,0.1685431868063823,0.6975903066793521,0.8661334934857343,0.9306629312337795,31.0,1.1102230246251565e-16,32,16
v32.22,7,128,25042010,dephasing,1,30,3.176707791817641,0.369296841799553,0.2790851532760283,0.177972512241865,0.4570576655178933,0.6760603572526014,31.0,0.0,32,16
v32.22,7,128,25042010,dephasing,2,29,3.0968343804187386,-0.20822902262620907,0.26678998885881045,-0.24501167975139246,0.021778309107417973,0.14756978113122998,31.0,1.734723475976807e-17,32,16
v32.22,7,128,25042010,dephasing,3,28,3.056562522549384,-0.08053836981966017,0.20054700747530807,0.05369062467864626,0.25423763215395434,0.5042198243117975,31.0,0.0,32,16
v32.22,7,128,25042010,dephasing,4,27,2.5332853589460766,-0.05676071516132036,0.23572459206242083,0.3443691432457561,0.580093735308177,0.7616386446631633,31.0,0.0,32,16
v32.22,7,128,25042010,dephasing,5,26,2.5145117053641552,0.034050236643082904,0.2227848206670412,-0.1036857880421731,0.1190990326248681,0.34510531613133444,31.0,1.3877787807814457e-17,32,16
v32.22,7,128,25042010,dephasing,6,25,2.4504290314159656,-0.14276126030068817,0.28454571132914086,-0.269758870472528,0.014786840856612854,0.12158730453048221,31.0,2.949029909160572e-17,32,16
v32.22,7,128,25042010,dephasing,7,24,2.4245131512073783,0.3471806687222445,0.31904934754116365,0.3111819523012409,0.6302312998424044,0.7938709930806016,31.0,1.1102230246251565e-16,32,16
v32.22,7,128,25042010,dephasing,8,23,0.9198491820591708,0.32251499555638163,0.12110945609457996,0.43453631975373985,0.5556457758483198,0.7454148207117659,31.0,0.0,32,16
v32.22,7,128,25042010,dephasing,9,22,0.8536760609220975,0.1551114086735132,0.16423240281222287,0.2062232925360262,0.37045569534824907,0.6086458675535373,31.0,5.551115123125783e-17,32,16
v32.22,7,128,25042010,dephasing,10,21,0.7672517196705111,0.005538359117436997,0.15620390075868745,-0.1263759976053242,0.029827903153363262,0.17268905939573514,31.0,1.734723475976807e-17,32,16
v32.22,7,128,25042010,dephasing,11,20,0.7238731702325046,-0.20378350239073284,0.11489537660480206,-0.02024234042814223,0.09465303617665982,0.30765537395633336,31.0,0.0,32,16
v32.22,7,128,25042010,dephasing,12,19,0.29723448248894935,-0.11221890626422432,0.14703791260490595,0.22114695737991885,0.3681848699848248,0.6067820641313576,31.0,0.0,32,16
v32.22,7,128,25042010,dephasing,13,18,0.2495187074847869,0.095058281378617,0.126545814915496,-0.09736375065705533,0.029182064258440665,0.17082564450349366,31.0,3.469446951953614e-18,32,16
v32.22,7,128,25042010,dephasing,14,17,0.08171709323478735,-0.04218202895037618,0.10900115352959355,-0.0754042459019345,0.033596907627659066,0.18329383130183866,31.0,0.0,32,16
v32.22,7,128,25042010,dephasing,15,16,0.006388764515902398,0.39864493786424426,0.3241401405624126,0.10441721739387766,0.42855735795629024,0.6546428941833832,31.0,0.0,32,16
v32.22,7,128,25042010,transverse,0,31,3.2436114705555172,0.2808677132016089,0.1754757115897589,0.5808338546569554,0.7563095662467143,0.8696606040558088,31.0,1.1102230246251565e-16,32,16
v32.22,7,128,25042010,transverse,1,30,3.176707791817641,0.369296841799553,0.14145904915926544,0.2455347868709721,0.3869938360302375,0.6220882863631476,31.0,0.0,32,16
v32.22,7,128,25042010,transverse,2,29,3.0968343804187386,-0.20822902262620907,0.16512394933338215,0.1505364474057551,0.31566039673913726,0.5618366281572761,31.0,0.0,32,16
v32.22,7,128,25042010,transverse,3,28,3.056562522549384,-0.08053836981966017,0.1596803679525019,-0.0345214922920212,0.12515887566048073,0.35377800335871745,31.0,0.0,32,16
v32.22,7,128,25042010,transverse,4,27,2.5332853589460766,-0.05676071516132036,0.3508189927645957,-0.11324276011757407,0.23757623264702166,0.4874179240108243,31.0,0.0,32,16
v32.22,7,128,25042010,transverse,5,26,2.5145117053641552,0.034050236643082904,0.3152525713991104,-0.23065860489829176,0.08459396650081864,0.29085041946130774,31.0,2.7755575615628914e-17,32,16
v32.22,7,128,25042010,transverse,6,25,2.4504290314159656,-0.14276126030068817,0.18712575233256357,0.04560693848513925,0.23273269081770281,0.48242376684581245,31.0,2.7755575615628914e-17,32,16
v32.22,7,128,25042010,transverse,7,24,2.4245131512073783,0.3471806687222445,0.20400413653232496,0.357386018199979,0.5613901547323039,0.7492597378294819,31.0,0.0,32,16
v32.22,7,128,25042010,transverse,8,23,0.9198491820591708,0.32251499555638163,0.29262852491885427,0.4695423247078394,0.7621708496266937,0.873023968529326,31.0,0.0,32,16
v32.22,7,128,25042010,transverse,9,22,0.8536760609220975,0.1551114086735132,0.27618613341118525,-0.23040971729882162,0.04577641611236362,0.21395423836036437,31.0,2.7755575615628914e-17,32,16
v32.22,7,128,25042010,transverse,10,21,0.7672517196705111,0.005538359117436997,0.21958696369151848,0.1895764579750362,0.4091634216665547,0.6396588322430596,31.0,5.551115123125783e-17,32,16
v32.22,7,128,25042010,transverse,11,20,0.7238731702325046,-0.20378350239073284,0.25011819202154206,-0.2367399110411249,0.013378280980417132,0.11566451910770706,31.0,2.6020852139652106e-17,32,16
v32.22,7,128,25042010,transverse,12,19,0.29723448248894935,-0.11221890626422432,0.1226817981856684,-0.09133933027337776,0.031342467912290645,0.17703804086210015,31.0,1.3877787807814457e-17,32,16
v32.22,7,128,25042010,transverse,13,18,0.2495187074847869,0.095058281378617,0.12349000074837396,-0.0997594114676669,0.023730589280707065,0.15404736051197718,31.0,3.469446951953614e-18,32,16
v32.22,7,128,25042010,transverse,14,17,0.08171709323478735,-0.04218202895037618,0.11229152259793518,-0.08702378103638278,0.025267741561552398,0.1589583013294757,31.0,3.469446951953614e-18,32,16
v32.22,7,128,25042010,transverse,15,16,0.006388764515902398,0.39864493786424426,0.5669141903651402,0.15105299324472216,0.7179671836098624,0.8473294421946298,31.0,0.0,32,16
v32.22,7,128,25042011,dephasing,0,31,3.179986990992442,0.04073334004114115,0.4894503351784984,0.34211632492249067,0.831566660100989,0.911902768995132,31.0,0.0,32,16
v32.22,7,128,25042011,dephasing,1,30,3.155040851907619,-0.024858021584132806,0.4668650815932509,-0.24115095586102336,0.2257141257322276,0.4750938072972827,31.0,2.7755575615628914e-17,32,16
v32.22,7,128,25042011,dephasing,2,29,3.1149387629785976,0.09707262214683077,0.43118140987136355,-0.15405762883528704,0.27712378103607654,0.526425475291685,31.0,0.0,32,16
v32.22,7,128,25042011,dephasing,3,28,3.089002676807255,0.07856552146380252,0.4433347932880286,0.07288998785615138,0.51622478114418,0.7184878434212927,31.0,1.1102230246251565e-16,32,16
v32.22,7,128,25042011,dephasing,4,27,1.6102226860499016,0.03475855155603058,0.23693114207502386,0.43767247776564167,0.6746036198406655,0.8213425715501819,31.0,0.0,32,16
v32.22,7,128,25042011,dephasing,5,26,1.5677674935570345,-0.06127462607623983,0.188587141409734,-0.11439798544792652,0.0741891559618075,0.2723768638519203,31.0,1.3877787807814457e-17,32,16
v32.22,7,128,25042011,dephasing,6,25,1.495523494629648,0.3521086066115608,0.1821134045934038,0.3049275090400685,0.48704091363347235,0.6978831661771706,31.0,5.551115123125783e-17,32,16
v32.22,7,128,25042011,dephasing,7,24,1.4198875200348435,0.04932127597719872,0.1644002876684374,-0.04862315796099105,0.11577712970744636,0.3402603851573767,31.0,0.0,32,16
v32.22,7,128,25042011,dephasing,8,23,1.3535016501332147,0.04094530201603458,0.10194829308172187,-0.05567393231384434,0.046274360767877526,0.21511476185487022,31.0,6.938893903907228e-18,32,16
v32.22,7,128,25042011,dephasing,9,22,1.2811552143603862,-0.09508229539154996,0.3027372654964505,-0.13167343890278937,0.1710638265936611,0.4135986298256573,31.0,2.7755575615628914e-17,32,16
v32.22,7,128,25042011,dephasing,10,21,1.26161046862634,-0.1874010044852426,0.3259612620988882,-0.037249043259035476,0.28871221883985276,0.5373194755821278,31.0,0.0,32,16
v32.22,7,128,25042011,dephasing,11,20,1.1264338397435192,0.10589236560913272,0.11783056277908285,0.0021326281258427326,0.11996319090492558,0.3463570280865188,31.0,1.3877787807814457e-17,32,16
v32.22,7,128,25042011,dephasing,12,19,0.8681096828406726,-0.2388233889572196,0.29601223854956776,0.00402079739188441,0.3000330359414522,0.5477527142255456,31.0,5.551115123125783e-17,32,16
v32.22,7,128,25042011,dephasing,13,18,0.840182608854126,0.04459965434707312,0.28839488446081063,-0.0990372727657745,0.18935761169503612,0.4351524005392089,31.0,2.7755575615628914e-17,32,16
v32.22,7,128,25042011,dephasing,14,17,0.8106032885918917,0.1582659784576977,0.2618010112176458,0.1949167420579499,0.4567177532755957,0.6758089621154751,31.0,0.0,32,16
v32.22,7,128,25042011,dephasing,15,16,0.7268909119242857,-0.04289022139636592,0.07824901195389962,0.12356535666705953,0.20181436862095914,0.44923754141985855,31.0,2.7755575615628914e-17,32,16
v32.22,7,128,25042011,transverse,0,31,3.179986990992442,0.04073334004114115,0.5001321362690225,0.4730699429506813,0.9732020792197038,0.9865100502375552,31.0,1.1102230246251565e-16,32,16
v32.22,7,128,25042011,transverse,1,30,3.155040851907619,-0.024858021584132806,0.4377292844299431,0.08467178656516969,0.5224010709951128,0.7227731808770388,31.0,1.1102230246251565e-16,32,16
v32.22,7,128,25042011,transverse,2,29,3.1149387629785976,0.09707262214683077,0.4287925080042406,-0.05474698083560093,0.3740455271686397,0.6115926153647048,31.0,5.551115123125783e-17,32,16
v32.22,7,128,25042011,transverse,3,28,3.089002676807255,0.07856552146380252,0.512666994820269,0.24299548722844572,0.7556624820487148,0.8692884918418711,31.0,0.0,32,16
v32.22,7,128,25042011,transverse,4,27,1.6102226860499016,0.03475855155603058,0.6968865045692663,0.1885539909501797,0.8854404955194459,0.9409784777131971,31.0,1.1102230246251565e-16,32,16
v32.22,7,128,25042011,transverse,5,26,1.5677674935570345,-0.06127462607623983,0.5971396204415516,-0.16897348255540878,0.4281661378861428,0.6543440516166878,31.0,5.551115123125783e-17,32,16
v32.22,7,128,25042011,transverse,6,25,1.495523494629648,0.3521086066115608,0.37670376644961273,0.17963803561346603,0.5563418020630788,0.7458832362126654,31.0,0.0,32,16
v32.22,7,128,25042011,transverse,7,24,1.4198875200348435,0.04932127597719872,0.2894652201811472,-0.12486873880090467,0.16459648138024247,0.40570491909791095,31.0,2.7755575615628914e-17,32,16
v32.22,7,128,25042011,transverse,8,23,1.3535016501332147,0.04094530201603458,0.11341826592778813,-0.016643419039382712,0.09677484688840542,0.31108655851451605,31.0,0.0,32,16
v32.22,7,128,25042011,transverse,9,22,1.2811552143603862,-0.09508229539154996,0.1697303763787727,-0.03305910698767693,0.13667126939109578,0.36969077536651596,31.0,0.0,32,16
v32.22,7,128,25042011,transverse,10,21,1.26161046862634,-0.1874010044852426,0.15520744652991658,-0.09115263538240015,0.06405481114751643,0.25309051967135476,31.0,0.0,32,16
v32.22,7,128,25042011,transverse,11,20,1.1264338397435192,0.10589236560913272,0.1592218188082942,0.05063313495784076,0.20985495376613494,0.45809928374331144,31.0,2.7755575615628914e-17,32,16
v32.22,7,128,25042011,transverse,12,19,0.8681096828406726,-0.2388233889572196,0.16452180019555585,-0.09079694774139913,0.07372485245415673,0.27152320794760204,31.0,1.3877787807814457e-17,32,16
v32.22,7,128,25042011,transverse,13,18,0.840182608854126,0.04459965434707312,0.15533378319313115,-0.04606801944461601,0.10926576374851513,0.3305537229385189,31.0,1.3877787807814457e-17,32,16
v32.22,7,128,25042011,transverse,14,17,0.8106032885918917,0.1582659784576977,0.1371524997411106,0.13483174874567544,0.27198424848678604,0.5215210911236343,31.0,5.551115123125783e-17,32,16
v32.22,7,128,25042011,transverse,15,16,0.7268909119242857,-0.04289022139636592,0.18304134884263001,0.25936820147379547,0.4424095503164255,0.6651387451625604,31.0,5.551115123125783e-17,32,16
