version,seed,family,group,energy,group_dim,K2_norm,K3_norm,K4_norm,K5_norm,K6_norm,K3_over_K2,K5_over_K2
v32.25,25042000,dephasing,0,-2.8745524227467336,4,0.8671059923641611,0.10370700745445366,6.723624637371568,1.0736753640278147,8379.611374001035,0.11960130407090938,1.2382285135643487
v32.25,25042000,dephasing,1,-2.87344508633917,4,0.40694521747995555,0.10325975253184878,6.999913142569097,1.2119687175650966,8353.907262954637,0.2537436197709706,2.978210986408246
v32.25,25042000,dephasing,2,-2.8439494108712084,4,0.8797503615963503,0.10910320070934479,8.540402562068202,1.4359584816741688,8076.63074767205,0.12401609078213012,1.632234034060016
v32.25,25042000,dephasing,3,-2.8428147436945483,4,0.3963116777509657,0.10892399801897332,8.821269780526045,1.5857911868808274,8049.230638361028,0.27484428073658473,4.001373857767842
v32.25,25042000,dephasing,4,-1.9787294107422497,4,1.9240120148205346,0.15748140488533321,96.21038204611699,30.1265580437358,4801.254798994525,0.08185053090742915,15.658196420642364
v32.25,25042000,dephasing,5,-1.976180619004873,4,1.0066378678327537,0.07212644602988873,98.06135710800939,30.942498999643647,4851.716510438876,0.07165083724216907,30.73846115710058
v32.25,25042000,dephasing,6,-1.966744402461952,4,2.1726796598203624,0.13024855567785706,116.14871662274666,36.05646360535957,5297.643235013177,0.059948347695502446,16.59538875986013
v32.25,25042000,dephasing,7,-1.964430991862898,4,1.2494623744349258,0.11234615534163889,118.33098918999401,37.52193664801143,5421.589751225608,0.08991559701223326,30.030465435168367
v32.25,25042000,dephasing,8,-1.6921458564839145,4,3.6067441032141363,0.09761051679420317,227.46071063747783,43.048412753039706,15690.46440498987,0.027063333023049217,11.935532857647782
v32.25,25042000,dephasing,9,-1.6886100349699225,4,2.33376665263901,0.1588249631309407,230.32106812497182,45.35467288515851,15676.810764439406,0.06805520292756875,19.4341078761545
v32.25,25042000,dephasing,10,-1.6764420039566006,4,3.175273016924499,0.45921561597930927,167.5954243126132,3.044118416498615,10372.99801375442,0.14462240365840906,0.9586950162311026
v32.25,25042000,dephasing,11,-1.6720595812293486,4,1.91075284663177,0.751218157468014,164.77047517789794,3.2045687105873646,9947.907320024486,0.3931529704599125,1.6771236092811808
v32.25,25042000,dephasing,12,-1.4639107662982664,4,3.0673797250910133,0.6109025978428,133.4682973456885,53.73763625639124,7318.357851889947,0.19916106012100399,17.519068740273678
v32.25,25042000,dephasing,13,-1.458412911542341,4,1.7083425418460316,0.30079778979779637,147.4308249063808,61.50366006589227,7892.254488459153,0.17607580589356212,36.00194841453256
v32.25,25042000,dephasing,14,-1.4334527954745657,4,3.2114231813577887,0.1056772541772091,124.71369151680827,24.69423434860859,6196.536104283795,0.0329066735242687,7.689498690785396
v32.25,25042000,dephasing,15,-1.4275616977982162,4,1.924279006160242,0.08470886303175297,138.59423916016385,19.97595596999737,7069.60250981403,0.044021091931353194,10.38100811059511
v32.25,25042000,dephasing,16,-1.0939615772545643,4,3.898199751438385,0.1899678518539137,183.85030815111745,14.644271611886031,10583.659533102913,0.0487322004942969,3.7566755286161224
v32.25,25042000,dephasing,17,-1.0881648225246672,4,2.421092555685932,0.09037848316803664,203.78254464028268,18.12783360627715,10970.553030420626,0.037329627467476575,7.48745997492081
v32.25,25042000,dephasing,18,-1.0741101228597911,4,3.704696161483001,0.27458361993987823,175.8307365026366,18.75896206024882,10405.919983612559,0.07411771653359059,5.063562905720061
v32.25,25042000,dephasing,19,-1.0687765868124615,4,2.2994503419496493,0.16042997148431512,190.7690419508211,20.113377923169345,11524.065338964629,0.06976883499397094,8.7470373054961
v32.25,25042000,dephasing,20,-0.6587625915442124,4,3.3438471422315312,0.26961917186719186,121.72724313040484,3.765184653554573,6133.71562004701,0.0806314285309287,1.1260038193737112
v32.25,25042000,dephasing,21,-0.6523641195267387,4,1.9634699758592724,0.035217788924743754,176.89138990310533,19.34952275445811,7489.702507935768,0.017936504941630904,9.854758663162235
v32.25,25042000,dephasing,22,-0.6353883011550365,4,2.9707423731170763,0.30939282497577747,65.49786898848245,8.892481916311828,2558.193283380401,0.10414663613228246,2.9933534448432555
v32.25,25042000,dephasing,23,-0.6293356210701319,4,1.9968541372170114,0.0083001566214925,116.60641238617013,4.331988087294369,5264.502287697752,0.004156616383137687,2.169406371029084
v32.25,25042000,dephasing,24,-0.2843715887463746,4,2.3713177441735316,0.32222848676890675,144.0304045749746,65.62470283049306,30789.176514800278,0.13588583291321513,27.674360802864506
v32.25,25042000,dephasing,25,-0.28120544125656827,4,1.2133689305273698,0.22075216665612094,135.44039266916178,86.08807271577405,29314.69709928151,0.18193326127130585,70.94962673748152
v32.25,25042000,dephasing,26,-0.26482062964046393,4,2.455821420040952,0.31571349334425053,147.9340492599929,90.73728901604348,34795.687465012496,0.12855718692240492,36.94783679121521
v32.25,25042000,dephasing,27,-0.26198646877352644,4,1.4374558802109254,0.23775794372909984,134.1271624319538,116.38897842841713,32399.77119421886,0.16540190694006718,80.96873095773817
v32.25,25042000,dephasing,28,-0.07278294475567904,4,7.542886475801146,0.07033659115146858,12.784431276155045,122.97559578186011,10308.496525212466,0.009324890594220163,16.30351937237642
v32.25,25042000,dephasing,29,-0.07081255002358791,4,7.523518075247102,0.07239973162937627,6.483316687032111,132.10285557198173,3669.621955394546,0.009623121909891653,17.558654641451493
v32.25,25042000,dephasing,30,-0.048600388009180505,4,11.391614159650551,0.07319491661639545,42.43408559433721,260.1328755583193,81086.87140643413,0.006425333196032402,22.83547106780688
v32.25,25042000,dephasing,31,-0.046593787730558514,4,11.389448135618318,0.09520462422058877,51.16921146140527,287.39611522610045,86652.22402515264,0.008359019953113842,25.233541766376206
v32.25,25042000,dephasing,32,0.04659378773055864,4,11.389448135618288,0.09520462422064079,51.16921146140858,287.39611522637114,86652.22402513828,0.008359019953118432,25.23354176640004
v32.25,25042000,dephasing,33,0.048600388009180644,4,11.391614159650588,0.07319491661600103,42.43408559434161,260.1328755584833,81086.8714064486,0.006425333195997758,22.8354710678212
v32.25,25042000,dephasing,34,0.07081255002358793,4,7.5235180752470985,0.07239973162950158,6.483316687040272,132.10285557218256,3669.621955402037,0.009623121909908314,17.558654641478196
v32.25,25042000,dephasing,35,0.07278294475567904,4,7.542886475801152,0.07033659115127801,12.78443127616578,122.97559578172698,10308.496525213184,0.009324890594194892,16.30351937235876
v32.25,25042000,dephasing,36,0.2619864687735263,4,1.4374558802109365,0.23775794373169554,134.12716243193918,116.38897842774401,32399.771194213776,0.16540190694187165,80.96873095726927
v32.25,25042000,dephasing,37,0.26482062964046393,4,2.455821420040909,0.31571349334697646,147.93404925999232,90.73728901537316,34795.68746501148,0.12855718692351714,36.947836790942915
v32.25,25042000,dephasing,38,0.2812054412565679,4,1.213368930527385,0.22075216665745373,135.44039266915715,86.08807271537647,29314.697099280293,0.181933261272402,70.94962673715298
v32.25,25042000,dephasing,39,0.2843715887463743,4,2.3713177441735294,0.32222848676962085,144.03040457497562,65.62470283025513,30789.176514800693,0.1358858329135164,27.674360802764195
v32.25,25042000,dephasing,40,0.6293356210701317,4,1.9968541372169815,0.008300156620894797,116.60641238616454,4.33198808720704,5264.502287697247,0.004156616382838427,2.169406370985383
v32.25,25042000,dephasing,41,0.6353883011550365,4,2.970742373117034,0.3093928249747749,65.49786898848022,8.892481916254956,2558.193283380261,0.10414663613194645,2.993353444824154
v32.25,25042000,dephasing,42,0.6523641195267388,4,1.9634699758593208,0.03521778892520793,176.89138990310764,19.34952275444162,7489.7025079359255,0.017936504941866868,9.854758663153593
v32.25,25042000,dephasing,43,0.6587625915442124,4,3.343847142231574,0.2696191718671313,121.72724313040769,3.7651846535341176,6133.715620047149,0.08063142853090956,1.1260038193675794
v32.25,25042000,dephasing,44,1.0687765868124621,4,2.299450341950258,0.16042997148237967,190.7690419508952,20.113377922931274,11524.065338971131,0.06976883499311076,8.74703730539025
v32.25,25042000,dephasing,45,1.0741101228597905,4,3.70469616148372,0.27458361993806896,175.83073650271527,18.75896206007432,10405.919983618895,0.07411771653308784,5.063562905671976
v32.25,25042000,dephasing,46,1.0881648225246672,4,2.4210925556857728,0.09037848316625034,203.78254464026517,18.127833606056992,10970.55303041895,0.037329627466741226,7.48745997483037
v32.25,25042000,dephasing,47,1.0939615772545648,4,3.8981997514381184,0.1899678518519141,183.85030815108914,14.64427161166355,10583.659533100692,0.04873220049378727,3.7566755285593065
v32.25,25042000,dephasing,48,1.4275616977982164,4,1.924279006160843,0.08470886303157568,138.5942391602264,19.975955970029826,7069.602509818715,0.044021091931247314,10.381008110608734
v32.25,25042000,dephasing,49,1.4334527954745644,4,3.211423181358416,0.10567725417706714,124.71369151686922,24.694234348611406,6196.5361042881,0.03290667352421806,7.689498690784771
v32.25,25042000,dephasing,50,1.4584129115423414,4,1.7083425418461946,0.3007977897987753,147.4308249063973,61.503660066021936,7892.254488460414,0.17607580589411834,36.00194841460503
v32.25,25042000,dephasing,51,1.4639107662982664,4,3.0673797250911963,0.6109025978441206,133.4682973457088,53.73763625653853,7318.357851891605,0.19916106012142265,17.51906874032065
v32.25,25042000,dephasing,52,1.6720595812293473,4,1.9107528466316412,0.7512181574705971,164.7704751778823,3.2045687109108307,9947.907320023238,0.39315297046129083,1.677123609450581
v32.25,25042000,dephasing,53,1.6764420039565993,4,3.175273016924428,0.4592156159819103,167.59542431260527,3.0441184168303903,10372.99801375373,0.14462240365923146,0.9586950163356114
v32.25,25042000,dephasing,54,1.6886100349699211,4,2.3337666526378897,0.15882496313262898,230.32106812481913,45.354672884865074,15676.810764426278,0.06805520292832484,19.434107876038095
v32.25,25042000,dephasing,55,1.6921458564839147,4,3.6067441032132166,0.09761051679179057,227.46071063735394,43.04841275272758,15690.464404979177,0.027063333022387205,11.935532857564285
v32.25,25042000,dephasing,56,1.9644309918628977,4,1.2494623744344013,0.11234615533421304,118.3309891899457,37.521936648675315,5421.589751226783,0.08991559700632776,30.030465435712305
v32.25,25042000,dephasing,57,1.966744402461953,4,2.172679659819757,0.1302485556853871,116.1487166226893,36.05646360605203,5297.6432350147425,0.05994834769898493,16.595388760183464
v32.25,25042000,dephasing,58,1.9761806190048739,4,1.0066378678326293,0.07212644602848882,98.06135710799691,30.9424989997554,4851.716510438767,0.07165083724078723,30.738461157215394
v32.25,25042000,dephasing,59,1.9787294107422513,4,1.9240120148201758,0.15748140488644446,96.2103820460759,30.126558043857973,4801.25479899341,0.081850530908022,15.658196420708784
v32.25,25042000,dephasing,60,2.8428147436945483,4,0.3963116777509529,0.10892399801916074,8.821269780503787,1.585791187217939,8049.230638373272,0.2748442807370665,4.001373858618594
v32.25,25042000,dephasing,61,2.8439494108712084,4,0.8797503615963473,0.10910320070916102,8.540402562074476,1.435958482012752,8076.630747668866,0.12401609078192166,1.6322340344448845
v32.25,25042000,dephasing,62,2.87344508633917,4,0.4069452174799437,0.10325975253178919,6.999913142539474,1.2119687174116354,8353.907262970119,0.25374361977083154,2.978210986031227
v32.25,25042000,dephasing,63,2.874552422746733,4,0.8671059923641661,0.10370700745451389,6.723624637359672,1.0736753638594771,8379.61137400709,0.11960130407097816,1.2382285133702045
v32.25,25042000,transverse,0,-2.8745524227467336,4,1.629020563513946,1.3431438879058204e-13,10.56805785045506,4.049468667293546e-10,26654.27678232415,8.245100878337204e-14,2.48583029459031e-10
v32.25,25042000,transverse,1,-2.87344508633917,4,1.365361188958686,1.3696194998892896e-13,10.923125271492514,3.8854097862900837e-10,26624.610292414018,1.0031188164458162e-13,2.845701062627503e-10
v32.25,25042000,transverse,2,-2.8439494108712084,4,1.56532278431329,2.630368030874844e-13,13.592544467106004,8.116892051835801e-10,25041.792174316684,1.680399759867286e-13,5.185442985420223e-10
v32.25,25042000,transverse,3,-2.8428147436945483,4,1.2636725165564384,2.5549013451276993e-13,13.47000541562751,8.062552333234799e-10,24936.989666731617,2.0218065295033198e-13,6.380254557727977e-10
v32.25,25042000,transverse,4,-1.9787294107422497,4,8.309670938201249,4.299453705094365e-11,2396.253695805109,2.9385745696902228e-08,834773.7534207563,5.174036056384497e-12,3.5363308505767626e-09
v32.25,25042000,transverse,5,-1.976180619004873,4,1.8620478071958737,4.251089194350111e-11,2430.6334482574043,3.019160853345334e-08,826818.3897625934,2.2830182865991945e-11,1.6214196228892746e-08
v32.25,25042000,transverse,6,-1.966744402461952,4,5.755802136810337,2.8054334311859208e-11,1268.2224076823627,1.4636126724977313e-08,271954.8859689784,4.874096371805778e-12,2.5428474393472006e-09
v32.25,25042000,transverse,7,-1.964430991862898,4,0.8725328228909717,2.91218954211573e-11,1175.7895419808956,1.402885292660356e-08,266895.2504170154,3.337627497458197e-11,1.6078309673350307e-08
v32.25,25042000,transverse,8,-1.6921458564839145,4,8.370536948896214,1.6269174351029096e-11,1508.555902702724,6.745654447295294e-09,327334.36765568925,1.9436237424618787e-12,8.058807324403262e-10
v32.25,25042000,transverse,9,-1.6886100349699225,4,4.3746835170717935,1.5632462994251688e-11,1609.8181390453146,6.977278049579544e-09,338107.81587157596,3.573392894193937e-12,1.594921786307825e-09
v32.25,25042000,transverse,10,-1.6764420039566006,4,7.9361595572222665,8.314208903179873e-12,1525.4011494800973,4.53227657551782e-09,421025.63560779125,1.0476363086240579e-12,5.710919170461034e-10
v32.25,25042000,transverse,11,-1.6720595812293486,4,2.1267166840864298,8.986988624420261e-12,1537.1408086805916,5.110541843785638e-09,432469.14511601254,4.225757333671733e-12,2.4030195850844915e-09
v32.25,25042000,transverse,12,-1.4639107662982664,4,5.158830350075908,1.0536041059506639e-11,296.01738898783753,1.1578610563493932e-09,25068.91934233915,2.042331370588996e-12,2.2444255340405917e-10
v32.25,25042000,transverse,13,-1.458412911542341,4,6.55214437495395,1.0788981322597328e-11,383.7830160328443,1.3297867790026782e-09,13091.315061636027,1.6466336370485053e-12,2.0295443795254043e-10
v32.25,25042000,transverse,14,-1.4334527954745657,4,5.651038191788011,7.261673363730558e-12,206.8050422537408,5.382007600700215e-10,3828.61922775144,1.285015800155641e-12,9.523927140540747e-11
v32.25,25042000,transverse,15,-1.4275616977982162,4,6.593553103597548,6.77632538258669e-12,279.0905063417075,5.38361116505677e-10,9615.97762394273,1.0277198463586224e-12,8.164962169060843e-11
v32.25,25042000,transverse,16,-1.0939615772545643,4,1.5881619803530624,3.835535814351147e-13,36.51051509192388,3.3752441371898226e-11,3923.3822603578774,2.4150784754956e-13,2.1252518187341798e-11
v32.25,25042000,transverse,17,-1.0881648225246672,4,1.1087701021687182,3.5438682863115325e-13,51.95822074239795,6.542621457683881e-11,3713.299549534688,3.196215590030649e-13,5.900791737517748e-11
v32.25,25042000,transverse,18,-1.0741101228597911,4,0.9000294449297266,1.865774393157889e-13,18.7725720388035,5.870124171742727e-12,88.28099127205901,2.0730148370907653e-13,6.522146808431429e-12
v32.25,25042000,transverse,19,-1.0687765868124615,4,0.8300863090711154,1.6183514559035066e-13,21.2439663151974,1.818787662521658e-11,1332.3641957910093,1.9496182965774692e-13,2.191082593034116e-11
v32.25,25042000,transverse,20,-0.6587625915442124,4,36.57140058305071,1.1190143640268461e-10,1302.278938456948,7.719485431203956e-09,518586.3151036997,3.059807243328443e-12,2.1107984130040702e-10
v32.25,25042000,transverse,21,-0.6523641195267387,4,33.335566674789334,1.1841183187066693e-10,10785.212911547507,5.567358222672245e-08,1793842.720365135,3.552116963417879e-12,1.6700955699915152e-09
v32.25,25042000,transverse,22,-0.6353883011550365,4,37.59858210199095,1.487323554723031e-10,14276.610163550135,8.306102046845483e-08,931815.6855059417,3.955796925236372e-12,2.2091530005876606e-09
v32.25,25042000,transverse,23,-0.6293356210701319,4,41.819561292763375,1.4297030167868477e-10,2842.5118178425923,2.1439799864684264e-08,738093.4033060062,3.4187422646020183e-12,5.126739545303239e-10
v32.25,25042000,transverse,24,-0.2843715887463746,4,0.5943860319934443,5.995466163689213e-13,43.50973227682444,7.769931415119058e-11,3063.507856774099,1.0086822100414598e-12,1.3072197186499085e-10
v32.25,25042000,transverse,25,-0.28120544125656827,4,0.28098159706720593,6.182385872036315e-13,8.25259209235654,2.2653709990572086e-11,458.80888247598193,2.2002814193406395e-12,8.062346512022178e-11
v32.25,25042000,transverse,26,-0.26482062964046393,4,0.5324347757832546,5.611058652759031e-13,8.543716165877548,7.379393703231137e-12,307.6960316283756,1.0538490173758297e-12,1.385971397599913e-11
v32.25,25042000,transverse,27,-0.26198646877352644,4,0.47756224691767757,5.381889489558831e-13,17.82428719268282,4.1309226886505576e-11,884.1364548261943,1.126950366008845e-12,8.65001937509237e-11
v32.25,25042000,transverse,28,-0.07278294475567904,4,86.93439827648587,2.8319976581451803e-09,31380.011725131237,8.341309142857047e-07,4375357.609124473,3.257626111517221e-11,9.594946658891427e-09
v32.25,25042000,transverse,29,-0.07081255002358791,4,81.45057685459233,2.840694452674406e-09,38450.51380626467,1.1412768892959496e-06,7236175.019896885,3.4876296305987945e-11,1.4011894493189246e-08
v32.25,25042000,transverse,30,-0.048600388009180505,4,63.022519072681405,1.1697541863979724e-09,22464.30923958877,3.763237468192431e-07,3506044.7006913302,1.8560892258986676e-11,5.971258406621983e-09
v32.25,25042000,transverse,31,-0.046593787730558514,4,58.301808506713236,1.1764609197921724e-09,21064.096548599846,3.9117914827517387e-07,3966773.4986741585,2.0178806625813455e-11,6.709554271033137e-09
v32.25,25042000,transverse,32,0.04659378773055864,4,58.301808506712675,1.2740986488237599e-09,21064.096548599486,4.2464117312112655e-07,3966773.4986741594,2.1853501314235635e-11,7.2834991571871185e-09
v32.25,25042000,transverse,33,0.048600388009180644,4,63.0225190726809,1.2620682323002906e-09,22464.30923958884,3.9952114583843365e-07,3506044.70069145,2.002567099618482e-11,6.339339520492425e-09
v32.25,25042000,transverse,34,0.07081255002358793,4,81.45057685459248,3.456378793851177e-09,38450.513806264295,1.3894496567069323e-06,7236175.0198965585,4.243528931687724e-11,1.705880682941523e-08
v32.25,25042000,transverse,35,0.07278294475567904,4,86.93439827648606,3.4366301873492304e-09,31380.01172513145,1.0123176954738605e-06,4375357.609124382,3.953130470195901e-11,1.1644616119091161e-08
v32.25,25042000,transverse,36,0.2619864687735263,4,0.4775622469176667,9.517089316748097e-13,17.824287192686395,4.838554979778848e-11,884.1364548264783,1.9928479225848175e-12,1.0131778655051497e-10
v32.25,25042000,transverse,37,0.26482062964046393,4,0.532434775783289,1.0394589501325019e-12,8.543716165875617,1.4522241993147665e-11,307.69603162826974,1.952274714970123e-12,2.7275156796028836e-11
v32.25,25042000,transverse,38,0.2812054412565679,4,0.28098159706719794,5.146843635542335e-13,8.252592092355732,1.959187470702902e-11,458.80888247601166,1.8317369141835455e-12,6.972654049775202e-11
v32.25,25042000,transverse,39,0.2843715887463743,4,0.5943860319934581,4.602871560938708e-13,43.50973227682503,8.524767978821517e-11,3063.5078567740566,7.74390936728703e-13,1.4342140494504996e-10
v32.25,25042000,transverse,40,0.6293356210701317,4,41.819561292762735,1.2728217598889863e-10,2842.5118178424013,1.825085967265928e-08,738093.4033059472,3.0436038077454913e-12,4.3641920451752235e-10
v32.25,25042000,transverse,41,0.6353883011550365,4,37.59858210199006,1.2972414013455073e-10,14276.61016354938,7.928713788648787e-08,931815.6855059734,3.450240218704538e-12,2.108779997910912e-09
v32.25,25042000,transverse,42,0.6523641195267388,4,33.335566674789916,1.3845135761532952e-10,10785.21291154747,6.591615028624055e-08,1793842.7203650826,4.153262458863002e-12,1.977352025519631e-09
v32.25,25042000,transverse,43,0.6587625915442124,4,36.57140058305121,1.2705419878460728e-10,1302.278938456941,9.34830031886529e-09,518586.3151037035,3.4741409068016324e-12,2.556177824701005e-10
v32.25,25042000,transverse,44,1.0687765868124621,4,0.830086309071094,1.8501375924167325e-13,21.24396631520152,1.9610907830870682e-11,1332.3641957915459,2.2288496656294986e-13,2.3625143092428807e-11
v32.25,25042000,transverse,45,1.0741101228597905,4,0.9000294449297596,2.0718011950255127e-13,18.77257203880591,6.53109500896489e-12,88.28099127193504,2.301926016639601e-13,7.256534823118584e-12
v32.25,25042000,transverse,46,1.0881648225246672,4,1.108770102168712,2.3353938702770903e-13,51.95822074239532,4.193812476549158e-11,3713.299549534253,2.1062922473370713e-13,3.782400398735699e-11
v32.25,25042000,transverse,47,1.0939615772545648,4,1.5881619803530433,1.9373819841937792e-13,36.51051509191813,1.8990983027807042e-11,3923.3822603567237,1.2198894118867556e-13,1.195783759008348e-11
v32.25,25042000,transverse,48,1.4275616977982164,4,6.593553103598996,6.385162197675051e-12,279.0905063418032,5.077192915376557e-10,9615.977623947401,9.683947482260819e-13,7.70023815020955e-11
v32.25,25042000,transverse,49,1.4334527954745644,4,5.651038191789519,6.5095722914130476e-12,206.8050422538494,4.26155123131083e-10,3828.6192277564096,1.1519250216483947e-12,7.541182852918078e-11
v32.25,25042000,transverse,50,1.4584129115423414,4,6.552144374954385,8.73568062965752e-12,383.78301603290043,1.0507126932288263e-09,13091.315061640573,1.3332552107749209e-12,1.6036165156024072e-10
v32.25,25042000,transverse,51,1.4639107662982664,4,5.158830350076345,9.635422432209099e-12,296.01738898789836,1.070167897257404e-09,25068.919342345544,1.867753304209065e-12,2.0744390193826917e-10
v32.25,25042000,transverse,52,1.6720595812293473,4,2.1267166840861633,1.7171739598535444e-11,1537.1408086804715,9.797093792029971e-09,432469.1451159713,8.074295803963202e-12,4.606675569595073e-09
v32.25,25042000,transverse,53,1.6764420039565993,4,7.936159557222144,1.7194770821576155e-11,1525.401149480025,9.443757895916061e-09,421025.6356077637,2.1666362297275634e-12,1.1899657293711992e-09
v32.25,25042000,transverse,54,1.6886100349699211,4,4.374683517069308,3.750993961652538e-11,1609.8181390442487,1.6842384395593804e-08,338107.81587128335,8.574320741184512e-12,3.8499663643958566e-09
v32.25,25042000,transverse,55,1.6921458564839147,4,8.370536948894202,3.664317523824073e-11,1508.5559027018949,1.4990120266198354e-08,327334.36765546625,4.37763735611746e-12,1.7908194369990373e-09
v32.25,25042000,transverse,56,1.9644309918628977,4,0.8725328228901057,3.8601120358818886e-11,1175.7895419804763,1.856021967899626e-08,266895.2504171025,4.4240307465981306e-11,2.1271657858691115e-08
v32.25,25042000,transverse,57,1.966744402461953,4,5.755802136809306,3.8630023048407534e-11,1268.2224076818698,2.0462536191556733e-08,271954.885969077,6.711492530530567e-12,3.5551145965729836e-09
v32.25,25042000,transverse,58,1.9761806190048739,4,1.8620478071952231,3.70933965609469e-11,2430.6334482569637,2.6230137116409304e-08,826818.3897625054,1.9920754138326968e-11,1.4086715182635078e-08
v32.25,25042000,transverse,59,1.9787294107422513,4,8.309670938199732,3.658374952791508e-11,2396.253695804089,2.4930805835856388e-08,834773.7534205884,4.402550931317727e-12,3.000215775241947e-09
v32.25,25042000,transverse,60,2.8428147436945483,4,1.2636725165564313,4.426183397874782e-13,13.470005415597619,9.98273853103242e-10,24936.989666765854,3.502634851896871e-13,7.899782894887882e-10
v32.25,25042000,transverse,61,2.8439494108712084,4,1.565322784313284,4.326006578630209e-13,13.592544467113546,9.85741175804104e-10,25041.792174307557,2.763651447473214e-13,6.297366815858074e-10
v32.25,25042000,transverse,62,2.87344508633917,4,1.3653611889586827,2.1343125520500108e-13,10.923125271452411,6.713300876972056e-10,26624.610292464942,1.5631853089934266e-13,4.916868101467037e-10
v32.25,25042000,transverse,63,2.874552422746733,4,1.6290205635139436,2.1848127748209421e-13,10.568057850439311,6.69551298041067e-10,26654.27678234427,1.341181826525323e-13,4.1101463851185813e-10
