version,seed,family,g_minus,g_plus,E_abs,lambda,paired_gamma_response_residual,same_target_evenness_residual
v32.25,25042000,dephasing,0,63,2.874552422746733,0.01,2.1240210972396923e-14,0.002392229215463904
v32.25,25042000,dephasing,0,63,2.874552422746733,0.003,2.152544444286499e-14,0.0007176235301620345
v32.25,25042000,dephasing,0,63,2.874552422746733,0.001,2.17463800675674e-14,0.00023920322114077784
v32.25,25042000,dephasing,0,63,2.874552422746733,0.0003,2.1990656378769883e-14,7.176079908913426e-05
v32.25,25042000,dephasing,1,62,2.87344508633917,0.01,8.118615514261745e-14,0.0050723314992568045
v32.25,25042000,dephasing,1,62,2.87344508633917,0.003,6.916841981428098e-14,0.0015223869745627382
v32.25,25042000,dephasing,1,62,2.87344508633917,0.001,6.81346330782915e-14,0.0005074844487040011
v32.25,25042000,dephasing,1,62,2.87344508633917,0.0003,6.836361175051382e-14,0.0001522460964397642
v32.25,25042000,dephasing,2,61,2.8439494108712084,0.01,3.507686343111427e-14,0.0024807528771958872
v32.25,25042000,dephasing,2,61,2.8439494108712084,0.003,3.9653191258472106e-14,0.0007441185648489318
v32.25,25042000,dephasing,2,61,2.8439494108712084,0.001,3.99370576726874e-14,0.0002480330288853193
v32.25,25042000,dephasing,2,61,2.8439494108712084,0.0003,3.991510238390085e-14,7.440967744371873e-05
v32.25,25042000,dephasing,3,60,2.8428147436945483,0.01,1.1781704210408704e-13,0.005492862822271036
v32.25,25042000,dephasing,3,60,2.8428147436945483,0.003,1.0356256137638484e-13,0.001648951398021324
v32.25,25042000,dephasing,3,60,2.8428147436945483,0.001,1.0257221006561496e-13,0.0005496843075715409
v32.25,25042000,dephasing,3,60,2.8428147436945483,0.0003,1.0284603394965094e-13,0.0001649064535213929
v32.25,25042000,dephasing,4,59,1.9787294107422513,0.01,2.7076159736439745e-13,0.001660281128025373
v32.25,25042000,dephasing,4,59,1.9787294107422513,0.003,2.655898750812068e-13,0.000491728112607353
v32.25,25042000,dephasing,4,59,1.9787294107422513,0.001,2.644735616860846e-13,0.0001637241962126
v32.25,25042000,dephasing,4,59,1.9787294107422513,0.0003,2.648850030531316e-13,4.911094313966992e-05
v32.25,25042000,dephasing,5,58,1.9761806190048739,0.01,2.926528536829144e-13,0.0015084810279392801
v32.25,25042000,dephasing,5,58,1.9761806190048739,0.003,2.7102337424645565e-13,0.00043194049125178124
v32.25,25042000,dephasing,5,58,1.9761806190048739,0.001,2.661562846930212e-13,0.00014337705532636313
v32.25,25042000,dephasing,5,58,1.9761806190048739,0.0003,2.6512443274186216e-13,4.299253760620652e-05
v32.25,25042000,dephasing,6,57,1.966744402461953,0.01,3.9654423182915695e-13,0.0012258642311142433
v32.25,25042000,dephasing,6,57,1.966744402461953,0.003,3.9430860910646147e-13,0.0003604133416752504
v32.25,25042000,dephasing,6,57,1.966744402461953,0.001,3.958241028266312e-13,0.00011992347279595854
v32.25,25042000,dephasing,6,57,1.966744402461953,0.0003,3.9614679248463106e-13,3.5969731578886616e-05
v32.25,25042000,dephasing,7,56,1.9644309918628977,0.01,6.129909811192138e-13,0.0018754846322351422
v32.25,25042000,dephasing,7,56,1.9644309918628977,0.003,5.920535958489629e-13,0.0005415746751651552
v32.25,25042000,dephasing,7,56,1.9644309918628977,0.001,5.887074638427238e-13,0.00017990826288885982
v32.25,25042000,dephasing,7,56,1.9644309918628977,0.0003,5.879607894819804e-13,5.395143903687847e-05
v32.25,25042000,dephasing,8,55,1.6921458564839147,0.01,2.6333306185930247e-13,0.0005616033097749178
v32.25,25042000,dephasing,8,55,1.6921458564839147,0.003,2.665924092360072e-13,0.00016292428738394127
v32.25,25042000,dephasing,8,55,1.6921458564839147,0.001,2.682445284892349e-13,5.414680931416207e-05
v32.25,25042000,dephasing,8,55,1.6921458564839147,0.0003,2.690791815817788e-13,1.6238543633858327e-05
v32.25,25042000,dephasing,9,54,1.6886100349699211,0.01,6.003555095909549e-13,0.0014129813951955907
v32.25,25042000,dephasing,9,54,1.6886100349699211,0.003,6.047302846613357e-13,0.00040973485853679095
v32.25,25042000,dephasing,9,54,1.6886100349699211,0.001,6.056520727963735e-13,0.00013616240218834578
v32.25,25042000,dephasing,9,54,1.6886100349699211,0.0003,6.067793424824994e-13,4.0834525687528293e-05
v32.25,25042000,dephasing,10,53,1.6764420039565993,0.01,1.6615593183040942e-13,0.0028789113260699476
v32.25,25042000,dephasing,10,53,1.6764420039565993,0.003,1.6223357906411927e-13,0.0008673726796283905
v32.25,25042000,dephasing,10,53,1.6764420039565993,0.001,1.6174790449550975e-13,0.00028923142160012746
v32.25,25042000,dephasing,10,53,1.6764420039565993,0.0003,1.61505035051387e-13,8.677308081851871e-05
v32.25,25042000,dephasing,11,52,1.6720595812293473,0.01,2.329103896270994e-13,0.007927386644704515
v32.25,25042000,dephasing,11,52,1.6720595812293473,0.003,2.3442542271851387e-13,0.0023606563103758184
v32.25,25042000,dephasing,11,52,1.6720595812293473,0.001,2.3499938186954995e-13,0.000786370334798375
v32.25,25042000,dephasing,11,52,1.6720595812293473,0.0003,2.3625598267002617e-13,0.00023589352092827349
v32.25,25042000,dephasing,12,51,1.4639107662982664,0.01,1.547554562724527e-13,0.004001053608956238
v32.25,25042000,dephasing,12,51,1.4639107662982664,0.003,1.515417758232516e-13,0.0011954448236616837
v32.25,25042000,dephasing,12,51,1.4639107662982664,0.001,1.510207590074784e-13,0.000398339831334788
v32.25,25042000,dephasing,12,51,1.4639107662982664,0.0003,1.508187117912724e-13,0.00011949711424247001
v32.25,25042000,dephasing,13,50,1.4584129115423414,0.01,2.2802089621402557e-13,0.0034800108217960847
v32.25,25042000,dephasing,13,50,1.4584129115423414,0.003,2.2661310383024458e-13,0.0010553315397007666
v32.25,25042000,dephasing,13,50,1.4584129115423414,0.001,2.252907640436882e-13,0.0003521099995399017
v32.25,25042000,dephasing,13,50,1.4584129115423414,0.0003,2.2552064589265275e-13,0.00010564435997903908
v32.25,25042000,dephasing,14,49,1.4334527954745644,0.01,2.140543174973394e-13,0.0006710463233190275
v32.25,25042000,dephasing,14,49,1.4334527954745644,0.003,2.1440981922734752e-13,0.00019778653244281576
v32.25,25042000,dephasing,14,49,1.4334527954745644,0.001,2.141446757094803e-13,6.582617307273366e-05
v32.25,25042000,dephasing,14,49,1.4334527954745644,0.0003,2.1413531376472233e-13,1.97443503958294e-05
v32.25,25042000,dephasing,15,48,1.4275616977982164,0.01,3.8587769444554585e-13,0.0009074053010939917
v32.25,25042000,dephasing,15,48,1.4275616977982164,0.003,3.8497523581524915e-13,0.00026485598108922406
v32.25,25042000,dephasing,15,48,1.4275616977982164,0.001,3.8454310035873806e-13,8.806920264451829e-05
v32.25,25042000,dephasing,15,48,1.4275616977982164,0.0003,3.8466671929421945e-13,2.641338467470762e-05
v32.25,25042000,dephasing,16,47,1.0939615772545648,0.01,1.0931427437667324e-13,0.0009775952778525992
v32.25,25042000,dephasing,16,47,1.0939615772545648,0.003,1.0974815205252771e-13,0.00029247238137907643
v32.25,25042000,dephasing,16,47,1.0939615772545648,0.001,1.0942858124860683e-13,9.746733188252917e-05
v32.25,25042000,dephasing,16,47,1.0939615772545648,0.0003,1.1024620935503146e-13,2.9239399425550197e-05
v32.25,25042000,dephasing,17,46,1.0881648225246672,0.01,1.2438018807017385e-13,0.0007381720026363598
v32.25,25042000,dephasing,17,46,1.0881648225246672,0.003,1.259824047139634e-13,0.0002237499462602926
v32.25,25042000,dephasing,17,46,1.0881648225246672,0.001,1.2670464378322703e-13,7.465081568435463e-05
v32.25,25042000,dephasing,17,46,1.0881648225246672,0.0003,1.2732583002106852e-13,2.239754861541805e-05
v32.25,25042000,dephasing,18,45,1.0741101228597905,0.01,2.2578400656082714e-13,0.0014854266439919591
v32.25,25042000,dephasing,18,45,1.0741101228597905,0.003,2.209441299072317e-13,0.00044478871262196187
v32.25,25042000,dephasing,18,45,1.0741101228597905,0.001,2.196062102893564e-13,0.00014823848366957756
v32.25,25042000,dephasing,18,45,1.0741101228597905,0.0003,2.1940310333727475e-13,4.447071228076012e-05
v32.25,25042000,dephasing,19,44,1.0687765868124621,0.01,3.0345968396933604e-13,0.0013894683153161799
v32.25,25042000,dephasing,19,44,1.0687765868124621,0.003,2.981057170486053e-13,0.000418452986339842
v32.25,25042000,dephasing,19,44,1.0687765868124621,0.001,2.9685247331596903e-13,0.00013953174155670824
v32.25,25042000,dephasing,19,44,1.0687765868124621,0.0003,2.9648784637287345e-13,4.1861140923411434e-05
v32.25,25042000,dephasing,20,43,0.6587625915442124,0.01,4.274402743137475e-14,0.0016090517692209383
v32.25,25042000,dephasing,20,43,0.6587625915442124,0.003,4.1403033278169504e-14,0.00048369205230669286
v32.25,25042000,dephasing,20,43,0.6587625915442124,0.001,4.127821181245559e-14,0.0001612592824689198
v32.25,25042000,dephasing,20,43,0.6587625915442124,0.0003,4.137778553318669e-14,4.83787606051357e-05
v32.25,25042000,dephasing,21,42,0.6523641195267388,0.01,1.257568752791437e-13,0.00038064736623946596
v32.25,25042000,dephasing,21,42,0.6523641195267388,0.003,1.1746050482117214e-13,0.00010820679469379435
v32.25,25042000,dephasing,21,42,0.6523641195267388,0.001,1.153617300827139e-13,3.589476575046112e-05
v32.25,25042000,dephasing,21,42,0.6523641195267388,0.0003,1.1462004857519805e-13,1.0762490333074493e-05
v32.25,25042000,dephasing,22,41,0.6353883011550365,0.01,1.0548771524592619e-13,0.0020842742314368047
v32.25,25042000,dephasing,22,41,0.6353883011550365,0.003,1.0345843185738768e-13,0.0006249148675916607
v32.25,25042000,dephasing,22,41,0.6353883011550365,0.001,1.0322648030249951e-13,0.0002082945666437777
v32.25,25042000,dephasing,22,41,0.6353883011550365,0.0003,1.032402471201502e-13,6.248801661575473e-05
v32.25,25042000,dephasing,23,40,0.6293356210701317,0.01,8.487730494983809e-14,8.157987212141333e-05
v32.25,25042000,dephasing,23,40,0.6293356210701317,0.003,9.034388954242031e-14,2.4895267958523823e-05
v32.25,25042000,dephasing,23,40,0.6293356210701317,0.001,9.153140854656012e-14,8.311579289906548e-06
v32.25,25042000,dephasing,23,40,0.6293356210701317,0.0003,9.251764164756925e-14,2.493925161542513e-06
v32.25,25042000,dephasing,24,39,0.2843715887463743,0.01,4.429458844390159e-14,0.002644727074758659
v32.25,25042000,dephasing,24,39,0.2843715887463743,0.003,4.340254909807368e-14,0.0008134183259747623
v32.25,25042000,dephasing,24,39,0.2843715887463743,0.001,4.363898818835536e-14,0.0002717016555465296
v32.25,25042000,dephasing,24,39,0.2843715887463743,0.0003,4.36193106446363e-14,8.152961019666197e-05
v32.25,25042000,dephasing,25,38,0.2812054412565679,0.01,8.595754487889343e-14,0.0037283516131720374
v32.25,25042000,dephasing,25,38,0.2812054412565679,0.003,8.524475316396548e-14,0.001094185507528543
v32.25,25042000,dephasing,25,38,0.2812054412565679,0.001,8.482085449853593e-14,0.00036396285093856967
v32.25,25042000,dephasing,25,38,0.2812054412565679,0.0003,8.508971647828446e-14,0.00010916255933297104
v32.25,25042000,dephasing,26,37,0.26482062964046393,0.01,5.836136966519877e-14,0.00247906009757785
v32.25,25042000,dephasing,26,37,0.26482062964046393,0.003,5.458560449130811e-14,0.0007689558781852495
v32.25,25042000,dephasing,26,37,0.26482062964046393,0.001,5.40386130031559e-14,0.0002570262759121212
v32.25,25042000,dephasing,26,37,0.26482062964046393,0.0003,5.398362607345308e-14,7.71319344869955e-05
v32.25,25042000,dephasing,27,36,0.2619864687735263,0.01,1.2476577652991403e-13,0.0034303021062528933
v32.25,25042000,dephasing,27,36,0.2619864687735263,0.003,1.2066386158965287e-13,0.0009959214445596236
v32.25,25042000,dephasing,27,36,0.2619864687735263,0.001,1.1957159634587924e-13,0.00033093451517384305
v32.25,25042000,dephasing,27,36,0.2619864687735263,0.0003,1.1957585477603487e-13,9.924467525936592e-05
v32.25,25042000,dephasing,28,35,0.07278294475567904,0.01,8.199661988255997e-15,0.00021923071337635362
v32.25,25042000,dephasing,28,35,0.07278294475567904,0.003,8.102531153317176e-15,5.682417109742772e-05
v32.25,25042000,dephasing,28,35,0.07278294475567904,0.001,8.210778761238744e-15,1.868203574960017e-05
v32.25,25042000,dephasing,28,35,0.07278294475567904,0.0003,8.130552537432542e-15,5.595804760136517e-06
v32.25,25042000,dephasing,29,34,0.07081255002358793,0.01,6.805550508642056e-15,0.00016049661071849877
v32.25,25042000,dephasing,29,34,0.07081255002358793,0.003,7.071348754796241e-15,5.6797613108288475e-05
v32.25,25042000,dephasing,29,34,0.07081255002358793,0.001,7.249681597583215e-15,1.921117506797299e-05
v32.25,25042000,dephasing,29,34,0.07081255002358793,0.0003,7.0846147965875294e-15,5.772925656779584e-06
v32.25,25042000,dephasing,30,33,0.048600388009180644,0.01,1.06231344014249e-14,0.00017139097788222124
v32.25,25042000,dephasing,30,33,0.048600388009180644,0.003,1.0763307779171443e-14,3.9754653057464835e-05
v32.25,25042000,dephasing,30,33,0.048600388009180644,0.001,1.07263452655288e-14,1.2894845400720187e-05
v32.25,25042000,dephasing,30,33,0.048600388009180644,0.0003,1.0803883233944302e-14,3.85639157021653e-06
v32.25,25042000,dephasing,31,32,0.04659378773055864,0.01,1.205602908644222e-14,0.00012620945926556062
v32.25,25042000,dephasing,31,32,0.04659378773055864,0.003,1.2081401306584667e-14,4.88534089508833e-05
v32.25,25042000,dephasing,31,32,0.04659378773055864,0.001,1.2076439204783206e-14,1.66692958217737e-05
v32.25,25042000,dephasing,31,32,0.04659378773055864,0.0003,1.2078244713943605e-14,5.014094183261942e-06
v32.25,25042000,transverse,0,63,2.874552422746733,0.01,1.2111502649158682e-14,2.188056188292367e-15
v32.25,25042000,transverse,0,63,2.874552422746733,0.003,1.248881979625455e-14,8.253553193004573e-16
v32.25,25042000,transverse,0,63,2.874552422746733,0.001,1.2468485314766262e-14,3.9258347476423923e-16
v32.25,25042000,transverse,0,63,2.874552422746733,0.0003,1.2439604072314028e-14,3.3275046947938937e-16
v32.25,25042000,transverse,1,62,2.87344508633917,0.01,1.9408699690640143e-14,3.711995015959823e-15
v32.25,25042000,transverse,1,62,2.87344508633917,0.003,1.5539935951660192e-14,9.843712715271026e-16
v32.25,25042000,transverse,1,62,2.87344508633917,0.001,1.524186482198062e-14,6.242673970387653e-16
v32.25,25042000,transverse,1,62,2.87344508633917,0.0003,1.4987019027322473e-14,2.1180805963191185e-16
v32.25,25042000,transverse,2,61,2.8439494108712084,0.01,1.4110792346189392e-14,4.54357389897984e-15
v32.25,25042000,transverse,2,61,2.8439494108712084,0.003,1.8290231294065172e-14,1.737794240976289e-15
v32.25,25042000,transverse,2,61,2.8439494108712084,0.001,1.8896159175274298e-14,6.381687542814965e-16
v32.25,25042000,transverse,2,61,2.8439494108712084,0.0003,1.9200038716984853e-14,2.648651409314557e-16
v32.25,25042000,transverse,3,60,2.8428147436945483,0.01,3.457516357232909e-14,8.128403970107628e-15
v32.25,25042000,transverse,3,60,2.8428147436945483,0.003,2.7918365699170642e-14,2.1677348486745442e-15
v32.25,25042000,transverse,3,60,2.8428147436945483,0.001,2.7357494344587062e-14,6.566754038754441e-16
v32.25,25042000,transverse,3,60,2.8428147436945483,0.0003,2.719891805778538e-14,1.5493246496447297e-16
v32.25,25042000,transverse,4,59,1.9787294107422513,0.01,2.533555495878716e-13,9.135916279894583e-14
v32.25,25042000,transverse,4,59,1.9787294107422513,0.003,2.41577768286926e-13,2.65144635400066e-14
v32.25,25042000,transverse,4,59,1.9787294107422513,0.001,2.4178805165319367e-13,8.829915354009242e-15
v32.25,25042000,transverse,4,59,1.9787294107422513,0.0003,2.418670489607738e-13,2.6105159529398783e-15
v32.25,25042000,transverse,5,58,1.9761806190048739,0.01,5.902308353909462e-13,4.2416948576757114e-13
v32.25,25042000,transverse,5,58,1.9761806190048739,0.003,5.42836486438723e-13,1.202697792602537e-13
v32.25,25042000,transverse,5,58,1.9761806190048739,0.001,5.486169685428388e-13,3.9665012409291915e-14
v32.25,25042000,transverse,5,58,1.9761806190048739,0.0003,5.528867273283838e-13,1.2221239460382572e-14
v32.25,25042000,transverse,6,57,1.966744402461953,0.01,2.8659316253656084e-13,1.382180007179968e-13
v32.25,25042000,transverse,6,57,1.966744402461953,0.003,2.728662873349551e-13,4.039937431821157e-14
v32.25,25042000,transverse,6,57,1.966744402461953,0.001,2.7250038801945693e-13,1.3594520747913746e-14
v32.25,25042000,transverse,6,57,1.966744402461953,0.0003,2.7297922230426904e-13,3.862654273394217e-15
v32.25,25042000,transverse,7,56,1.9644309918628977,0.01,1.3569772999732063e-12,9.691370367631385e-13
v32.25,25042000,transverse,7,56,1.9644309918628977,0.003,1.3800758871182846e-12,2.6744286679033255e-13
v32.25,25042000,transverse,7,56,1.9644309918628977,0.001,1.4252617839676944e-12,8.84362851793573e-14
v32.25,25042000,transverse,7,56,1.9644309918628977,0.0003,1.4472247301495552e-12,2.628095632136349e-14
v32.25,25042000,transverse,8,55,1.6921458564839147,0.01,2.7492898678815907e-13,8.955752016990962e-14
v32.25,25042000,transverse,8,55,1.6921458564839147,0.003,2.605100774224026e-13,2.6301444713103946e-14
v32.25,25042000,transverse,8,55,1.6921458564839147,0.001,2.587759341411075e-13,8.684029676665038e-15
v32.25,25042000,transverse,8,55,1.6921458564839147,0.0003,2.57983996388086e-13,2.527169909385855e-15
v32.25,25042000,transverse,9,54,1.6886100349699211,0.01,7.556777684510807e-13,1.7017774156602344e-13
v32.25,25042000,transverse,9,54,1.6886100349699211,0.003,7.27336071953882e-13,5.136921523334632e-14
v32.25,25042000,transverse,9,54,1.6886100349699211,0.001,7.201888184339668e-13,1.7436264628469744e-14
v32.25,25042000,transverse,9,54,1.6886100349699211,0.0003,7.179437189887495e-13,5.3715723139942136e-15
v32.25,25042000,transverse,10,53,1.6764420039565993,0.01,1.3904070062583926e-13,4.506691476086355e-14
v32.25,25042000,transverse,10,53,1.6764420039565993,0.003,1.3374622331884815e-13,1.3086371244814681e-14
v32.25,25042000,transverse,10,53,1.6764420039565993,0.001,1.3390640125823668e-13,4.412235176828496e-15
v32.25,25042000,transverse,10,53,1.6764420039565993,0.0003,1.3422093774418554e-13,1.4075109910033684e-15
v32.25,25042000,transverse,11,52,1.6720595812293473,0.01,4.404685552269968e-13,1.6406423892704572e-13
v32.25,25042000,transverse,11,52,1.6720595812293473,0.003,4.3359651909719356e-13,4.797718334700763e-14
v32.25,25042000,transverse,11,52,1.6720595812293473,0.001,4.342745184902077e-13,1.6423129166121046e-14
v32.25,25042000,transverse,11,52,1.6720595812293473,0.0003,4.3453784620902485e-13,5.5501992273073845e-15
v32.25,25042000,transverse,12,51,1.4639107662982664,0.01,2.288206708062769e-13,3.709162737395636e-14
v32.25,25042000,transverse,12,51,1.4639107662982664,0.003,2.1436750717094076e-13,1.134124798432989e-14
v32.25,25042000,transverse,12,51,1.4639107662982664,0.001,2.0969504177881204e-13,3.773946636532703e-15
v32.25,25042000,transverse,12,51,1.4639107662982664,0.0003,2.085130510877059e-13,1.2790236138557706e-15
v32.25,25042000,transverse,13,50,1.4584129115423414,0.01,1.3608148394851295e-13,2.6888847953879845e-14
v32.25,25042000,transverse,13,50,1.4584129115423414,0.003,1.3815918978229097e-13,8.017488911716641e-15
v32.25,25042000,transverse,13,50,1.4584129115423414,0.001,1.3960459560875189e-13,2.8743290137493187e-15
v32.25,25042000,transverse,13,50,1.4584129115423414,0.0003,1.3962516185092024e-13,9.128132758212341e-16
v32.25,25042000,transverse,14,49,1.4334527954745644,0.01,2.87211647662136e-13,2.2982274903518592e-14
v32.25,25042000,transverse,14,49,1.4334527954745644,0.003,2.899986342484645e-13,6.910241830180908e-15
v32.25,25042000,transverse,14,49,1.4334527954745644,0.001,2.904291853884149e-13,2.2410297239096835e-15
v32.25,25042000,transverse,14,49,1.4334527954745644,0.0003,2.904374333325308e-13,7.7804625393971e-16
v32.25,25042000,transverse,15,48,1.4275616977982164,0.01,2.6697393452999294e-13,1.957307621618669e-14
v32.25,25042000,transverse,15,48,1.4275616977982164,0.003,2.6780727701830483e-13,5.696196904748524e-15
v32.25,25042000,transverse,15,48,1.4275616977982164,0.001,2.683964890842982e-13,2.0821343486510323e-15
v32.25,25042000,transverse,15,48,1.4275616977982164,0.0003,2.6815395050392736e-13,9.785410698336775e-16
v32.25,25042000,transverse,16,47,1.0939615772545648,0.01,2.690855238326725e-14,2.566975409987513e-15
v32.25,25042000,transverse,16,47,1.0939615772545648,0.003,2.6347177502581162e-14,7.811141019651818e-16
v32.25,25042000,transverse,16,47,1.0939615772545648,0.001,2.621876277201291e-14,4.922028785806309e-16
v32.25,25042000,transverse,16,47,1.0939615772545648,0.0003,2.6230159942556915e-14,4.624502758372802e-16
v32.25,25042000,transverse,17,46,1.0881648225246672,0.01,3.956413708728737e-14,4.263270353820223e-15
v32.25,25042000,transverse,17,46,1.0881648225246672,0.003,4.0697727565457875e-14,1.300684682121328e-15
v32.25,25042000,transverse,17,46,1.0881648225246672,0.001,4.078103849265578e-14,5.127070319456878e-16
v32.25,25042000,transverse,17,46,1.0881648225246672,0.0003,4.077603455446297e-14,3.314673009701706e-16
v32.25,25042000,transverse,18,45,1.0741101228597905,0.01,4.434743295342096e-14,4.6743848589570935e-15
v32.25,25042000,transverse,18,45,1.0741101228597905,0.003,4.4859846483640745e-14,1.7157502348215805e-15
v32.25,25042000,transverse,18,45,1.0741101228597905,0.001,4.488986252992808e-14,7.255875323992469e-16
v32.25,25042000,transverse,18,45,1.0741101228597905,0.0003,4.496889276335008e-14,3.900876712279705e-16
v32.25,25042000,transverse,19,44,1.0687765868124621,0.01,3.7091974134024685e-14,4.663798386688233e-15
v32.25,25042000,transverse,19,44,1.0687765868124621,0.003,3.7035007232062875e-14,1.6679784537867112e-15
v32.25,25042000,transverse,19,44,1.0687765868124621,0.001,3.747390531435366e-14,8.266714829153077e-16
v32.25,25042000,transverse,19,44,1.0687765868124621,0.0003,3.720833183700175e-14,3.048139236637901e-16
v32.25,25042000,transverse,20,43,0.6587625915442124,0.01,6.43800621692108e-14,6.936476193924903e-14
v32.25,25042000,transverse,20,43,0.6587625915442124,0.003,5.0511929693017685e-14,2.0558930093554593e-14
v32.25,25042000,transverse,20,43,0.6587625915442124,0.001,4.9150715995560645e-14,6.819020904277968e-15
v32.25,25042000,transverse,20,43,0.6587625915442124,0.0003,4.932197075818947e-14,2.3517408814424685e-15
v32.25,25042000,transverse,21,42,0.6523641195267388,0.01,1.0191708480746008e-13,8.178585903979808e-14
v32.25,25042000,transverse,21,42,0.6523641195267388,0.003,9.254691436607804e-14,2.4984195890114128e-14
v32.25,25042000,transverse,21,42,0.6523641195267388,0.001,9.277886497394812e-14,8.544235182360461e-15
v32.25,25042000,transverse,21,42,0.6523641195267388,0.0003,9.326329423953095e-14,2.4163503169452934e-15
v32.25,25042000,transverse,22,41,0.6353883011550365,0.01,1.2699384362003898e-13,6.783795487116257e-14
v32.25,25042000,transverse,22,41,0.6353883011550365,0.003,1.225415155124088e-13,2.077618794386788e-14
v32.25,25042000,transverse,22,41,0.6353883011550365,0.001,1.224092621747578e-13,6.810212194077293e-15
v32.25,25042000,transverse,22,41,0.6353883011550365,0.0003,1.2244227117742275e-13,1.996286765548212e-15
v32.25,25042000,transverse,23,40,0.6293356210701317,0.01,7.9218966407789e-14,6.147135893556403e-14
v32.25,25042000,transverse,23,40,0.6293356210701317,0.003,6.808696236112713e-14,1.8644666527257485e-14
v32.25,25042000,transverse,23,40,0.6293356210701317,0.001,6.662257557157669e-14,6.367900306212746e-15
v32.25,25042000,transverse,23,40,0.6293356210701317,0.0003,6.713900210540133e-14,2.0469024205163652e-15
v32.25,25042000,transverse,24,39,0.2843715887463743,0.01,1.1407566802568736e-13,1.5010394458286397e-14
v32.25,25042000,transverse,24,39,0.2843715887463743,0.003,1.1560431505688088e-13,4.439075545918068e-15
v32.25,25042000,transverse,24,39,0.2843715887463743,0.001,1.1642340202104166e-13,1.6330330487376144e-15
v32.25,25042000,transverse,24,39,0.2843715887463743,0.0003,1.1606749314673363e-13,1.6781719555283793e-15
v32.25,25042000,transverse,25,38,0.2812054412565679,0.01,2.2542682965876627e-13,3.661785728743753e-14
v32.25,25042000,transverse,25,38,0.2812054412565679,0.003,2.2732079660754312e-13,1.0954260422078833e-14
v32.25,25042000,transverse,25,38,0.2812054412565679,0.001,2.2908602399192726e-13,4.525206391155439e-15
v32.25,25042000,transverse,25,38,0.2812054412565679,0.0003,2.2926352392587704e-13,2.6963192477831937e-15
v32.25,25042000,transverse,26,37,0.26482062964046393,0.01,1.484388277748904e-13,3.9026360090042456e-14
v32.25,25042000,transverse,26,37,0.26482062964046393,0.003,1.4565222788326479e-13,1.1751671404049506e-14
v32.25,25042000,transverse,26,37,0.26482062964046393,0.001,1.4473729585492952e-13,4.146127133615337e-15
v32.25,25042000,transverse,26,37,0.26482062964046393,0.0003,1.44878660253508e-13,1.2755224324866371e-15
v32.25,25042000,transverse,27,36,0.2619864687735263,0.01,1.864989409899261e-13,3.924869424201463e-14
v32.25,25042000,transverse,27,36,0.2619864687735263,0.003,1.8410029440289608e-13,1.1891375071620851e-14
v32.25,25042000,transverse,27,36,0.2619864687735263,0.001,1.8313741303183357e-13,4.508918780666105e-15
v32.25,25042000,transverse,27,36,0.2619864687735263,0.0003,1.827994515131111e-13,2.006879146961329e-15
v32.25,25042000,transverse,28,35,0.07278294475567904,0.01,3.551018483121846e-13,7.808083390452738e-13
v32.25,25042000,transverse,28,35,0.07278294475567904,0.003,1.4072419936490914e-13,2.3652256425472387e-13
v32.25,25042000,transverse,28,35,0.07278294475567904,0.001,1.0418529242008406e-13,7.900640121934913e-14
v32.25,25042000,transverse,28,35,0.07278294475567904,0.0003,1.0096504605253673e-13,2.3587168524719072e-14
v32.25,25042000,transverse,29,34,0.07081255002358793,0.01,4.008096105769696e-13,8.494088254760544e-13
v32.25,25042000,transverse,29,34,0.07081255002358793,0.003,1.4756613845092647e-13,2.546480322682251e-13
v32.25,25042000,transverse,29,34,0.07081255002358793,0.001,8.998647451691574e-14,8.48854898567219e-14
v32.25,25042000,transverse,29,34,0.07081255002358793,0.0003,7.859729872913397e-14,2.5450935162262573e-14
v32.25,25042000,transverse,30,33,0.048600388009180644,0.01,2.531350719046984e-13,3.965358390492787e-13
v32.25,25042000,transverse,30,33,0.048600388009180644,0.003,1.0678649299511228e-13,1.199805847470481e-13
v32.25,25042000,transverse,30,33,0.048600388009180644,0.001,7.954962972394064e-14,4.0199857453128156e-14
v32.25,25042000,transverse,30,33,0.048600388009180644,0.0003,7.500005075402094e-14,1.2222894280749633e-14
v32.25,25042000,transverse,31,32,0.04659378773055864,0.01,2.41219924038166e-13,4.367923019014226e-13
v32.25,25042000,transverse,31,32,0.04659378773055864,0.003,9.370056792231369e-14,1.3118780532500946e-13
v32.25,25042000,transverse,31,32,0.04659378773055864,0.001,8.296807035236405e-14,4.3699257158028915e-14
v32.25,25042000,transverse,31,32,0.04659378773055864,0.0003,8.63757316617597e-14,1.3095610918067073e-14
