geometry_angstrom,eigenpair_index,energy_low,energy_high,gap_hartree,valid_seed_units,positive_prominence_units,prominence_positive_rate,median_prominence,min_prominence,max_prominence,median_robust_delta_c,dephasing_positive_rate,transverse_positive_rate,robust_positive_rate,status
0.75,30,-1.5454248963186308,-1.508863271029028,0.03656162528960283,12,8,0.6666666666666666,0.08900029689669181,-0.2815314152510898,0.3870027784348733,0.007921001035460756,0.8333333333333334,0.6666666666666666,0.5,FAIL
0.75,11,-3.426596068580689,-3.4177114421666364,0.008884626414052743,12,8,0.6666666666666666,0.050220823917638546,-0.34405760260757834,0.16539305787918174,0.16244785562294456,1.0,0.75,0.75,FAIL
0.75,8,-3.696547103211925,-3.6473685060136503,0.049178597198274776,12,8,0.6666666666666666,0.03943950452011762,-0.3219326664532305,0.31291800528294345,0.06598198507538017,0.9166666666666666,0.75,0.75,FAIL
0.75,15,-3.0041381662100846,-3.0026256964653566,0.0015124697447279623,12,7,0.5833333333333334,0.08714087283265194,-0.21202236246030315,0.36188935591449756,0.16638893396909543,0.9166666666666666,1.0,0.9166666666666666,FAIL
0.75,27,-2.051414018747103,-2.026365237844145,0.025048780902957812,12,6,0.5,0.021953779238581522,-0.38295930143142665,0.3350238985532847,0.09477658334538341,0.75,0.9166666666666666,0.75,FAIL
0.75,12,-3.4177114421666364,-3.3748872921530313,0.04282415001360507,12,6,0.5,0.011664002329587655,-0.34808137792495275,0.3707927303392268,0.05038106701791584,0.75,0.5833333333333334,0.5833333333333334,FAIL
0.75,2,-4.509060574547927,-4.4604959562780655,0.0485646182698618,12,6,0.5,0.0011516686258557576,-0.29464599287293314,0.31212124137961106,0.09497306179461634,1.0,0.5833333333333334,0.5833333333333334,FAIL
0.75,22,-2.4774361752395224,-2.4555017218203354,0.021934453419186983,12,5,0.4166666666666667,-0.021935995906293623,-0.21023902981752363,0.43818195205510846,-0.014334961183311401,0.9166666666666666,0.5833333333333334,0.5,FAIL
0.75,26,-2.0928711591416067,-2.051414018747103,0.04145714039450388,12,5,0.4166666666666667,-0.15679976759917935,-0.3932354634658106,0.17982861646765638,-0.07127022123357235,0.5833333333333334,0.4166666666666667,0.3333333333333333,FAIL
0.75,19,-2.768506786354148,-2.735198294439277,0.03330849191487095,12,3,0.25,-0.09293371149048038,-0.3050766566427392,0.3246742472342866,0.10362367308202122,0.8333333333333334,0.6666666666666666,0.5833333333333334,FAIL
1.0,10,-3.4150989037313426,-3.3990827273749287,0.016016176356413947,12,12,1.0,0.22065928107167576,0.015433940996617344,0.3879847105591727,0.13561888008735362,1.0,0.9166666666666666,0.9166666666666666,PASS
1.0,22,-2.7051169811592293,-2.6751262462133316,0.029990734945897657,12,10,0.8333333333333334,0.08892883506631127,-0.2876199846111872,0.3812476359794374,0.03293639484854796,1.0,0.8333333333333334,0.8333333333333334,PASS
1.0,9,-3.4399055991529184,-3.4150989037313426,0.024806695421575764,12,8,0.6666666666666666,0.1564560790128805,-0.22970887303733314,0.3432544262256909,0.07370589957655144,0.9166666666666666,0.75,0.6666666666666666,FAIL
1.0,30,-2.085320762744558,-2.0435342681542745,0.041786494590283496,12,8,0.6666666666666666,0.13475151478057112,-0.360650255382996,0.3608558075479853,0.13640075523690998,0.8333333333333334,0.9166666666666666,0.8333333333333334,FAIL
1.0,13,-3.237076643444621,-3.236351532073338,0.0007251113712833934,12,8,0.6666666666666666,0.07406329918025774,-0.25895740737251605,0.4411354328355605,0.07079634470966989,0.75,0.75,0.5833333333333334,FAIL
1.0,25,-2.5511864513148246,-2.5101583526011857,0.04102809871363888,12,7,0.5833333333333334,0.14842069249710343,-0.26242733887544323,0.8127142672792506,0.05448645731794344,0.8333333333333334,0.8333333333333334,0.75,FAIL
1.0,24,-2.552237402142185,-2.5511864513148246,0.0010509508273606194,12,7,0.5833333333333334,0.05603234579255714,-0.28253738800306166,0.5545715547732353,0.08339112920879077,0.75,0.75,0.5833333333333334,FAIL
1.0,16,-3.0127936117054417,-2.993749428123756,0.01904418358168547,12,6,0.5,0.013029670284907091,-0.3737739210887143,0.2662104684423398,-0.03138373223565394,0.4166666666666667,0.8333333333333334,0.4166666666666667,FAIL
1.0,18,-2.9324804379341853,-2.917746400865476,0.014734037068709238,12,6,0.5,-0.045134771586891255,-0.2804500643853037,0.3361022703140961,-0.026476200734100494,0.4166666666666667,0.8333333333333334,0.4166666666666667,FAIL
1.0,31,-2.0435342681542745,-2.0431117943281363,0.0004224738261382477,12,5,0.4166666666666667,-0.14842069249710343,-0.8127142672792506,0.26242733887544323,-0.061666705357336926,0.4166666666666667,0.5,0.25,FAIL
1.0,3,-3.94275913352127,-3.9162392737005365,0.026519859820733682,12,3,0.25,-0.1001529041092192,-0.6210567899700118,0.04453957751696569,-0.10395126681364647,0.4166666666666667,0.6666666666666666,0.25,FAIL
1.0,12,-3.276541582706527,-3.237076643444621,0.03946493926190575,12,3,0.25,-0.11890896530105455,-0.5600732652767983,0.2775825324703697,-0.09335814717253793,0.5833333333333334,0.4166666666666667,0.25,FAIL
1.0,6,-3.6253766047716764,-3.5779238134412066,0.04745279133046987,12,3,0.25,-0.13556251861806645,-0.3110640807708143,0.4468319949246415,-0.08059698793267633,0.6666666666666666,0.3333333333333333,0.25,FAIL
1.0,26,-2.5101583526011857,-2.471521670566029,0.03863668203515669,12,2,0.16666666666666666,-0.13805736306247954,-0.5451745055134835,0.025770690635933402,-0.11949776900475342,0.5,0.4166666666666667,0.25,FAIL
1.25,17,-2.86474230138196,-2.845405070241806,0.019337231140153843,12,11,0.9166666666666666,0.13071736541750417,-0.0321784717416046,0.39248468195017805,0.1920186320241412,1.0,1.0,1.0,PASS
1.25,10,-3.1390265311224352,-3.1308704010856885,0.008156130036746756,12,10,0.8333333333333334,0.10017659564439725,-0.06747342236440629,0.47565569009111175,0.18161112489969117,0.9166666666666666,0.75,0.6666666666666666,PASS
1.25,15,-2.950845065311982,-2.911905432589892,0.038939632722090334,12,9,0.75,0.09808377329172654,-0.2118089418990425,0.3365043988615685,0.12710100347287634,0.9166666666666666,1.0,0.9166666666666666,PASS
1.25,16,-2.911905432589892,-2.86474230138196,0.04716313120793192,12,8,0.6666666666666666,0.14546836522653395,-0.21149209631511937,0.3748857305544077,0.14840980613877525,0.8333333333333334,0.8333333333333334,0.6666666666666666,FAIL
1.25,13,-3.063977606395617,-3.0189094064875763,0.04506819990804045,12,8,0.6666666666666666,0.13792622318687744,-0.49477676517099517,0.35893059874804856,0.18492627423953661,0.9166666666666666,0.75,0.6666666666666666,FAIL
1.25,34,-1.7745446474962607,-1.766289341291173,0.008255306205087631,12,8,0.6666666666666666,0.03594457615334601,-0.09149270182083977,0.11716256801080022,-0.010216104737230502,0.3333333333333333,0.3333333333333333,0.16666666666666666,FAIL
1.25,18,-2.845405070241806,-2.8174855385834627,0.027919531658343377,12,7,0.5833333333333334,0.07641416845197943,-0.27916028410308735,0.3793845829794046,0.11570516299007769,0.9166666666666666,0.6666666666666666,0.5833333333333334,FAIL
1.25,25,-2.585496493005108,-2.5574773655634764,0.028019127441631486,12,7,0.5833333333333334,0.050757205365489055,-0.5676683027424161,0.3405198554016812,0.10229858735759709,0.9166666666666666,0.6666666666666666,0.6666666666666666,FAIL
1.25,24,-2.5925867181716113,-2.585496493005108,0.007090225166503483,12,6,0.5,0.01920747776127861,-0.3986391721766841,0.2391146479136499,0.005770772475569175,0.8333333333333334,0.6666666666666666,0.5,FAIL
1.25,22,-2.6892888098551047,-2.6414101670387398,0.04787864281636489,12,5,0.4166666666666667,-0.014373175053825654,-0.12052461075680593,0.2581299617020259,0.018623202333115874,0.8333333333333334,0.75,0.5833333333333334,FAIL
1.25,12,-3.0639868297050836,-3.063977606395617,9.223309466843688e-06,12,5,0.4166666666666667,-0.021904910028633408,-0.46883977323967635,0.13742000446704003,-0.0519345661862228,0.75,0.6666666666666666,0.4166666666666667,FAIL
1.25,23,-2.6414101670387398,-2.5925867181716113,0.048823448867128416,12,5,0.4166666666666667,-0.04418178599254344,-0.32822660122463665,0.3157008151339073,-0.05352179480376655,0.75,0.5,0.3333333333333333,FAIL
1.25,2,-3.6549052699960685,-3.605793528101284,0.04911174189478462,12,4,0.3333333333333333,-0.018036582030085818,-0.5363082857457848,0.11997669848247952,-0.003102267854070917,0.9166666666666666,0.4166666666666667,0.4166666666666667,FAIL
1.25,26,-2.5574773655634764,-2.519966176236013,0.037511189327463335,12,4,0.3333333333333333,-0.04074750997232904,-0.3106803571529069,0.16067146251752512,-0.06805865482839868,0.5833333333333334,0.5833333333333334,0.3333333333333333,FAIL
1.25,5,-3.441493183959243,-3.4046834178146894,0.036809766144553446,12,4,0.3333333333333333,-0.06245361305901938,-0.35295609680160506,0.24281409453042033,0.037718197702443834,1.0,0.5833333333333334,0.5833333333333334,FAIL
1.25,31,-2.183851586551614,-2.1440253016275364,0.039826284924077804,12,4,0.3333333333333333,-0.21470343895940924,-0.31609574928528567,0.0962896304186186,-0.0990250726749494,0.75,0.25,0.16666666666666666,FAIL
1.25,9,-3.166608042962904,-3.1390265311224352,0.027581511840468753,12,3,0.25,-0.109370920403394,-0.36576465495613797,0.1877080479763717,0.030485143179033114,0.8333333333333334,0.8333333333333334,0.6666666666666666,FAIL
1.25,20,-2.741504483127844,-2.6995129179651793,0.04199156516266456,12,2,0.16666666666666666,-0.06580163613104835,-0.5578989463992818,0.15497667542929866,-0.03579517687266934,0.6666666666666666,0.6666666666666666,0.4166666666666667,FAIL
1.25,21,-2.6995129179651793,-2.6892888098551047,0.010224108110074681,12,2,0.16666666666666666,-0.09531066875650665,-0.24610872929790353,0.07240887305112897,0.011907017465813824,0.75,0.6666666666666666,0.5833333333333334,FAIL
1.25,7,-3.2750065036448013,-3.2619369295712386,0.013069574073562684,12,2,0.16666666666666666,-0.19978619236117157,-0.4225144722378202,0.2524715447633515,-0.012313480894886458,0.8333333333333334,0.5833333333333334,0.5,FAIL
1.5,34,-1.7235642630689585,-1.7231208268717209,0.0004434361972376344,12,11,0.9166666666666666,0.1550429026315904,-0.068260337378308,0.2954697351218064,-0.02591361691770694,0.4166666666666667,0.0,0.0,PASS
1.5,15,-2.784677759122995,-2.7646221658083334,0.020055593314661557,12,10,0.8333333333333334,0.15366222374506716,-0.167868120266019,0.3276219897779131,0.13090999934657852,0.9166666666666666,1.0,0.9166666666666666,PASS
1.5,11,-2.880331878244391,-2.8632053334680165,0.01712654477637443,12,10,0.8333333333333334,0.12428709667325404,-0.19722081866704214,0.38778105977244676,0.11026048751348266,1.0,0.8333333333333334,0.8333333333333334,PASS
1.5,18,-2.672676036738789,-2.659779920698387,0.01289611604040175,12,9,0.75,0.16911984241764805,-0.14748096563686625,0.3409206219741168,0.04762527222491622,0.8333333333333334,0.75,0.6666666666666666,PASS
1.5,22,-2.5745346119843076,-2.5442342935921185,0.030300318392189052,12,9,0.75,0.15813069457560597,-0.14984227763686997,0.2941777375019746,0.06895683302216,0.8333333333333334,0.9166666666666666,0.75,PASS
1.5,14,-2.8167158453703256,-2.784677759122995,0.03203808624733062,12,9,0.75,0.14274907614938984,-0.12260341131896516,0.40009097741571265,0.10800191605213866,0.9166666666666666,1.0,0.9166666666666666,PASS
1.5,13,-2.844575291945194,-2.8167158453703256,0.027859446574868496,12,9,0.75,0.09204823279194187,-0.1826026573250713,0.42533216773152677,0.12150820898383285,0.8333333333333334,0.9166666666666666,0.75,PASS
1.5,19,-2.659779920698387,-2.61056074937647,0.049219171321917,12,8,0.6666666666666666,0.05118059319096718,-0.31719775883173196,0.21204403621062745,0.08247666226451104,0.75,1.0,0.75,FAIL
1.5,2,-3.381637214122573,-3.350448710266992,0.03118850385558103,12,7,0.5833333333333334,0.054565195051494236,-0.42448792896922904,0.33038861239184303,0.10038066351069602,0.75,0.8333333333333334,0.6666666666666666,FAIL
1.5,10,-2.8883097718878723,-2.880331878244391,0.007977893643481337,12,6,0.5,-0.017853540402134147,-0.36207457517686137,0.39087208106269566,0.036638520274654696,1.0,0.5833333333333334,0.5833333333333334,FAIL
1.5,12,-2.8632053334680165,-2.844575291945194,0.018630041522822438,12,5,0.4166666666666667,-0.015433417405291014,-0.28830679730750663,0.33766728893305986,0.01851563639464618,1.0,0.5833333333333334,0.5833333333333334,FAIL
1.5,24,-2.5286849926322654,-2.527589770776487,0.0010952218557784832,12,5,0.4166666666666667,-0.047299727914945834,-0.31604427180007116,0.37792189704486234,-0.08122651203782857,0.75,0.6666666666666666,0.4166666666666667,FAIL
1.5,16,-2.7646221658083334,-2.7405959281396948,0.02402623766863865,12,5,0.4166666666666667,-0.050554707966495,-0.4809041922900731,0.2190909169173233,-0.03627201738690673,0.5833333333333334,0.5833333333333334,0.4166666666666667,FAIL
1.5,4,-3.3023945052522015,-3.260697840961495,0.0416966642907064,12,5,0.4166666666666667,-0.06919818037791155,-0.3691025122114775,0.2069009286176798,0.07654175839440854,0.6666666666666666,0.9166666666666666,0.5833333333333334,FAIL
1.5,3,-3.350448710266992,-3.3023945052522015,0.04805420501479052,12,4,0.3333333333333333,-0.041729064062437704,-0.6376767058504791,0.283048228460227,-0.07273804625040255,0.4166666666666667,0.8333333333333334,0.3333333333333333,FAIL
1.5,20,-2.61056074937647,-2.59278515703216,0.017775592344310365,12,3,0.25,-0.1038897104714846,-0.6897992990571417,0.1526432846951583,-0.12557897044224797,0.4166666666666667,0.5833333333333334,0.16666666666666666,FAIL
1.5,26,-2.463395956538633,-2.446992724983639,0.01640323155499379,12,3,0.25,-0.25083816398619596,-0.4262525150374901,0.06937603422068167,-0.24392853022015945,0.4166666666666667,0.25,0.25,FAIL
1.5,23,-2.5442342935921185,-2.5286849926322654,0.015549300959853074,12,2,0.16666666666666666,-0.1246982782884169,-0.35513853935670947,0.14139687659672945,-0.030869477532982803,0.4166666666666667,0.75,0.3333333333333333,FAIL
1.5,9,-2.9093006692203693,-2.8883097718878723,0.020990897332497038,12,2,0.16666666666666666,-0.20704929804520933,-0.48702714529883134,0.12956818779147852,-0.13002908071471736,0.75,0.3333333333333333,0.16666666666666666,FAIL
1.5,21,-2.59278515703216,-2.5745346119843076,0.018250545047852285,12,1,0.08333333333333333,-0.10696070044753782,-0.29112051011812534,0.04483477112592674,-0.019301332361641776,0.5,0.75,0.3333333333333333,FAIL
1.5,7,-2.9868729170257913,-2.9595786251840766,0.027294291841714724,12,1,0.08333333333333333,-0.16162350165144715,-0.33184035839441817,0.015369765518581158,-0.10815234190965234,0.5833333333333334,0.4166666666666667,0.16666666666666666,FAIL
1.5,28,-2.335114210407979,-2.3125672616660227,0.022546948741956285,12,1,0.08333333333333333,-0.21063514700693403,-0.37580397200409055,0.01379455114670819,-0.2398484581291157,0.25,0.25,0.0,FAIL
1.75,32,-1.9829215347072107,-1.9358563541866611,0.04706518052054953,12,12,1.0,0.13220372832864752,0.002527485541931107,0.19011388619298006,0.07703716324646864,1.0,1.0,1.0,PASS
1.75,15,-2.6179315353575596,-2.608660324835006,0.009271210522553641,12,11,0.9166666666666666,0.2147247159161163,-0.03166206831940538,0.5082794465608157,0.13497593411816045,0.9166666666666666,1.0,0.9166666666666666,PASS
1.75,14,-2.6330883527449487,-2.6179315353575596,0.015156817387389054,12,9,0.75,0.19655747403009866,-0.05186108636797997,0.4211299444520967,0.18556611393907896,1.0,0.9166666666666666,0.9166666666666666,PASS
1.75,22,-2.4394258353141094,-2.427337800701594,0.012088034612515397,12,9,0.75,0.1251120277604163,-0.2804164303452461,0.493510758730196,0.13134904750895784,0.9166666666666666,0.8333333333333334,0.75,PASS
1.75,12,-2.6672178497236625,-2.6463985676251025,0.020819282098559988,12,9,0.75,0.0934222716229892,-0.30404269396819,0.5257971556832362,0.09838216891735387,1.0,0.75,0.75,PASS
1.75,0,-3.2438510574020714,-3.209164564624758,0.034686492777313394,12,9,0.75,0.03901113631911457,-0.21586273189847505,0.19557521219331508,-0.00390596168691959,0.5,0.9166666666666666,0.4166666666666667,PASS
1.75,18,-2.5062662279688888,-2.5006518377186695,0.005614390250219259,12,8,0.6666666666666666,0.04950885543291855,-0.1919793616541634,0.31421144310682836,-0.042767901731326635,0.5833333333333334,0.75,0.4166666666666667,FAIL
1.75,20,-2.4770649581736524,-2.4706647668734782,0.006400191300174107,12,7,0.5833333333333334,0.0682925932453109,-0.31991254657933516,0.1656079219144003,-0.0012361174111223117,0.75,0.75,0.5,FAIL
1.75,19,-2.5006518377186695,-2.4770649581736524,0.023586879545017148,12,7,0.5833333333333334,0.048605045078731576,-0.16837507707390442,0.2899032939333997,0.04459406577851471,0.6666666666666666,0.75,0.5,FAIL
1.75,13,-2.6463985676251025,-2.6330883527449487,0.013310214880153826,12,7,0.5833333333333334,0.04709900109589278,-0.18169635723245053,0.3298528763668691,0.02877864274610925,0.5,1.0,0.5,FAIL
1.75,34,-1.616716544303736,-1.6166893759147076,2.7168389028275897e-05,12,7,0.5833333333333334,0.027348609816190195,-0.11418944923084218,0.11295172419938743,-0.026864137098906837,0.25,0.0,0.0,FAIL
1.75,6,-2.775193480418292,-2.738429801674338,0.03676367874395403,12,7,0.5833333333333334,0.01730592785078744,-0.3131265005187121,0.2286321079746903,-0.025335621742330727,0.8333333333333334,0.5,0.4166666666666667,FAIL
1.75,3,-3.155488277089796,-3.134551330560637,0.020936946529158895,12,6,0.5,0.007566658744339885,-0.44756471907954953,0.312070611945016,-0.0904426800641503,0.3333333333333333,0.75,0.25,FAIL
1.75,2,-3.1726407000178822,-3.155488277089796,0.017152422928086164,12,6,0.5,0.0068494153989806655,-0.5293764284909057,0.292483427487893,0.01958928652315442,0.6666666666666666,0.6666666666666666,0.5,FAIL
1.75,11,-2.6682140018473146,-2.6672178497236625,0.0009961521236521165,12,6,0.5,-0.01223356947808607,-0.29236063401513857,0.27480534139387486,-0.03903896980102514,0.8333333333333334,0.5,0.4166666666666667,FAIL
1.75,21,-2.4706647668734782,-2.4394258353141094,0.031238931559368854,12,5,0.4166666666666667,-0.04358928092800876,-0.23696954998730949,0.13137099621718543,-0.027951205622860492,0.5833333333333334,0.75,0.4166666666666667,FAIL
1.75,24,-2.423074104754663,-2.4220104198334895,0.001063684921173369,12,5,0.4166666666666667,-0.04601776582432458,-0.1535744093228007,0.1819775229252932,-0.043263573997045945,0.6666666666666666,0.6666666666666666,0.3333333333333333,FAIL
1.75,7,-2.738429801674338,-2.7135229131897596,0.02490688848457845,12,5,0.4166666666666667,-0.06919947354037925,-0.28815731108593967,0.20894450323063482,-0.1240873600827174,0.75,0.3333333333333333,0.3333333333333333,FAIL
1.75,8,-2.7135229131897596,-2.6864285544613287,0.027094358728430912,12,4,0.3333333333333333,-0.032428068209841135,-0.19557521219331508,0.27025260928556344,-0.03633311722336406,0.3333333333333333,1.0,0.3333333333333333,FAIL
1.75,28,-2.2805969665692833,-2.2718576109635693,0.008739355605714039,12,4,0.3333333333333333,-0.0409401157937842,-0.47006122526733757,0.09040641164434982,-0.09628028423790486,0.75,0.3333333333333333,0.3333333333333333,FAIL
1.75,9,-2.6864285544613287,-2.6734352153552026,0.0129933391061261,12,4,0.3333333333333333,-0.09031368339045967,-0.27757482051766014,0.12238057595930874,-0.13165540608897633,0.3333333333333333,0.5833333333333334,0.25,FAIL
1.75,4,-3.134551330560637,-3.116621562422937,0.017929768137700197,12,4,0.3333333333333333,-0.09632049200591594,-0.33441208472729844,0.1653347104563984,-0.0848534973688704,0.5833333333333334,0.8333333333333334,0.4166666666666667,FAIL
1.75,10,-2.6734352153552026,-2.6682140018473146,0.005221213507887956,12,4,0.3333333333333333,-0.15233405895609264,-0.5355635925154774,0.23755220335787935,-0.12736613207954664,0.75,0.25,0.25,FAIL
1.75,30,-2.1163326906304625,-2.0906623035796876,0.025670387050774846,12,3,0.25,-0.09081445831147736,-0.31725760744656073,0.09928721017683775,-0.11774295897348841,0.75,0.3333333333333333,0.16666666666666666,FAIL
1.75,1,-3.209164564624758,-3.1726407000178822,0.03652386460687573,12,3,0.25,-0.17425432394170082,-0.6759014057060757,0.390291616576912,-0.2821096774906057,0.8333333333333334,0.16666666666666666,0.16666666666666666,FAIL
1.75,26,-2.34281368446569,-2.336326745646896,0.00648693881879403,12,2,0.16666666666666666,-0.12015932723778203,-0.3997513456822474,0.19633739683628956,-0.18104250067320607,0.5,0.5,0.25,FAIL
1.75,23,-2.427337800701594,-2.423074104754663,0.004263695946931101,12,1,0.08333333333333333,-0.17351024050685634,-0.4361579656115817,0.09403231953478014,-0.15091314681135512,0.4166666666666667,0.75,0.25,FAIL
1.75,16,-2.608660324835006,-2.596026185252958,0.012634139582047954,12,0,0.0,-0.18195960765749383,-0.34396279264535756,-0.04859391378038158,-0.223969510808758,0.5833333333333334,0.4166666666666667,0.08333333333333333,FAIL
2.0,32,-1.8406283843369051,-1.8176139289137019,0.02301445542320324,12,12,1.0,0.09306820386198299,0.004445300558600818,0.16487548310531341,0.07468503544849553,0.9166666666666666,1.0,0.9166666666666666,PASS
2.0,14,-2.4711853876458565,-2.465999215337116,0.0051861723087403,12,11,0.9166666666666666,0.2144475367763614,-0.23651567534291157,0.44527972716688063,0.20762177878711455,0.9166666666666666,1.0,0.9166666666666666,PASS
2.0,15,-2.465999215337116,-2.459862885933599,0.006136329403517049,12,10,0.8333333333333334,0.1476408931729298,-0.10295953401881247,0.36374330226092,0.09428629537313904,0.9166666666666666,0.9166666666666666,0.8333333333333334,PASS
2.0,12,-2.4894370436818596,-2.476762286223733,0.012674757458126518,12,9,0.75,0.23729099174891363,-0.2477720881104954,0.3405316163741097,0.2360892400087108,0.8333333333333334,0.9166666666666666,0.75,PASS
2.0,10,-2.4978827612765047,-2.4907404839056673,0.007142277370837391,12,9,0.75,0.11890785710917,-0.13256429678281256,0.5139331077641777,0.12569063981453715,0.8333333333333334,0.8333333333333334,0.75,PASS
2.0,11,-2.4907404839056673,-2.4894370436818596,0.0013034402238076837,12,8,0.6666666666666666,0.19618747509742412,-0.09540712965348147,0.3500448410011384,0.14431789231288794,0.8333333333333334,0.8333333333333334,0.6666666666666666,FAIL
2.0,26,-2.230327558969665,-2.2280884275901287,0.002239131379536463,12,7,0.5833333333333334,0.07814884903717892,-0.4135078634151362,0.22822248798954414,0.06377030104452215,0.75,0.8333333333333334,0.6666666666666666,FAIL
2.0,27,-2.2280884275901287,-2.2034185646279205,0.02466986296220819,12,7,0.5833333333333334,0.07539377849968842,-0.3803418496093801,0.17194167420569684,0.01660648213037766,0.9166666666666666,0.75,0.6666666666666666,FAIL
2.0,21,-2.3439018722895884,-2.312900637091396,0.031001235198192312,12,7,0.5833333333333334,0.04178718357042077,-0.20049841046931585,0.24089709113451813,0.03889570129604969,0.75,0.8333333333333334,0.5833333333333334,FAIL
2.0,3,-3.003134726579533,-2.9942406872641554,0.0088940393153778,12,7,0.5833333333333334,0.040243461484847864,-0.37335847525723465,0.42034584660061536,-0.0051075088085549974,0.5,0.9166666666666666,0.5,FAIL
2.0,2,-3.0114909835642476,-3.003134726579533,0.008356256984714427,12,7,0.5833333333333334,0.03359074364391765,-0.6014787832034892,0.49289670275203623,0.02817440687693512,0.5833333333333334,0.9166666666666666,0.5833333333333334,FAIL
2.0,20,-2.3462584345704287,-2.3439018722895884,0.0023565622808403575,12,7,0.5833333333333334,0.02843574190300284,-0.3403649738935925,0.2803027404719732,0.09472975033309831,0.8333333333333334,0.6666666666666666,0.5833333333333334,FAIL
2.0,19,-2.3551368090581826,-2.3462584345704287,0.00887837448775386,12,6,0.5,0.019612693099286815,-0.22125174419990368,0.34040098360691196,0.048815607437409314,0.5833333333333334,1.0,0.5833333333333334,FAIL
2.0,24,-2.307635011227305,-2.3073988724173202,0.00023613880998496484,12,6,0.5,-0.02060420760469564,-0.24641789175274526,0.09746378597823441,-0.03238068193319543,0.6666666666666666,0.75,0.4166666666666667,FAIL
2.0,13,-2.476762286223733,-2.4711853876458565,0.005576898577876577,12,6,0.5,-0.028548730333346456,-0.37061786790132734,0.37702872918182345,-0.05579009809088918,0.5,0.9166666666666666,0.5,FAIL
2.0,28,-2.2034185646279205,-2.2004656109767704,0.002952953651150114,12,5,0.4166666666666667,-0.003727250894514561,-0.24055081692528169,0.057777075231014496,-0.018132316638628854,0.75,0.3333333333333333,0.3333333333333333,FAIL
2.0,22,-2.312900637091396,-2.3090969004111574,0.0038037366802385897,12,5,0.4166666666666667,-0.01642395003842345,-0.37784888408524836,0.34550165191703663,-0.025087756014488732,0.75,0.5,0.4166666666666667,FAIL
2.0,0,-3.0443312696498723,-3.028426311733687,0.015904957916185403,12,5,0.4166666666666667,-0.024155586136255874,-0.15341069695758858,0.11905615947906212,-0.020229975762000918,0.4166666666666667,0.9166666666666666,0.3333333333333333,FAIL
2.0,30,-1.9769590706863593,-1.9711192560707438,0.005839814615615557,12,5,0.4166666666666667,-0.028768657821891364,-0.37215188665381305,0.18361843287767415,-0.005830121058804455,0.75,0.6666666666666666,0.5,FAIL
2.0,4,-2.9942406872641554,-2.9866322688933664,0.007608418370788961,12,5,0.4166666666666667,-0.07474764031422707,-0.45447286268198683,0.22756006358858405,0.025761685330426665,0.5833333333333334,0.8333333333333334,0.5833333333333334,FAIL
2.0,7,-2.5332845461284217,-2.515421656153186,0.017862889975235774,12,4,0.3333333333333333,-0.05513450166568194,-0.2534375296435195,0.21901664099317997,-0.06393556062325118,0.8333333333333334,0.3333333333333333,0.25,FAIL
2.0,18,-2.3573833242268307,-2.3551368090581826,0.0022465151686481555,12,4,0.3333333333333333,-0.09717033562945067,-0.5164268239697849,0.2346968392497763,-0.07458129263570212,0.3333333333333333,0.8333333333333334,0.25,FAIL
2.0,6,-2.5489017157708633,-2.5332845461284217,0.015617169642441642,12,3,0.25,-0.054419535291229754,-0.21608804330481227,0.12147978045421537,-0.01951578534231635,0.75,0.4166666666666667,0.4166666666666667,FAIL
2.0,9,-2.500719282745216,-2.4978827612765047,0.0028365214687111617,12,3,0.25,-0.056213318088793374,-0.42892006244151576,0.08651803773261052,-0.09520335317865586,0.3333333333333333,0.75,0.25,FAIL
2.0,1,-3.028426311733687,-3.0114909835642476,0.016935328169439323,12,3,0.25,-0.1852251104383827,-0.47819533740165815,0.15098400782961188,-0.2909112242208487,0.6666666666666666,0.25,0.25,FAIL
2.0,8,-2.515421656153186,-2.500719282745216,0.014702373407970093,12,3,0.25,-0.2015240289751356,-0.4790028447450047,0.28867815752149467,-0.14924593844329823,0.25,0.75,0.25,FAIL
2.0,34,-1.5006653119614082,-1.5006636250131076,1.6869483006054509e-06,12,2,0.16666666666666666,-0.045182599222945624,-0.09835651721132324,0.04959721870189859,-0.026091428281040774,0.16666666666666666,0.0,0.0,FAIL
2.0,16,-2.459862885933599,-2.4540758428723213,0.005787043061277863,12,2,0.16666666666666666,-0.09364396021526389,-0.5229333057750832,0.19365222253285053,-0.11402774040293912,0.6666666666666666,0.4166666666666667,0.25,FAIL
2.0,23,-2.3090969004111574,-2.307635011227305,0.0014618891838522607,12,2,0.16666666666666666,-0.170948326667049,-0.3198383622559981,0.3160441757412852,-0.15184373685340724,0.3333333333333333,0.5833333333333334,0.16666666666666666,FAIL
2.5,30,-1.708744061644193,-1.7084927659021538,0.00025129574203908156,12,12,1.0,0.1340992250516782,0.010861496837408446,0.4142309264697865,0.12893693435266035,1.0,1.0,1.0,PASS
2.5,12,-2.220072720961975,-2.2158085168051564,0.004264204156818607,12,11,0.9166666666666666,0.3031185600719925,-0.10983809676340806,0.490309544906938,0.2551566542859261,0.9166666666666666,0.9166666666666666,0.8333333333333334,PASS
2.5,15,-2.214977503461756,-2.2126368515307324,0.0023406519310236185,12,9,0.75,0.15479407836563894,-0.3061938532192602,0.31703601955427274,0.07811809394254737,0.8333333333333334,0.5833333333333334,0.5,PASS
2.5,14,-2.2157620728905534,-2.214977503461756,0.0007845694287973437,12,9,0.75,0.06047638341816293,-0.17117806792235332,0.3384092776467527,0.05145722308710152,0.5833333333333334,1.0,0.5833333333333334,PASS
2.5,32,-1.5757132787072772,-1.5709164838962943,0.0047967948109828296,12,9,0.75,0.041957677240292895,-0.06672003368297963,0.19120641800950103,0.041978993750447724,0.8333333333333334,1.0,0.8333333333333334,PASS
2.5,11,-2.220151886705943,-2.220072720961975,7.916574396782394e-05,12,8,0.6666666666666666,0.11624382012993108,-0.16076311953657113,0.4575332151838688,0.10996711044932447,1.0,0.8333333333333334,0.8333333333333334,FAIL
2.5,26,-2.0481624992308127,-2.0479984334491985,0.00016406578161420882,12,8,0.6666666666666666,0.07686821429968574,-0.2722544004397666,0.34905360262596646,0.10123929637987436,0.75,0.75,0.6666666666666666,FAIL
2.5,2,-2.7834239873918234,-2.78182418711994,0.0015998002718835558,12,8,0.6666666666666666,0.07469864626468037,-0.6331098456095876,0.38643875823430635,-0.04802203605665681,0.4166666666666667,0.8333333333333334,0.4166666666666667,FAIL
2.5,0,-2.789456493352113,-2.7865448945285514,0.002911598823561512,12,8,0.6666666666666666,0.07450106444564181,-0.25611726717634126,0.20366976963597494,-0.03929885827378182,0.3333333333333333,0.8333333333333334,0.3333333333333333,FAIL
2.5,13,-2.2158085168051564,-2.2157620728905534,4.644391460306707e-05,12,8,0.6666666666666666,0.07143649225849905,-0.4149723140407496,0.45036594505640926,0.07695735334051365,0.75,1.0,0.75,FAIL
2.5,21,-2.117426327544415,-2.1012919979676843,0.016134329576730888,12,8,0.6666666666666666,0.056214979818207944,-0.30462073035449166,0.48400584371262173,0.1096347882234809,0.9166666666666666,0.9166666666666666,0.8333333333333334,FAIL
2.5,3,-2.78182418711994,-2.7802936326249066,0.001530554495033254,12,7,0.5833333333333334,0.07786420135591934,-0.6601524927315803,0.4896777312490973,0.056959607237400484,0.5833333333333334,0.9166666666666666,0.5833333333333334,FAIL
2.5,24,-2.1009554770930388,-2.100904104194709,5.137289832957137e-05,12,7,0.5833333333333334,0.04288317340638949,-0.1444530177545584,0.15958487647929395,-0.006625830429186352,0.75,0.5833333333333334,0.5,FAIL
2.5,20,-2.1177754114454492,-2.117426327544415,0.00034908390103405296,12,7,0.5833333333333334,0.03259874984531003,-0.3674554183566447,0.3601952303602597,0.0032271959789621496,0.6666666666666666,0.75,0.5,FAIL
2.5,27,-2.0479984334491985,-2.0436301893929794,0.0043682440562191616,12,6,0.5,0.028483311327610686,-0.7022471794092607,0.440950134513546,0.06568351706093295,0.8333333333333334,0.6666666666666666,0.5833333333333334,FAIL
2.5,22,-2.1012919979676843,-2.1011153589507896,0.0001766390168946863,12,6,0.5,0.006588267191751984,-0.3925198689963891,0.5077980891728917,0.0035536876671139472,0.75,0.6666666666666666,0.5,FAIL
2.5,10,-2.222959615404354,-2.220151886705943,0.0028077286984111716,12,6,0.5,-0.03927891244269616,-0.35420564983097935,0.28943077918357807,-0.0752679793130496,0.75,0.25,0.25,FAIL
2.5,23,-2.1011153589507896,-2.1009554770930388,0.00015988185775084318,12,6,0.5,-0.0499838629133223,-0.3462501316338203,0.4443993289200124,0.025213221804008812,0.5833333333333334,0.9166666666666666,0.5,FAIL
2.5,6,-2.235521499350452,-2.2331388457081927,0.0023826536422593136,12,5,0.4166666666666667,-0.0054123283742425615,-0.16322163612815993,0.12343511090119866,-0.05018040782111005,0.3333333333333333,0.16666666666666666,0.16666666666666666,FAIL
2.5,4,-2.7802936326249066,-2.7789808618388485,0.0013127707860580706,12,5,0.4166666666666667,-0.031571064108840224,-0.465758686741486,0.2631413578979598,-0.05228069650672612,0.6666666666666666,0.5833333333333334,0.4166666666666667,FAIL
2.5,7,-2.2331388457081927,-2.227306849436945,0.0058319962712478635,12,5,0.4166666666666667,-0.03821517661383023,-0.24254964167956058,0.19599450557971795,-0.0020633821432303745,1.0,0.5,0.5,FAIL
2.5,9,-2.2247948069969667,-2.222959615404354,0.001835191592612695,12,5,0.4166666666666667,-0.06780960377861753,-0.259087212581575,0.16858446907719976,-0.03699862333341267,0.5,0.9166666666666666,0.4166666666666667,FAIL
2.5,18,-2.1187392656878625,-2.118403749312503,0.0003355163753595569,12,4,0.3333333333333333,-0.10079258455739616,-0.6133252105421776,0.13095108278863105,-0.13226015979434588,0.25,0.8333333333333334,0.25,FAIL
2.5,16,-2.2126368515307324,-2.2118709170127033,0.0007659345180290877,12,3,0.25,-0.07144162012795695,-0.2867027948926334,0.20896667787994636,-0.07835040173042446,0.4166666666666667,0.75,0.25,FAIL
2.5,34,-1.2950235482420738,-1.2950235435054935,4.736580239139698e-09,12,2,0.16666666666666666,-0.06396104608834541,-0.13673554063268556,0.109596222244563,-0.026839532210437667,0.25,0.0,0.0,FAIL
2.5,19,-2.118403749312503,-2.1177754114454492,0.000628337867053741,12,2,0.16666666666666666,-0.1846823329886719,-0.5705745265473687,0.15864306815793316,-0.13596189579028234,0.25,1.0,0.25,FAIL
2.5,1,-2.7865448945285514,-2.7834239873918234,0.0031209071367279684,12,2,0.16666666666666666,-0.25371307273537735,-0.8289171520148508,0.22007797738183085,-0.30484116878549317,0.75,0.16666666666666666,0.16666666666666666,FAIL
2.5,28,-2.0436301893929794,-2.043428583527209,0.00020160586577055994,12,0,0.0,-0.10751227994244028,-0.2383726713888951,-0.040085920232055594,-0.09390405597261264,0.3333333333333333,0.08333333333333333,0.0,FAIL
2.5,8,-2.227306849436945,-2.2247948069969667,0.002512042439978046,12,0,0.0,-0.24271902661871222,-0.40455673008785376,-0.05313198671317809,-0.3014863152759615,0.25,0.25,0.0,FAIL
3.0,30,-1.4900591070763916,-1.4900508825611831,8.224515208432592e-06,12,12,1.0,0.3655205108025499,0.052804802466675405,0.6497181463304935,0.2128024160660471,1.0,1.0,1.0,PASS
3.0,32,-1.3736970983201342,-1.3729039651843435,0.0007931331357906579,12,11,0.9166666666666666,0.2075319843483124,-0.03969150134833521,0.3109636434895424,0.039190895153906946,0.8333333333333334,1.0,0.8333333333333334,PASS
3.0,16,-2.031252244753427,-2.0311735607977366,7.868395569055053e-05,12,11,0.9166666666666666,0.13095220291604176,-0.04132790562918978,0.23921909863354057,-0.031018204005397287,0.25,0.75,0.25,PASS
3.0,25,-1.9416421574132399,-1.906948580348787,0.034693577064452974,12,10,0.8333333333333334,0.16780576762837338,-0.49051236810223875,0.41658512346807264,0.08002770212676777,0.9166666666666666,0.75,0.6666666666666666,PASS
3.0,12,-2.0328183644623294,-2.032173093255107,0.0006452712072224642,12,10,0.8333333333333334,0.13629045769568054,-0.021438032157941378,0.33528037630772867,0.014431924047452707,0.5833333333333334,0.75,0.5,PASS
3.0,27,-1.9069440816833632,-1.9062316702362092,0.0007124114471539489,12,9,0.75,0.2190930758844347,-0.4301706950829661,0.44170634588349217,0.049326390007589316,0.9166666666666666,0.6666666666666666,0.5833333333333334,PASS
3.0,34,-1.1386868855104975,-1.138686885504225,6.2725380445272094e-12,12,9,0.75,0.042933226400111935,-0.1003753671735349,0.17111288201373887,-0.02773533728615718,0.25,0.0,0.0,PASS
3.0,13,-2.032173093255107,-2.0317688592111076,0.000404234043999363,12,8,0.6666666666666666,0.11970836284795434,-0.1944035896186669,0.3297717571225165,-0.023262914123792444,0.75,0.75,0.5,FAIL
3.0,10,-2.0333469722696798,-2.0328380601813794,0.000508912088300395,12,8,0.6666666666666666,0.062317136439657625,-0.34841208997559114,0.4819674462314474,-0.027940817142155322,0.75,0.6666666666666666,0.4166666666666667,FAIL
3.0,0,-2.6316584548413777,-2.6312002232856595,0.0004582315557182248,12,8,0.6666666666666666,0.05994812472022015,-0.10955036826892484,0.3645040707827579,-0.03421567323452246,0.4166666666666667,0.8333333333333334,0.4166666666666667,FAIL
3.0,14,-2.0317688592111076,-2.031659594631523,0.00010926457958460034,12,8,0.6666666666666666,0.057211226795484876,-0.18987108005556513,0.3009662537269341,-0.04859319790026417,0.5833333333333334,0.4166666666666667,0.25,FAIL
3.0,11,-2.0328380601813794,-2.0328183644623294,1.969571904991696e-05,12,8,0.6666666666666666,0.049754373121210074,-0.08541748941418863,0.45872945666917697,0.07913262175956719,0.9166666666666666,0.5833333333333334,0.5833333333333334,FAIL
3.0,15,-2.031659594631523,-2.031252244753427,0.0004073498780958751,12,8,0.6666666666666666,0.04824656076816389,-0.11023268997593888,0.23823949036653708,-0.0218742154016085,0.9166666666666666,0.5833333333333334,0.5,FAIL
3.0,9,-2.0341708654795934,-2.0333469722696798,0.0008238932099136065,12,7,0.5833333333333334,0.07331338003684748,-0.23450347889197715,0.27088858890539036,0.019637871965693776,0.5833333333333334,0.9166666666666666,0.5,FAIL
3.0,7,-2.0356689091114797,-2.0344906197008075,0.0011782894106722175,12,7,0.5833333333333334,0.047440140626803795,-0.16557997234166005,0.17722670888274236,-0.036193392506374655,1.0,0.3333333333333333,0.3333333333333333,FAIL
3.0,28,-1.9062316702362092,-1.9062264520262546,5.218209954582775e-06,12,7,0.5833333333333334,0.030527890885808928,-0.09557327983059535,0.2044181133407047,-0.11754633989052526,0.08333333333333333,0.0,0.0,FAIL
3.0,6,-2.0359872801602448,-2.0356689091114797,0.00031837104876508704,12,7,0.5833333333333334,0.01593622109123949,-0.11350291385704397,0.17306535194084333,-0.06604712629160686,0.25,0.0,0.0,FAIL
3.0,4,-2.630216696330803,-2.630012571212273,0.00020412511853029613,12,6,0.5,0.0014639335005431908,-0.2894957496474068,0.1574927725562848,-0.05208482075887699,0.3333333333333333,0.5,0.08333333333333333,FAIL
3.0,21,-1.9466944039771215,-1.941658924781631,0.005035479195490522,12,5,0.4166666666666667,-0.014706216228762253,-0.26371041859155586,0.3921414151902491,-0.06009166109416629,0.4166666666666667,1.0,0.4166666666666667,FAIL
3.0,18,-1.946778857615386,-1.946741970638144,3.688697724202328e-05,12,5,0.4166666666666667,-0.04733784180083506,-0.4252471524375011,0.24700606881731685,-0.2063044237163507,0.3333333333333333,0.8333333333333334,0.25,FAIL
3.0,26,-1.906948580348787,-1.9069440816833632,4.4986654237355594e-06,12,5,0.4166666666666667,-0.07598748314356357,-0.4948671017951276,0.16969540251260473,-0.16616355433719499,0.6666666666666666,0.6666666666666666,0.3333333333333333,FAIL
3.0,2,-2.630708570473492,-2.6304544501271616,0.0002541203463302111,12,4,0.3333333333333333,-0.10406623881892874,-0.5035530668904404,0.3156328902131646,-0.1940464853814901,0.4166666666666667,0.5833333333333334,0.3333333333333333,FAIL
3.0,1,-2.6312002232856595,-2.630708570473492,0.0004916528121676755,12,4,0.3333333333333333,-0.22194694963541944,-0.7796523386618837,0.43475669735133693,-0.3316917569134364,0.75,0.16666666666666666,0.16666666666666666,FAIL
3.0,19,-1.946741970638144,-1.9467323951539381,9.57548420577048e-06,12,2,0.16666666666666666,-0.1382237208524772,-0.44095068943474736,0.10093659092623962,-0.17703705128146385,0.4166666666666667,0.25,0.16666666666666666,FAIL
3.0,8,-2.0344906197008075,-2.0341708654795934,0.000319754221214108,12,2,0.16666666666666666,-0.142281037505358,-0.3407510467579202,0.03516613298911575,-0.24323588026471174,0.5,0.25,0.08333333333333333,FAIL
3.0,3,-2.6304544501271616,-2.630216696330803,0.00023775379635848637,12,2,0.16666666666666666,-0.2509970068038092,-0.45736567979287424,0.3356768733892145,-0.18303780360402105,0.3333333333333333,0.5833333333333334,0.08333333333333333,FAIL
3.0,24,-1.9416483543283911,-1.9416421574132399,6.196915151246429e-06,12,1,0.08333333333333333,-0.15049372277587902,-0.27906952601082774,0.053020149233905356,-0.24619309459738345,0.5,0.0,0.0,FAIL
3.0,20,-1.9467323951539381,-1.9466944039771215,3.79911768166874e-05,12,1,0.08333333333333333,-0.2708423774703982,-0.54218604232916,0.021171396650629504,-0.3664008014837663,0.0,0.25,0.0,FAIL
3.0,22,-1.941658924781631,-1.94165740615208,1.518629551000572e-06,12,1,0.08333333333333333,-0.29234642046427717,-0.55598741920565,0.049102477801656164,-0.38449211384301496,0.08333333333333333,0.0,0.0,FAIL
3.0,23,-1.94165740615208,-1.9416483543283911,9.051823688821514e-06,12,0,0.0,-0.25280953287819186,-0.40615773157369994,-0.08739428096289731,-0.29422349061669995,0.16666666666666666,0.0,0.0,FAIL
