fold,sample_index,sample_id,true_coo,y_true_ABC,p_ABC
1,3,GSM274898,ABC,1,0.9792540511447387
1,8,GSM274903,GCB,0,0.9457762189662741
1,13,GSM274908,GCB,0,0.061723845624505606
1,15,GSM274910,GCB,0,0.06579716201430684
1,25,GSM274921,ABC,1,0.987774102340472
1,28,GSM274924,ABC,1,0.9426740596980592
1,29,GSM274925,GCB,0,0.4998803487831339
1,39,GSM274935,GCB,0,0.22770177750619536
1,40,GSM274936,GCB,0,0.03413263135551986
1,41,GSM274937,GCB,0,0.001624119588519009
1,44,GSM274940,GCB,0,0.006063278613031725
1,45,GSM274941,ABC,1,0.5971894166300689
1,52,GSM274948,ABC,1,0.9990801632166627
1,56,GSM274952,GCB,0,0.028115542011966598
1,57,GSM274953,ABC,1,0.9716370510461441
1,61,GSM274957,ABC,1,0.9989716689891901
1,63,GSM274959,GCB,0,0.009713050823571646
1,71,GSM274967,ABC,1,0.516668209950104
1,77,GSM274973,GCB,0,0.6165231796661099
1,86,GSM274982,GCB,0,0.16298851282398863
1,95,GSM274991,GCB,0,0.005077869986876414
1,106,GSM275002,ABC,1,0.880228368135379
1,109,GSM275005,GCB,0,0.3757178515568483
1,117,GSM275013,ABC,1,0.7826331852739155
1,120,GSM275016,GCB,0,0.08905134770694967
1,132,GSM275029,ABC,1,0.18089392408262292
1,134,GSM275031,ABC,1,0.941130004136049
1,135,GSM275032,ABC,1,0.9955515136218218
1,139,GSM275036,ABC,1,0.8258353161293803
1,140,GSM275037,ABC,1,0.6296744270595727
1,142,GSM275039,ABC,1,0.9988015472721954
1,144,GSM275041,GCB,0,0.2512208420175097
1,157,GSM275084,GCB,0,0.035738023629646745
1,169,GSM275096,GCB,0,0.012069997170041495
1,174,GSM275103,GCB,0,0.002522044441852948
1,180,GSM275112,ABC,1,0.6205677736527211
1,181,GSM275113,GCB,0,0.012959461919471041
1,182,GSM275114,GCB,0,0.247823252670312
1,183,GSM275115,ABC,1,0.7436516564879077
1,196,GSM275129,GCB,0,0.0023024324573472613
1,197,GSM275130,ABC,1,0.9986570219219489
1,211,GSM275146,GCB,0,0.006311877896426442
1,216,GSM275151,ABC,1,0.4451638826920968
1,221,GSM275156,GCB,0,0.09637337112944869
1,222,GSM275158,GCB,0,0.04763829005822589
1,229,GSM275166,GCB,0,0.00011197249317680959
1,230,GSM275167,GCB,0,0.0032350961233031284
1,244,GSM275185,ABC,1,0.9104033321812769
1,249,GSM275190,GCB,0,0.06126537809691875
1,250,GSM275192,ABC,1,0.7975188920277914
1,253,GSM275195,ABC,1,0.9030147835291839
1,255,GSM275197,GCB,0,0.005778102428516311
1,256,GSM275198,ABC,1,0.9072775936874498
1,258,GSM275201,GCB,0,0.0675725084103581
1,265,GSM275212,GCB,0,0.04575751639710704
1,276,GSM275224,GCB,0,0.1870951080716574
1,277,GSM275226,ABC,1,0.6336204088756239
1,278,GSM275227,GCB,0,0.03636758341547203
1,284,GSM275234,GCB,0,0.014272707765116587
1,285,GSM275235,ABC,1,0.9994200561149188
1,287,GSM275237,ABC,1,0.9970602808037562
1,304,GSM275261,ABC,1,0.9872150550565864
1,314,GSM275272,ABC,1,0.9191664873130372
1,316,GSM275274,ABC,1,0.674011188876338
1,321,GSM275279,ABC,1,0.35757010404591233
1,324,GSM275282,GCB,0,0.0019262493681189608
1,325,GSM275283,GCB,0,0.08421472115614373
1,331,GSM275289,ABC,1,0.5743348729539595
1,333,GSM275291,ABC,1,0.9868537101918776
1,344,GSM275303,GCB,0,0.23413036377061922
2,1,GSM274896,GCB,0,0.33164973466329417
2,6,GSM274901,ABC,1,0.009572125637212565
2,16,GSM274911,GCB,0,0.62949200448859
2,20,GSM274916,GCB,0,0.05113458345248287
2,26,GSM274922,GCB,0,0.3219189597943529
2,27,GSM274923,ABC,1,0.9103089553356448
2,49,GSM274945,ABC,1,0.5718998305041193
2,59,GSM274955,GCB,0,0.014572734274880856
2,70,GSM274966,GCB,0,0.39640624809183683
2,82,GSM274978,ABC,1,0.22733625769119734
2,85,GSM274981,ABC,1,0.6969561438493327
2,99,GSM274995,ABC,1,0.7544886977267169
2,102,GSM274998,ABC,1,0.840331586484183
2,118,GSM275014,ABC,1,0.862519463350918
2,119,GSM275015,ABC,1,0.5224065755468073
2,127,GSM275024,ABC,1,0.22796270770754784
2,133,GSM275030,GCB,0,0.04076727626375156
2,137,GSM275034,GCB,0,0.2073385010284772
2,138,GSM275035,ABC,1,0.4788442958682835
2,147,GSM275044,ABC,1,0.6807389576632169
2,148,GSM275045,ABC,1,0.9304361975233507
2,151,GSM275077,GCB,0,0.7382889052399251
2,155,GSM275082,GCB,0,0.6990332660189912
2,158,GSM275085,GCB,0,0.2850948522412497
2,160,GSM275087,GCB,0,0.0009249911249906512
2,165,GSM275092,GCB,0,0.008890829116251688
2,166,GSM275093,ABC,1,0.561451314040884
2,167,GSM275094,GCB,0,0.14607757679776065
2,170,GSM275097,ABC,1,0.4455730329189089
2,172,GSM275100,ABC,1,0.7551572318615525
2,173,GSM275102,GCB,0,0.3770255495030636
2,179,GSM275109,ABC,1,0.9200544769993552
2,185,GSM275117,GCB,0,0.05075587330873339
2,190,GSM275122,ABC,1,0.230404076224873
2,193,GSM275126,GCB,0,0.04623430289253749
2,194,GSM275127,GCB,0,0.0026198714849886766
2,200,GSM275134,GCB,0,0.004653055992196394
2,202,GSM275136,ABC,1,0.9892448084205181
2,205,GSM275139,ABC,1,0.9808541796278446
2,206,GSM275140,ABC,1,0.7448457675096198
2,209,GSM275143,ABC,1,0.8634245091098937
2,215,GSM275150,ABC,1,0.8415448033426566
2,218,GSM275153,GCB,0,0.0018817420434289176
2,219,GSM275154,GCB,0,0.2572112417546708
2,228,GSM275165,ABC,1,0.1973576901066999
2,240,GSM275181,ABC,1,0.9992466483844048
2,246,GSM275187,GCB,0,0.12157550740047231
2,251,GSM275193,GCB,0,0.002315345908890002
2,252,GSM275194,GCB,0,0.6740538627650937
2,261,GSM275207,ABC,1,0.819404518833967
2,262,GSM275208,GCB,0,0.42462991778997833
2,264,GSM275211,GCB,0,0.2828891858466461
2,267,GSM275214,GCB,0,0.18005894811917
2,268,GSM275215,GCB,0,0.5479578757779642
2,281,GSM275230,GCB,0,0.24089257632320354
2,290,GSM275241,ABC,1,0.9169542755375691
2,293,GSM275247,ABC,1,0.14365530266937424
2,297,GSM275251,GCB,0,0.1808397665981381
2,303,GSM275260,GCB,0,0.015181191412725486
2,307,GSM275265,GCB,0,0.778350304614169
2,309,GSM275267,ABC,1,0.8689790319298875
2,318,GSM275276,GCB,0,0.007456043123630508
2,322,GSM275280,GCB,0,0.13130082088939385
2,328,GSM275286,ABC,1,0.7054203460350658
2,337,GSM275295,GCB,0,0.006822944374688429
2,338,GSM275296,GCB,0,0.016097783178281946
2,339,GSM275297,ABC,1,0.8918811099748372
2,345,GSM275304,ABC,1,0.5927641436094822
2,346,GSM275305,ABC,1,0.8249246269041911
2,349,GSM275308,GCB,0,0.205822290021185
3,2,GSM274897,ABC,1,0.981055660408451
3,5,GSM274900,ABC,1,0.1914389619499307
3,7,GSM274902,ABC,1,0.9909321597936749
3,11,GSM274906,GCB,0,0.5566929911509317
3,14,GSM274909,GCB,0,0.015049653606194374
3,21,GSM274917,ABC,1,0.9860668487510993
3,23,GSM274919,ABC,1,0.6531649582413462
3,35,GSM274931,GCB,0,0.004046486875919659
3,36,GSM274932,GCB,0,0.0009219390699618674
3,46,GSM274942,ABC,1,0.9991465825249178
3,51,GSM274947,GCB,0,0.001403373865802594
3,53,GSM274949,GCB,0,0.5953319164477037
3,69,GSM274965,GCB,0,0.026240852935779293
3,73,GSM274969,GCB,0,0.01910637807049552
3,74,GSM274970,ABC,1,0.955262969586168
3,75,GSM274971,GCB,0,0.3338739874983309
3,90,GSM274986,GCB,0,0.009983403272754853
3,92,GSM274988,ABC,1,0.6669737744956401
3,97,GSM274993,GCB,0,0.03941548611846901
3,98,GSM274994,GCB,0,0.19940597912983046
3,104,GSM275000,GCB,0,0.13956604923202612
3,108,GSM275004,GCB,0,0.7563524808187179
3,113,GSM275009,GCB,0,0.0763973054024729
3,115,GSM275011,ABC,1,0.3150154892392947
3,125,GSM275021,ABC,1,0.8939635280094957
3,129,GSM275026,GCB,0,0.14030277241866124
3,143,GSM275040,GCB,0,0.04171422770617854
3,145,GSM275042,ABC,1,0.9783642483373148
3,146,GSM275043,GCB,0,0.37160074255772196
3,150,GSM275076,ABC,1,0.8101619517726115
3,153,GSM275080,ABC,1,0.9921709787775325
3,161,GSM275088,ABC,1,0.9569222694285324
3,164,GSM275091,ABC,1,0.5550525849809771
3,178,GSM275108,GCB,0,0.0010230938979522179
3,187,GSM275119,ABC,1,0.8867288411938807
3,189,GSM275121,ABC,1,0.5305555432216315
3,195,GSM275128,ABC,1,0.99885632224039
3,203,GSM275137,GCB,0,0.9654406397617741
3,207,GSM275141,ABC,1,0.8653708929203804
3,213,GSM275148,GCB,0,0.03929503171197107
3,227,GSM275164,GCB,0,0.18080096312285243
3,231,GSM275169,ABC,1,0.8822251548095532
3,233,GSM275172,ABC,1,0.9952543851293666
3,237,GSM275178,GCB,0,0.09020120541036913
3,243,GSM275184,GCB,0,0.2074803795507636
3,248,GSM275189,ABC,1,0.9516561796697295
3,257,GSM275199,ABC,1,0.971630698174661
3,260,GSM275206,ABC,1,0.9517502656217147
3,266,GSM275213,GCB,0,0.2902047251587038
3,273,GSM275220,GCB,0,0.2957883452826376
3,274,GSM275221,ABC,1,0.994122610756599
3,275,GSM275222,GCB,0,0.05901425372300706
3,280,GSM275229,ABC,1,0.13149656096997195
3,282,GSM275232,GCB,0,0.04638125349492009
3,294,GSM275248,GCB,0,0.008740842954382265
3,295,GSM275249,ABC,1,0.9965825510838253
3,296,GSM275250,GCB,0,0.004009688935724867
3,300,GSM275256,ABC,1,0.9958776433237518
3,302,GSM275259,GCB,0,0.4179689052242134
3,305,GSM275263,GCB,0,0.00043246992178438975
3,308,GSM275266,GCB,0,0.06420512279328092
3,312,GSM275270,GCB,0,0.0276654094526902
3,317,GSM275275,ABC,1,0.9824995823702701
3,319,GSM275277,ABC,1,0.8981038652913662
3,329,GSM275287,GCB,0,0.37047725930109365
3,330,GSM275288,GCB,0,0.0005043207570524753
3,332,GSM275290,ABC,1,0.9991114862485287
3,334,GSM275292,GCB,0,0.011738956368892826
3,335,GSM275293,ABC,1,0.9966306850602858
3,341,GSM275299,ABC,1,0.025683225583566095
4,0,GSM274895,GCB,0,0.13451027946261682
4,4,GSM274899,ABC,1,0.9918339868046289
4,10,GSM274905,GCB,0,0.7045437423136224
4,17,GSM274912,GCB,0,0.7151369529777338
4,18,GSM274914,ABC,1,0.8954667452760829
4,19,GSM274915,ABC,1,0.8453409287793431
4,30,GSM274926,ABC,1,0.8525058929539868
4,31,GSM274927,GCB,0,0.3870537338485552
4,37,GSM274933,ABC,1,0.6883738711899265
4,42,GSM274938,ABC,1,0.22574407065903038
4,43,GSM274939,GCB,0,0.056687611969676185
4,50,GSM274946,GCB,0,0.6240252985420778
4,55,GSM274951,GCB,0,0.1840089679586059
4,58,GSM274954,ABC,1,0.9553331738368502
4,60,GSM274956,GCB,0,0.16261686208785567
4,62,GSM274958,ABC,1,0.9939560998624682
4,66,GSM274962,GCB,0,0.04367554634672589
4,68,GSM274964,ABC,1,0.9587816828645426
4,72,GSM274968,ABC,1,0.6387041443508246
4,79,GSM274975,ABC,1,0.9755328367761946
4,80,GSM274976,GCB,0,0.4235294350157083
4,84,GSM274980,ABC,1,0.9875578183985094
4,87,GSM274983,ABC,1,0.9626109408006847
4,89,GSM274985,ABC,1,0.9105715295906986
4,91,GSM274987,GCB,0,0.06328573016445987
4,93,GSM274989,GCB,0,0.37712503898060634
4,94,GSM274990,GCB,0,0.052562233545017496
4,96,GSM274992,GCB,0,0.18290982437076375
4,100,GSM274996,ABC,1,0.8817136379967085
4,111,GSM275007,GCB,0,0.11199611672329714
4,112,GSM275008,GCB,0,0.013157039087717192
4,114,GSM275010,ABC,1,0.6769718950247395
4,116,GSM275012,GCB,0,0.7606630302983218
4,121,GSM275017,ABC,1,0.3624499441117259
4,124,GSM275020,GCB,0,0.034860713357892835
4,126,GSM275022,ABC,1,0.6121473788324869
4,128,GSM275025,ABC,1,0.9933853331503166
4,136,GSM275033,GCB,0,0.7640931838167132
4,141,GSM275038,GCB,0,0.2584847810394174
4,154,GSM275081,GCB,0,0.3522965958904741
4,162,GSM275089,GCB,0,0.04881610483284087
4,163,GSM275090,ABC,1,0.935091193675826
4,171,GSM275099,GCB,0,0.15397451098943563
4,175,GSM275104,GCB,0,0.18101458971668546
4,176,GSM275106,GCB,0,0.10947367773131413
4,192,GSM275125,ABC,1,0.8329286919609209
4,198,GSM275132,ABC,1,0.834389770856912
4,201,GSM275135,ABC,1,0.9902354196957057
4,204,GSM275138,GCB,0,0.1066071737059982
4,208,GSM275142,ABC,1,0.9329975389294405
4,210,GSM275144,GCB,0,0.33851865043169027
4,234,GSM275174,ABC,1,0.845817695239493
4,235,GSM275175,GCB,0,0.0628162148795016
4,236,GSM275177,ABC,1,0.9566882349969648
4,239,GSM275180,GCB,0,0.32332838771902467
4,241,GSM275182,GCB,0,0.3518725663442535
4,247,GSM275188,ABC,1,0.9800640207338208
4,254,GSM275196,ABC,1,0.39791752117169155
4,269,GSM275216,ABC,1,0.985358185758494
4,270,GSM275217,ABC,1,0.7272423941193494
4,289,GSM275240,ABC,1,0.378391295139643
4,291,GSM275242,ABC,1,0.8607242849491546
4,292,GSM275243,GCB,0,0.09888596459224643
4,320,GSM275278,ABC,1,0.8049876221784784
4,323,GSM275281,GCB,0,0.274991683399842
4,327,GSM275285,GCB,0,0.02410399382488466
4,336,GSM275294,GCB,0,0.03713274943228428
4,342,GSM275300,ABC,1,0.2860017727415255
4,343,GSM275302,GCB,0,0.5338898057164142
4,347,GSM275306,GCB,0,0.0022684054360281648
5,9,GSM274904,GCB,0,0.510303072929446
5,12,GSM274907,GCB,0,0.2827907891490475
5,22,GSM274918,GCB,0,0.03458629237256874
5,24,GSM274920,ABC,1,0.8223483148250813
5,32,GSM274928,GCB,0,0.1752630972529345
5,33,GSM274929,GCB,0,0.17257543894617172
5,34,GSM274930,GCB,0,0.17669764944128247
5,38,GSM274934,ABC,1,0.08414185168332515
5,47,GSM274943,GCB,0,0.044111764161958694
5,48,GSM274944,GCB,0,0.11027628230877061
5,54,GSM274950,ABC,1,0.6416713062255563
5,64,GSM274960,ABC,1,0.9060803488219702
5,65,GSM274961,GCB,0,0.12762347984234373
5,67,GSM274963,GCB,0,0.3404679860547582
5,76,GSM274972,ABC,1,0.9427025821843928
5,78,GSM274974,ABC,1,0.9585084163465599
5,81,GSM274977,GCB,0,0.6584396868318442
5,83,GSM274979,ABC,1,0.9644573752709671
5,88,GSM274984,ABC,1,0.7690619182622752
5,101,GSM274997,ABC,1,0.9474126501026975
5,103,GSM274999,ABC,1,0.3220976023413995
5,105,GSM275001,ABC,1,0.8086771171152295
5,107,GSM275003,ABC,1,0.2040554562055748
5,110,GSM275006,GCB,0,0.28904792757189873
5,122,GSM275018,ABC,1,0.7916594156848191
5,123,GSM275019,GCB,0,0.26918386861739263
5,130,GSM275027,ABC,1,0.9574838339495403
5,131,GSM275028,ABC,1,0.4101924250291035
5,149,GSM275046,GCB,0,0.030879684479280852
5,152,GSM275078,GCB,0,0.007435090832914626
5,156,GSM275083,GCB,0,0.05094076069169746
5,159,GSM275086,ABC,1,0.9934985709031485
5,168,GSM275095,GCB,0,0.301980113909506
5,177,GSM275107,GCB,0,0.005314795428124515
5,184,GSM275116,ABC,1,0.9830048055035201
5,186,GSM275118,GCB,0,0.40481221057899713
5,188,GSM275120,ABC,1,0.5802351714833978
5,191,GSM275123,ABC,1,0.29446220987847804
5,199,GSM275133,GCB,0,0.8035200732800364
5,212,GSM275147,GCB,0,0.9428799871194137
5,214,GSM275149,GCB,0,0.0948241204408212
5,217,GSM275152,ABC,1,0.9166932458455681
5,220,GSM275155,ABC,1,0.9922537240111935
5,223,GSM275159,ABC,1,0.4366138082612139
5,224,GSM275160,ABC,1,0.8783431775456112
5,225,GSM275161,ABC,1,0.856318812195838
5,226,GSM275162,ABC,1,0.25569659711401405
5,232,GSM275170,GCB,0,0.745242663112788
5,238,GSM275179,ABC,1,0.6230630313329454
5,242,GSM275183,ABC,1,0.8694649617328744
5,245,GSM275186,GCB,0,0.4466768615721971
5,259,GSM275203,ABC,1,0.9758509298756134
5,263,GSM275209,GCB,0,0.21420342596000055
5,271,GSM275218,GCB,0,0.02374020018860974
5,272,GSM275219,GCB,0,0.21996002557193703
5,279,GSM275228,GCB,0,0.41884924724764033
5,283,GSM275233,GCB,0,0.11721754685110737
5,286,GSM275236,ABC,1,0.898437565436709
5,288,GSM275238,ABC,1,0.9918045417748024
5,298,GSM275253,GCB,0,0.02724050655867942
5,299,GSM275255,GCB,0,0.10099197005478784
5,301,GSM275258,GCB,0,0.2032572383787254
5,306,GSM275264,GCB,0,0.935368571543713
5,310,GSM275268,ABC,1,0.5337592130158648
5,311,GSM275269,ABC,1,0.91349300927267
5,313,GSM275271,ABC,1,0.2535356790254051
5,315,GSM275273,GCB,0,0.0005866512036905029
5,326,GSM275284,GCB,0,0.009156091576244014
5,340,GSM275298,GCB,0,0.022264662278905483
5,348,GSM275307,ABC,1,0.346997862376692
6,0,GSM274895,GCB,0,0.00262062002403122
6,6,GSM274901,ABC,1,0.03728516252795204
6,9,GSM274904,GCB,0,0.856820905943524
6,10,GSM274905,GCB,0,0.5266518839639424
6,11,GSM274906,GCB,0,0.04519451366156945
6,18,GSM274914,ABC,1,0.9215669467409707
6,26,GSM274922,GCB,0,0.485365211586208
6,34,GSM274930,GCB,0,0.1716440093284862
6,35,GSM274931,GCB,0,0.023772624381980998
6,42,GSM274938,ABC,1,0.6196288333166557
6,43,GSM274939,GCB,0,0.3264349521529521
6,45,GSM274941,ABC,1,0.6286507092664765
6,50,GSM274946,GCB,0,0.24250490420138698
6,57,GSM274953,ABC,1,0.9392457789576935
6,66,GSM274962,GCB,0,0.15597560878260774
6,76,GSM274972,ABC,1,0.9978592065428217
6,78,GSM274974,ABC,1,0.9847935571441173
6,82,GSM274978,ABC,1,0.036796308396388276
6,85,GSM274981,ABC,1,0.45441924470776124
6,87,GSM274983,ABC,1,0.9996823386256127
6,93,GSM274989,GCB,0,0.2620957551886068
6,97,GSM274993,GCB,0,0.31762954579661806
6,100,GSM274996,ABC,1,0.9890928825831294
6,105,GSM275001,ABC,1,0.8759170565173454
6,111,GSM275007,GCB,0,0.008279990096582802
6,113,GSM275009,GCB,0,0.3351271906847885
6,115,GSM275011,ABC,1,0.9811306101745596
6,123,GSM275019,GCB,0,0.4771976113083629
6,138,GSM275035,ABC,1,0.29268743957191923
6,143,GSM275040,GCB,0,0.14282674451416624
6,152,GSM275078,GCB,0,0.0013183557589599407
6,159,GSM275086,ABC,1,0.9956605971272046
6,164,GSM275091,ABC,1,0.7910347156950284
6,170,GSM275097,ABC,1,0.585719476306995
6,174,GSM275103,GCB,0,0.005915272237337325
6,176,GSM275106,GCB,0,0.05840874482800484
6,179,GSM275109,ABC,1,0.941589536100862
6,180,GSM275112,ABC,1,0.23435573111871025
6,190,GSM275122,ABC,1,0.8782382940930002
6,199,GSM275133,GCB,0,0.5245825512219728
6,200,GSM275134,GCB,0,0.004473706324658568
6,202,GSM275136,ABC,1,0.986651875000413
6,205,GSM275139,ABC,1,0.8747098110649737
6,207,GSM275141,ABC,1,0.5844307528984778
6,208,GSM275142,ABC,1,0.9869756076711376
6,212,GSM275147,GCB,0,0.20804903010029496
6,213,GSM275148,GCB,0,0.05547933864585548
6,217,GSM275152,ABC,1,0.9579031241539072
6,222,GSM275158,GCB,0,0.009714288898944845
6,236,GSM275177,ABC,1,0.3483161496095847
6,237,GSM275178,GCB,0,0.4674924083017154
6,240,GSM275181,ABC,1,0.9959504868769771
6,244,GSM275185,ABC,1,0.9844830951703635
6,259,GSM275203,ABC,1,0.9887713093436157
6,267,GSM275214,GCB,0,0.0234025068156937
6,269,GSM275216,ABC,1,0.9984859157533096
6,273,GSM275220,GCB,0,0.8023776037817754
6,276,GSM275224,GCB,0,0.002958315349880481
6,277,GSM275226,ABC,1,0.3953416364613558
6,278,GSM275227,GCB,0,0.6718802690020236
6,280,GSM275229,ABC,1,0.5713843709170024
6,284,GSM275234,GCB,0,0.07513111943599124
6,286,GSM275236,ABC,1,0.7827028409745936
6,292,GSM275243,GCB,0,0.02409227018763476
6,294,GSM275248,GCB,0,0.09080377340668574
6,296,GSM275250,GCB,0,0.0029826207640433625
6,297,GSM275251,GCB,0,0.030374115144750444
6,307,GSM275265,GCB,0,0.832955605890505
6,318,GSM275276,GCB,0,0.4429590668370449
6,327,GSM275285,GCB,0,0.41869220023110104
7,5,GSM274900,ABC,1,0.8893170978097865
7,12,GSM274907,GCB,0,0.6616902000540066
7,13,GSM274908,GCB,0,0.04648823712810346
7,15,GSM274910,GCB,0,0.5030384074167131
7,16,GSM274911,GCB,0,0.2940674232563139
7,22,GSM274918,GCB,0,0.0067466840432246905
7,23,GSM274919,ABC,1,0.8497426175563755
7,24,GSM274920,ABC,1,0.9616531256079394
7,28,GSM274924,ABC,1,0.6696456141022401
7,36,GSM274932,GCB,0,0.11912350667420644
7,41,GSM274937,GCB,0,0.13735536205326673
7,49,GSM274945,ABC,1,0.5192798027185258
7,55,GSM274951,GCB,0,0.16462170579981172
7,58,GSM274954,ABC,1,0.14780776619691172
7,64,GSM274960,ABC,1,0.315737326974675
7,69,GSM274965,GCB,0,0.04803751127333549
7,73,GSM274969,GCB,0,0.30581837725265326
7,81,GSM274977,GCB,0,0.8873444928068713
7,91,GSM274987,GCB,0,0.009054982239000803
7,98,GSM274994,GCB,0,0.8618368265415466
7,103,GSM274999,ABC,1,0.6963689310149666
7,114,GSM275010,ABC,1,0.5307212892801968
7,117,GSM275013,ABC,1,0.9444345406302207
7,118,GSM275014,ABC,1,0.9652438097899758
7,119,GSM275015,ABC,1,0.7892176254029372
7,131,GSM275028,ABC,1,0.5754872088181207
7,141,GSM275038,GCB,0,0.08683341675850725
7,142,GSM275039,ABC,1,0.6690814523222981
7,144,GSM275041,GCB,0,0.238653465472098
7,145,GSM275042,ABC,1,0.9542521344585336
7,146,GSM275043,GCB,0,0.6716299344363109
7,155,GSM275082,GCB,0,0.04688768581988861
7,157,GSM275084,GCB,0,0.16836273664459958
7,158,GSM275085,GCB,0,0.8437129578758255
7,166,GSM275093,ABC,1,0.863814048364385
7,168,GSM275095,GCB,0,0.05916805251499168
7,171,GSM275099,GCB,0,0.3631745586099353
7,175,GSM275104,GCB,0,0.16921038689407858
7,185,GSM275117,GCB,0,0.006710013433190078
7,186,GSM275118,GCB,0,0.1695477549818254
7,193,GSM275126,GCB,0,0.22447813734988328
7,206,GSM275140,ABC,1,0.7626807704456932
7,211,GSM275146,GCB,0,0.953287353249472
7,219,GSM275154,GCB,0,0.26785814555449666
7,223,GSM275159,ABC,1,0.6162502719940768
7,227,GSM275164,GCB,0,0.027156191580891078
7,233,GSM275172,ABC,1,0.5270548911830433
7,243,GSM275184,GCB,0,0.17385853683737304
7,252,GSM275194,GCB,0,0.19087777359114816
7,256,GSM275198,ABC,1,0.35505322085450075
7,285,GSM275235,ABC,1,0.4481299890322716
7,289,GSM275240,ABC,1,0.5962423850546479
7,293,GSM275247,ABC,1,0.7574115983740489
7,300,GSM275256,ABC,1,0.9468120240000996
7,301,GSM275258,GCB,0,0.41943274046068335
7,303,GSM275260,GCB,0,0.11775927603095006
7,309,GSM275267,ABC,1,0.39810823050399874
7,316,GSM275274,ABC,1,0.5643218612435318
7,325,GSM275283,GCB,0,0.8686391047116524
7,328,GSM275286,ABC,1,0.6397539925117177
7,330,GSM275288,GCB,0,0.07172273520056666
7,332,GSM275290,ABC,1,0.325288323694541
7,333,GSM275291,ABC,1,0.8893444523311087
7,335,GSM275293,ABC,1,0.7198771075795316
7,337,GSM275295,GCB,0,0.01570472362899984
7,339,GSM275297,ABC,1,0.8518508670951328
7,341,GSM275299,ABC,1,0.8223598138197113
7,342,GSM275300,ABC,1,0.8574591592006476
7,343,GSM275302,GCB,0,0.6877964129897487
7,344,GSM275303,GCB,0,0.8955170035277292
8,1,GSM274896,GCB,0,0.5208781027599821
8,4,GSM274899,ABC,1,0.9809574615815937
8,20,GSM274916,GCB,0,0.013756112633160103
8,32,GSM274928,GCB,0,0.11356910504353489
8,37,GSM274933,ABC,1,0.9956722461135575
8,38,GSM274934,ABC,1,0.29311701377550786
8,52,GSM274948,ABC,1,0.9984666365276705
8,54,GSM274950,ABC,1,0.9389455122367303
8,62,GSM274958,ABC,1,0.9952066894283135
8,65,GSM274961,GCB,0,0.09615844989702965
8,68,GSM274964,ABC,1,0.7437076443322396
8,70,GSM274966,GCB,0,0.06568910150444951
8,71,GSM274967,ABC,1,0.5729972265451381
8,75,GSM274971,GCB,0,0.5570801639861028
8,77,GSM274973,GCB,0,0.4392177977450081
8,86,GSM274982,GCB,0,0.30354161037097693
8,88,GSM274984,ABC,1,0.9193260192875228
8,89,GSM274985,ABC,1,0.9918877573462487
8,94,GSM274990,GCB,0,0.41855189474431415
8,107,GSM275003,ABC,1,0.7586065631129316
8,110,GSM275006,GCB,0,0.4073400974366057
8,128,GSM275025,ABC,1,0.9827772864780038
8,130,GSM275027,ABC,1,0.9433401709347468
8,132,GSM275029,ABC,1,0.717224793734724
8,136,GSM275033,GCB,0,0.05865022969671522
8,148,GSM275045,ABC,1,0.9013380806842215
8,149,GSM275046,GCB,0,0.023540922136741235
8,154,GSM275081,GCB,0,0.7355645666328389
8,165,GSM275092,GCB,0,0.0011071720164952596
8,172,GSM275100,ABC,1,0.6431764802841979
8,173,GSM275102,GCB,0,0.09624790077253309
8,177,GSM275107,GCB,0,0.0032336723876711087
8,182,GSM275114,GCB,0,0.13213229859781273
8,184,GSM275116,ABC,1,0.9995468483858604
8,187,GSM275119,ABC,1,0.3087645717956177
8,189,GSM275121,ABC,1,0.8299445218218643
8,198,GSM275132,ABC,1,0.9303113005059136
8,201,GSM275135,ABC,1,0.654173567947032
8,204,GSM275138,GCB,0,0.555341684383368
8,214,GSM275149,GCB,0,0.01145902820011945
8,215,GSM275150,ABC,1,0.8975952001293195
8,218,GSM275153,GCB,0,1.641245802647573e-05
8,221,GSM275156,GCB,0,0.03887234398979713
8,224,GSM275160,ABC,1,0.963391220646799
8,229,GSM275166,GCB,0,0.0002757829010067075
8,230,GSM275167,GCB,0,0.005160662635970566
8,232,GSM275170,GCB,0,0.7091403426178802
8,241,GSM275182,GCB,0,0.9885655192207737
8,250,GSM275192,ABC,1,0.9922990505334138
8,251,GSM275193,GCB,0,0.00021515204667228824
8,253,GSM275195,ABC,1,0.9336044027100515
8,258,GSM275201,GCB,0,0.05574962129538251
8,260,GSM275206,ABC,1,0.9950538077615385
8,263,GSM275209,GCB,0,0.0343782566527278
8,265,GSM275212,GCB,0,0.0006945868738749845
8,270,GSM275217,ABC,1,0.6751141734893239
8,275,GSM275222,GCB,0,0.08647959015876175
8,291,GSM275242,ABC,1,0.8718704308500671
8,298,GSM275253,GCB,0,0.018412207233723006
8,306,GSM275264,GCB,0,0.9976450607251751
8,308,GSM275266,GCB,0,0.3964832581860955
8,310,GSM275268,ABC,1,0.15230397768316434
8,317,GSM275275,ABC,1,0.49014529388066713
8,320,GSM275278,ABC,1,0.9722952527313704
8,323,GSM275281,GCB,0,0.08700531964964507
8,324,GSM275282,GCB,0,0.00029637531499628316
8,331,GSM275289,ABC,1,0.9599541661603168
8,340,GSM275298,GCB,0,0.0006267541810093068
8,345,GSM275304,ABC,1,0.08215313487094719
8,349,GSM275308,GCB,0,0.013118179147232883
9,2,GSM274897,ABC,1,0.9291871082832077
9,7,GSM274902,ABC,1,0.6642698545525408
9,14,GSM274909,GCB,0,0.3057767485330032
9,17,GSM274912,GCB,0,0.927651839584963
9,19,GSM274915,ABC,1,0.9521995702019045
9,25,GSM274921,ABC,1,0.9823359056307347
9,29,GSM274925,GCB,0,0.2592092124401735
9,31,GSM274927,GCB,0,0.2353506714483532
9,44,GSM274940,GCB,0,0.26196430985534475
9,46,GSM274942,ABC,1,0.9985021320564118
9,51,GSM274947,GCB,0,0.03659827474480037
9,53,GSM274949,GCB,0,0.4520632516079297
9,56,GSM274952,GCB,0,0.07798690068349011
9,59,GSM274955,GCB,0,0.28887051892267795
9,61,GSM274957,ABC,1,0.9819762065344046
9,74,GSM274970,ABC,1,0.9165726568921766
9,79,GSM274975,ABC,1,0.9891924348788433
9,80,GSM274976,GCB,0,0.44069607538044475
9,99,GSM274995,ABC,1,0.8309079927386925
9,102,GSM274998,ABC,1,0.3293179144328067
9,104,GSM275000,GCB,0,0.14011540856730154
9,106,GSM275002,ABC,1,0.9577975876128008
9,108,GSM275004,GCB,0,0.8110330669755145
9,109,GSM275005,GCB,0,0.4521673668348163
9,112,GSM275008,GCB,0,0.004316333244632237
9,116,GSM275012,GCB,0,0.29392041951954484
9,120,GSM275016,GCB,0,0.18599361663715416
9,121,GSM275017,ABC,1,0.6879421733851981
9,122,GSM275018,ABC,1,0.6956127481354657
9,129,GSM275026,GCB,0,0.6710042869602285
9,135,GSM275032,ABC,1,0.8006342626101599
9,137,GSM275034,GCB,0,0.14632566745449224
9,140,GSM275037,ABC,1,0.9528459973757345
9,147,GSM275044,ABC,1,0.7787709211764375
9,150,GSM275076,ABC,1,0.4625433084203143
9,153,GSM275080,ABC,1,0.9853372897642085
9,156,GSM275083,GCB,0,0.06294528611603459
9,162,GSM275089,GCB,0,0.2177136059922791
9,178,GSM275108,GCB,0,0.00914390647930654
9,183,GSM275115,ABC,1,0.41096156207872725
9,192,GSM275125,ABC,1,0.7025594882519749
9,194,GSM275127,GCB,0,0.003322888127750208
9,195,GSM275128,ABC,1,0.9607106423194054
9,196,GSM275129,GCB,0,0.20480970408635857
9,209,GSM275143,ABC,1,0.6008649772147311
9,216,GSM275151,ABC,1,0.6140385460966641
9,225,GSM275161,ABC,1,0.9113601634367228
9,242,GSM275183,ABC,1,0.9298109596641894
9,245,GSM275186,GCB,0,0.4738295836858593
9,247,GSM275188,ABC,1,0.9775630718178504
9,248,GSM275189,ABC,1,0.4439389839029333
9,254,GSM275196,ABC,1,0.13861049512946205
9,257,GSM275199,ABC,1,0.9126380520750229
9,271,GSM275218,GCB,0,0.010022832427262051
9,272,GSM275219,GCB,0,0.0225365135838033
9,274,GSM275221,ABC,1,0.9902970810651333
9,279,GSM275228,GCB,0,0.3950010780120259
9,281,GSM275230,GCB,0,0.08504801795506231
9,282,GSM275232,GCB,0,0.09182771713565545
9,283,GSM275233,GCB,0,0.2943935942775222
9,288,GSM275238,ABC,1,0.9860166329739732
9,290,GSM275241,ABC,1,0.7245867937412518
9,302,GSM275259,GCB,0,0.9014917439136637
9,305,GSM275263,GCB,0,0.005821721504701481
9,313,GSM275271,ABC,1,0.09881538397365194
9,315,GSM275273,GCB,0,0.0012930485024373526
9,319,GSM275277,ABC,1,0.748921206799942
9,326,GSM275284,GCB,0,0.003917064024864125
9,329,GSM275287,GCB,0,0.8019765834505016
9,338,GSM275296,GCB,0,0.0023442408560153177
10,3,GSM274898,ABC,1,0.920469549038678
10,8,GSM274903,GCB,0,0.021091568186995376
10,21,GSM274917,ABC,1,0.915780062917084
10,27,GSM274923,ABC,1,0.6298025112861113
10,30,GSM274926,ABC,1,0.8274023506430921
10,33,GSM274929,GCB,0,0.06977846413277107
10,39,GSM274935,GCB,0,0.7912256445942384
10,40,GSM274936,GCB,0,0.01849706090721579
10,47,GSM274943,GCB,0,0.27688591916779454
10,48,GSM274944,GCB,0,0.823679689652694
10,60,GSM274956,GCB,0,0.2575829795978551
10,63,GSM274959,GCB,0,0.10828128321130036
10,67,GSM274963,GCB,0,0.030471949268822282
10,72,GSM274968,ABC,1,0.9616892847042133
10,83,GSM274979,ABC,1,0.9709906845355578
10,84,GSM274980,ABC,1,0.9982518633796991
10,90,GSM274986,GCB,0,0.0022969556870429987
10,92,GSM274988,ABC,1,0.8850328855668299
10,95,GSM274991,GCB,0,0.015471620468193378
10,96,GSM274992,GCB,0,0.20356677421082828
10,101,GSM274997,ABC,1,0.9705982965473331
10,124,GSM275020,GCB,0,0.010253206019291994
10,125,GSM275021,ABC,1,0.8059745174024155
10,126,GSM275022,ABC,1,0.2696907645821217
10,127,GSM275024,ABC,1,0.5118855561316782
10,133,GSM275030,GCB,0,0.21649900387802387
10,134,GSM275031,ABC,1,0.3813164063777505
10,139,GSM275036,ABC,1,0.9859183077694654
10,151,GSM275077,GCB,0,0.10057278097933713
10,160,GSM275087,GCB,0,2.2589835189557065e-06
10,161,GSM275088,ABC,1,0.9951252994556629
10,163,GSM275090,ABC,1,0.9347830996048488
10,167,GSM275094,GCB,0,0.026595921409403814
10,169,GSM275096,GCB,0,0.004727785389534249
10,181,GSM275113,GCB,0,0.0135277194463693
10,188,GSM275120,ABC,1,0.9944554163138901
10,191,GSM275123,ABC,1,0.5347825551776526
10,197,GSM275130,ABC,1,0.996777278449077
10,203,GSM275137,GCB,0,0.8575629248541995
10,210,GSM275144,GCB,0,0.16765766943878918
10,220,GSM275155,ABC,1,0.9945024913765328
10,226,GSM275162,ABC,1,0.6985788946827739
10,228,GSM275165,ABC,1,0.8796492662599276
10,231,GSM275169,ABC,1,0.08330969352304737
10,234,GSM275174,ABC,1,0.9501221773600914
10,235,GSM275175,GCB,0,6.92265059837905e-05
10,238,GSM275179,ABC,1,0.9679973586356687
10,239,GSM275180,GCB,0,0.02079558327517784
10,246,GSM275187,GCB,0,0.08452456211233837
10,249,GSM275190,GCB,0,0.004496689473173636
10,255,GSM275197,GCB,0,0.002143169802552853
10,261,GSM275207,ABC,1,0.9915601610714837
10,262,GSM275208,GCB,0,0.08916662192530544
10,264,GSM275211,GCB,0,0.0231571062399388
10,266,GSM275213,GCB,0,0.17215806995504765
10,268,GSM275215,GCB,0,0.9055264936714323
10,287,GSM275237,ABC,1,0.9730047351083608
10,295,GSM275249,ABC,1,0.9953270762206596
10,299,GSM275255,GCB,0,0.3128841043751987
10,304,GSM275261,ABC,1,0.9845918134647637
10,311,GSM275269,ABC,1,0.6166605205433288
10,312,GSM275270,GCB,0,0.0803351727850525
10,314,GSM275272,ABC,1,0.8494596007313808
10,321,GSM275279,ABC,1,0.6849788527207705
10,322,GSM275280,GCB,0,0.5513479179722994
10,334,GSM275292,GCB,0,0.40189708629282
10,336,GSM275294,GCB,0,0.08558499270509286
10,346,GSM275305,ABC,1,0.9756670139793286
10,347,GSM275306,GCB,0,0.00021459634463031187
10,348,GSM275307,ABC,1,0.0822243722065039
11,2,GSM274897,ABC,1,0.9187996732986705
11,6,GSM274901,ABC,1,0.9016821583778577
11,8,GSM274903,GCB,0,0.794295921952681
11,11,GSM274906,GCB,0,0.6371173228078147
11,16,GSM274911,GCB,0,0.4365034008543089
11,19,GSM274915,ABC,1,0.8176169743366829
11,20,GSM274916,GCB,0,0.0978187231274894
11,22,GSM274918,GCB,0,0.015777162937628802
11,26,GSM274922,GCB,0,0.3455578262235773
11,30,GSM274926,ABC,1,0.8372320806651018
11,33,GSM274929,GCB,0,0.061715639755202854
11,39,GSM274935,GCB,0,0.6642903619797881
11,44,GSM274940,GCB,0,0.16769713385016788
11,46,GSM274942,ABC,1,0.9719636919184953
11,51,GSM274947,GCB,0,0.2548912579026826
11,53,GSM274949,GCB,0,0.6210169400754025
11,55,GSM274951,GCB,0,0.6307607611935765
11,62,GSM274958,ABC,1,0.881479166249667
11,67,GSM274963,GCB,0,0.35728181459205877
11,75,GSM274971,GCB,0,0.6596327478687507
11,77,GSM274973,GCB,0,0.28068259937824974
11,80,GSM274976,GCB,0,0.12969478231021161
11,91,GSM274987,GCB,0,0.06908979049854092
11,94,GSM274990,GCB,0,0.20951115963396613
11,95,GSM274991,GCB,0,0.16013787716236022
11,109,GSM275005,GCB,0,0.4169742287795368
11,111,GSM275007,GCB,0,0.05705937762117023
11,115,GSM275011,ABC,1,0.5769661693885774
11,118,GSM275014,ABC,1,0.4295638811046054
11,122,GSM275018,ABC,1,0.4303431926877386
11,129,GSM275026,GCB,0,0.4847434287582755
11,138,GSM275035,ABC,1,0.6771854176728355
11,139,GSM275036,ABC,1,0.9269628276823358
11,160,GSM275087,GCB,0,0.01188688985510537
11,161,GSM275088,ABC,1,0.41103792505133235
11,165,GSM275092,GCB,0,0.0009491100713167771
11,170,GSM275097,ABC,1,0.4239483320528138
11,173,GSM275102,GCB,0,0.5795872052527379
11,189,GSM275121,ABC,1,0.5227962436139098
11,191,GSM275123,ABC,1,0.4668117504873476
11,195,GSM275128,ABC,1,0.9493588858169373
11,197,GSM275130,ABC,1,0.9765360650913117
11,206,GSM275140,ABC,1,0.9007595967699599
11,208,GSM275142,ABC,1,0.3271072025488358
11,209,GSM275143,ABC,1,0.6070618184380185
11,214,GSM275149,GCB,0,0.49160502491493246
11,217,GSM275152,ABC,1,0.4557836146857772
11,226,GSM275162,ABC,1,0.8083732490997326
11,232,GSM275170,GCB,0,0.8922334657813404
11,233,GSM275172,ABC,1,0.9122373036145158
11,235,GSM275175,GCB,0,0.0023682152233695094
11,245,GSM275186,GCB,0,0.0653435611744116
11,247,GSM275188,ABC,1,0.9061819085908533
11,256,GSM275198,ABC,1,0.9065303700826567
11,257,GSM275199,ABC,1,0.9005411230295419
11,261,GSM275207,ABC,1,0.7839544698963294
11,263,GSM275209,GCB,0,0.7169073813911206
11,272,GSM275219,GCB,0,0.016229780951302623
11,275,GSM275222,GCB,0,0.2623742026091543
11,277,GSM275226,ABC,1,0.7612483348555038
11,281,GSM275230,GCB,0,0.23405915107726574
11,287,GSM275237,ABC,1,0.6601815706777133
11,290,GSM275241,ABC,1,0.8462965320255066
11,301,GSM275258,GCB,0,0.3539204847791015
11,312,GSM275270,GCB,0,0.372873290847719
11,318,GSM275276,GCB,0,0.06393032742691553
11,319,GSM275277,ABC,1,0.8509338257341859
11,324,GSM275282,GCB,0,0.0033920310667397316
11,331,GSM275289,ABC,1,0.9398594496105901
11,348,GSM275307,ABC,1,0.27054731439175667
12,1,GSM274896,GCB,0,0.17006099911242875
12,4,GSM274899,ABC,1,0.8151494362027185
12,7,GSM274902,ABC,1,0.17708938014978354
12,10,GSM274905,GCB,0,0.4482038828609771
12,12,GSM274907,GCB,0,0.13285815749144012
12,13,GSM274908,GCB,0,0.17300456545269494
12,23,GSM274919,ABC,1,0.6337049543061769
12,24,GSM274920,ABC,1,0.08705470964352328
12,29,GSM274925,GCB,0,0.34159448510240975
12,32,GSM274928,GCB,0,0.08115436920384454
12,34,GSM274930,GCB,0,0.05548857872448003
12,36,GSM274932,GCB,0,0.023532399645190293
12,37,GSM274933,ABC,1,0.5756555826631308
12,42,GSM274938,ABC,1,0.6856631817383205
12,45,GSM274941,ABC,1,0.6332588748659134
12,59,GSM274955,GCB,0,0.07803639282998855
12,71,GSM274967,ABC,1,0.20902710032353286
12,78,GSM274974,ABC,1,0.8682284946810026
12,84,GSM274980,ABC,1,0.8779941010883936
12,87,GSM274983,ABC,1,0.9704201161699096
12,89,GSM274985,ABC,1,0.6272438843890711
12,90,GSM274986,GCB,0,0.022216612440477422
12,98,GSM274994,GCB,0,0.28963369047550236
12,99,GSM274995,ABC,1,0.9651416764047793
12,104,GSM275000,GCB,0,0.013021188631664063
12,112,GSM275008,GCB,0,0.0023708977150502996
12,113,GSM275009,GCB,0,0.3923675730131217
12,114,GSM275010,ABC,1,0.702877941358143
12,119,GSM275015,ABC,1,0.16492131061957452
12,126,GSM275022,ABC,1,0.9823961854029023
12,131,GSM275028,ABC,1,0.728026911243137
12,133,GSM275030,GCB,0,0.031538972491260635
12,140,GSM275037,ABC,1,0.22705073243934978
12,144,GSM275041,GCB,0,0.05189246583904103
12,145,GSM275042,ABC,1,0.7234553784716461
12,151,GSM275077,GCB,0,0.6638296116310428
12,152,GSM275078,GCB,0,0.042959558988305134
12,163,GSM275090,ABC,1,0.9852525819966337
12,171,GSM275099,GCB,0,0.020567141752289114
12,175,GSM275104,GCB,0,0.16688257150341498
12,186,GSM275118,GCB,0,0.13862886395428875
12,190,GSM275122,ABC,1,0.8081441550797517
12,196,GSM275129,GCB,0,0.009310607967540017
12,199,GSM275133,GCB,0,0.7033764353255093
12,201,GSM275135,ABC,1,0.9951250568849638
12,205,GSM275139,ABC,1,0.9355250859820854
12,210,GSM275144,GCB,0,0.6171089006983564
12,212,GSM275147,GCB,0,0.31613070094316353
12,236,GSM275177,ABC,1,0.7773992763946903
12,250,GSM275192,ABC,1,0.6689011316093204
12,280,GSM275229,ABC,1,0.9974413515661643
12,284,GSM275234,GCB,0,0.016847386175164195
12,286,GSM275236,ABC,1,0.8248590595515447
12,289,GSM275240,ABC,1,0.9519046576686464
12,298,GSM275253,GCB,0,0.30533888026136224
12,306,GSM275264,GCB,0,0.26054116391385074
12,308,GSM275266,GCB,0,0.49027375738967477
12,310,GSM275268,ABC,1,0.9921441462283683
12,320,GSM275278,ABC,1,0.6766909982685075
12,321,GSM275279,ABC,1,0.9804726917988771
12,323,GSM275281,GCB,0,0.10372194944153879
12,326,GSM275284,GCB,0,0.030630822511515908
12,328,GSM275286,ABC,1,0.6199705780549063
12,329,GSM275287,GCB,0,0.42755433491393213
12,334,GSM275292,GCB,0,0.012740215682455048
12,337,GSM275295,GCB,0,0.004092112218250328
12,338,GSM275296,GCB,0,0.00903863516466963
12,344,GSM275303,GCB,0,0.08855106833885854
12,346,GSM275305,ABC,1,0.9113798404023422
12,347,GSM275306,GCB,0,0.0041740575033184955
13,0,GSM274895,GCB,0,0.08771357169416313
13,25,GSM274921,ABC,1,0.9686936208014085
13,38,GSM274934,ABC,1,0.31723000344371466
13,47,GSM274943,GCB,0,0.6869750028521157
13,50,GSM274946,GCB,0,0.6702109244106548
13,52,GSM274948,ABC,1,0.9985622133881308
13,56,GSM274952,GCB,0,0.5990581997637141
13,58,GSM274954,ABC,1,0.6398803631246296
13,61,GSM274957,ABC,1,0.9952664011187067
13,70,GSM274966,GCB,0,0.04695063144428242
13,73,GSM274969,GCB,0,0.5509494763990189
13,76,GSM274972,ABC,1,0.9682753337353964
13,85,GSM274981,ABC,1,0.9815149109389998
13,88,GSM274984,ABC,1,0.9698065356419555
13,92,GSM274988,ABC,1,0.8365298050169695
13,101,GSM274997,ABC,1,0.8720778444931803
13,102,GSM274998,ABC,1,0.8019690595816833
13,105,GSM275001,ABC,1,0.5335097056310313
13,106,GSM275002,ABC,1,0.9735330849613838
13,110,GSM275006,GCB,0,0.020629868320425283
13,116,GSM275012,GCB,0,0.8277696672187711
13,117,GSM275013,ABC,1,0.8978260491247392
13,120,GSM275016,GCB,0,0.5007521079066171
13,124,GSM275020,GCB,0,0.02553186573526294
13,128,GSM275025,ABC,1,0.9907545426070997
13,132,GSM275029,ABC,1,0.42113526623669983
13,136,GSM275033,GCB,0,0.5791427868886084
13,137,GSM275034,GCB,0,0.08071097938869685
13,142,GSM275039,ABC,1,0.9902692219750511
13,147,GSM275044,ABC,1,0.8226009062219953
13,155,GSM275082,GCB,0,0.741652099616148
13,168,GSM275095,GCB,0,0.40798688137155587
13,169,GSM275096,GCB,0,0.01154701027203651
13,176,GSM275106,GCB,0,0.11187397003398868
13,177,GSM275107,GCB,0,0.0018756767148489985
13,182,GSM275114,GCB,0,0.10923910961232176
13,198,GSM275132,ABC,1,0.9000232616465115
13,204,GSM275138,GCB,0,0.4090628064351241
13,213,GSM275148,GCB,0,0.041566414265315176
13,216,GSM275151,ABC,1,0.7333299904772344
13,221,GSM275156,GCB,0,0.37465830144914497
13,228,GSM275165,ABC,1,0.9475856469776794
13,231,GSM275169,ABC,1,0.9870874262798865
13,238,GSM275179,ABC,1,0.9669645937210014
13,239,GSM275180,GCB,0,0.002311448494065827
13,241,GSM275182,GCB,0,0.5166280277172389
13,249,GSM275190,GCB,0,0.07195628298554689
13,251,GSM275193,GCB,0,0.0022531105727807157
13,255,GSM275197,GCB,0,0.0016922125699631659
13,258,GSM275201,GCB,0,0.007842532182615231
13,268,GSM275215,GCB,0,0.6052257636629158
13,274,GSM275221,ABC,1,0.911561664593351
13,283,GSM275233,GCB,0,0.2527042818475173
13,288,GSM275238,ABC,1,0.8821464916424314
13,291,GSM275242,ABC,1,0.8315769805886433
13,294,GSM275248,GCB,0,0.4706305698259689
13,295,GSM275249,ABC,1,0.9592372104512186
13,296,GSM275250,GCB,0,0.014395703375225314
13,297,GSM275251,GCB,0,0.008620488866250572
13,300,GSM275256,ABC,1,0.9568724957083897
13,304,GSM275261,ABC,1,0.9204436834659641
13,309,GSM275267,ABC,1,0.2753423875416572
13,313,GSM275271,ABC,1,0.28712926376974224
13,315,GSM275273,GCB,0,0.00010026517251649046
13,322,GSM275280,GCB,0,0.07675529439668279
13,325,GSM275283,GCB,0,0.09315530631955088
13,335,GSM275293,ABC,1,0.5303212106406431
13,336,GSM275294,GCB,0,0.131843287169788
13,341,GSM275299,ABC,1,0.22652344822185314
13,343,GSM275302,GCB,0,0.4937340224396836
14,9,GSM274904,GCB,0,0.353067165363747
14,15,GSM274910,GCB,0,0.02739682676617901
14,17,GSM274912,GCB,0,0.4623257499051641
14,21,GSM274917,ABC,1,0.9252783772757157
14,28,GSM274924,ABC,1,0.707585749446134
14,31,GSM274927,GCB,0,0.05928952240979582
14,35,GSM274931,GCB,0,0.08742061949420088
14,40,GSM274936,GCB,0,0.020943176669062178
14,41,GSM274937,GCB,0,0.01612547705014314
14,43,GSM274939,GCB,0,0.14128986945205074
14,49,GSM274945,ABC,1,0.9557491229583678
14,54,GSM274950,ABC,1,0.9129121770848286
14,57,GSM274953,ABC,1,0.9914568914723303
14,60,GSM274956,GCB,0,0.10470437918977436
14,65,GSM274961,GCB,0,0.0713351843109122
14,69,GSM274965,GCB,0,0.040580076689735754
14,72,GSM274968,ABC,1,0.8718035477325186
14,81,GSM274977,GCB,0,0.2272955064194616
14,82,GSM274978,ABC,1,0.23566156979021954
14,83,GSM274979,ABC,1,0.8293603881038966
14,86,GSM274982,GCB,0,0.2869829329590697
14,93,GSM274989,GCB,0,0.06357622756584376
14,96,GSM274992,GCB,0,0.12333678937931342
14,100,GSM274996,ABC,1,0.9763204430975257
14,103,GSM274999,ABC,1,0.15911049550825515
14,123,GSM275019,GCB,0,0.02981515859740017
14,125,GSM275021,ABC,1,0.9802630502208464
14,130,GSM275027,ABC,1,0.9131547440018404
14,143,GSM275040,GCB,0,0.025499402017496627
14,146,GSM275043,GCB,0,0.7025511709422397
14,149,GSM275046,GCB,0,0.018929509918591405
14,150,GSM275076,ABC,1,0.9664981769103229
14,153,GSM275080,ABC,1,0.99036564471623
14,154,GSM275081,GCB,0,0.3094512123652812
14,157,GSM275084,GCB,0,0.019727175889937127
14,159,GSM275086,ABC,1,0.9967050746048864
14,162,GSM275089,GCB,0,0.09846862830288511
14,166,GSM275093,ABC,1,0.8850041246765117
14,174,GSM275103,GCB,0,0.0007370730298878399
14,178,GSM275108,GCB,0,0.003720302487624145
14,181,GSM275113,GCB,0,0.004640795185261233
14,183,GSM275115,ABC,1,0.04973621939788861
14,184,GSM275116,ABC,1,0.9931796530367331
14,187,GSM275119,ABC,1,0.9488278017048194
14,194,GSM275127,GCB,0,0.0004599515203207916
14,207,GSM275141,ABC,1,0.888487694361328
14,211,GSM275146,GCB,0,0.5227225349660121
14,222,GSM275158,GCB,0,0.06007732716850097
14,223,GSM275159,ABC,1,0.6333747627695278
14,224,GSM275160,ABC,1,0.9703005641987805
14,225,GSM275161,ABC,1,0.9828942906550628
14,240,GSM275181,ABC,1,0.9989573171564933
14,243,GSM275184,GCB,0,0.2530588878618417
14,244,GSM275185,ABC,1,0.9033927943784752
14,248,GSM275189,ABC,1,0.6057057263499392
14,253,GSM275195,ABC,1,0.9710765062695169
14,259,GSM275203,ABC,1,0.9939648364623977
14,262,GSM275208,GCB,0,0.14286511412051267
14,267,GSM275214,GCB,0,0.025310169156386654
14,269,GSM275216,ABC,1,0.9925352137334275
14,270,GSM275217,ABC,1,0.8180655703412133
14,279,GSM275228,GCB,0,0.10921041542351163
14,285,GSM275235,ABC,1,0.9905056840222173
14,292,GSM275243,GCB,0,0.05651226682896253
14,293,GSM275247,ABC,1,0.3617942242962113
14,307,GSM275265,GCB,0,0.4452521124173685
14,317,GSM275275,ABC,1,0.9738052225372811
14,330,GSM275288,GCB,0,0.009455988060243992
14,340,GSM275298,GCB,0,0.04093391037512199
14,342,GSM275300,ABC,1,0.6870757074122704
15,3,GSM274898,ABC,1,0.9508217902320945
15,5,GSM274900,ABC,1,0.7519525179088024
15,14,GSM274909,GCB,0,0.012715843177430054
15,18,GSM274914,ABC,1,0.9908114139304227
15,27,GSM274923,ABC,1,0.8026485778355061
15,48,GSM274944,GCB,0,0.869401902945414
15,63,GSM274959,GCB,0,0.08098731168047657
15,64,GSM274960,ABC,1,0.9775152038609419
15,66,GSM274962,GCB,0,0.08955969750687409
15,68,GSM274964,ABC,1,0.9843536988753921
15,74,GSM274970,ABC,1,0.9468224501568377
15,79,GSM274975,ABC,1,0.9957443306737637
15,97,GSM274993,GCB,0,0.3248394391469434
15,107,GSM275003,ABC,1,0.036738130381322946
15,108,GSM275004,GCB,0,0.7122087755746311
15,121,GSM275017,ABC,1,0.7134357629682598
15,127,GSM275024,ABC,1,0.7307028907663181
15,134,GSM275031,ABC,1,0.4323802419881969
15,135,GSM275032,ABC,1,0.9546173204021201
15,141,GSM275038,GCB,0,0.48095920247947327
15,148,GSM275045,ABC,1,0.9548730482535277
15,156,GSM275083,GCB,0,0.04250980536685638
15,158,GSM275085,GCB,0,0.3607652074720424
15,164,GSM275091,ABC,1,0.32742879784815304
15,167,GSM275094,GCB,0,0.009141200541320251
15,172,GSM275100,ABC,1,0.9593076710234293
15,179,GSM275109,ABC,1,0.15407256360476276
15,180,GSM275112,ABC,1,0.8055621858173597
15,185,GSM275117,GCB,0,0.012301189562960706
15,188,GSM275120,ABC,1,0.9677541952513309
15,192,GSM275125,ABC,1,0.6441846467605812
15,193,GSM275126,GCB,0,0.07739717524436467
15,200,GSM275134,GCB,0,0.009711767738436582
15,202,GSM275136,ABC,1,0.992096677065358
15,203,GSM275137,GCB,0,0.32175177577096126
15,215,GSM275150,ABC,1,0.22112605410740327
15,218,GSM275153,GCB,0,0.004602080081889034
15,219,GSM275154,GCB,0,0.9308425148296967
15,220,GSM275155,ABC,1,0.9719078729344434
15,227,GSM275164,GCB,0,0.004603245028449142
15,229,GSM275166,GCB,0,0.006627675296236571
15,230,GSM275167,GCB,0,0.0075300738113878735
15,234,GSM275174,ABC,1,0.7224782433206439
15,237,GSM275178,GCB,0,0.03800993671681784
15,242,GSM275183,ABC,1,0.24274921901594473
15,246,GSM275187,GCB,0,0.02017257740148004
15,252,GSM275194,GCB,0,0.10385025553116387
15,254,GSM275196,ABC,1,0.21109195219376783
15,260,GSM275206,ABC,1,0.8684564464703226
15,264,GSM275211,GCB,0,0.21493331669910054
15,265,GSM275212,GCB,0,0.06272858636031073
15,266,GSM275213,GCB,0,0.5408251795621859
15,271,GSM275218,GCB,0,0.007111904327062514
15,273,GSM275220,GCB,0,0.46266699887611196
15,276,GSM275224,GCB,0,0.1400999409200691
15,278,GSM275227,GCB,0,0.0021120673103311007
15,282,GSM275232,GCB,0,0.035890253156943254
15,299,GSM275255,GCB,0,0.21306321352548974
15,302,GSM275259,GCB,0,0.17622921864192623
15,303,GSM275260,GCB,0,0.06437471047966445
15,305,GSM275263,GCB,0,0.021758815758372848
15,311,GSM275269,ABC,1,0.3503879512961919
15,314,GSM275272,ABC,1,0.9929177026100108
15,316,GSM275274,ABC,1,0.88128378316517
15,327,GSM275285,GCB,0,0.01635952202143194
15,332,GSM275290,ABC,1,0.980783503932429
15,333,GSM275291,ABC,1,0.644292190996772
15,339,GSM275297,ABC,1,0.9835473058243442
15,345,GSM275304,ABC,1,0.34357201773684887
15,349,GSM275308,GCB,0,0.027050516036568044
